player_name,player_status,team_name,game_id
Shai Gilgeous-Alexander,Starter,OKC,202501290GSW
Luguentz Dort,Starter,OKC,202501290GSW
Jalen Williams,Starter,OKC,202501290GSW
Isaiah Hartenstein,Starter,OKC,202501290GSW
Cason Wallace,Starter,OKC,202501290GSW
Isaiah Joe,Reserves,OKC,202501290GSW
Jaylin Williams,Reserves,OKC,202501290GSW
Aaron Wiggins,Reserves,OKC,202501290GSW
Kenrich Williams,Reserves,OKC,202501290GSW
Ousmane Dieng,Reserves,OKC,202501290GSW
Alex Caruso,Reserves,OKC,202501290GSW
Branden Carlson,Reserves: Did Not Play,OKC,202501290GSW
Alex Ducas,Reserves: Did Not Play,OKC,202501290GSW
Adam Flagler,Reserves: Did Not Play,OKC,202501290GSW
Andrew Wiggins,Starter,GSW,202501290GSW
Stephen Curry,Starter,GSW,202501290GSW
Gary Payton II,Starter,GSW,202501290GSW
Buddy Hield,Starter,GSW,202501290GSW
Quinten Post,Starter,GSW,202501290GSW
Dennis Schröder,Reserves,GSW,202501290GSW
Kevon Looney,Reserves,GSW,202501290GSW
Gui Santos,Reserves,GSW,202501290GSW
Brandin Podziemski,Reserves,GSW,202501290GSW
Moses Moody,Reserves,GSW,202501290GSW
Kyle Anderson,Reserves,GSW,202501290GSW
Trayce Jackson-Davis,Reserves: Did Not Play,GSW,202501290GSW
Lindy Waters III,Reserves: Did Not Play,GSW,202501290GSW
Collin Sexton,Starter,UTA,202501280GSW
Isaiah Collier,Starter,UTA,202501280GSW
Micah Potter,Starter,UTA,202501280GSW
Brice Sensabaugh,Starter,UTA,202501280GSW
Drew Eubanks,Starter,UTA,202501280GSW
Keyonte George,Reserves,UTA,202501280GSW
Svi Mykhailiuk,Reserves,UTA,202501280GSW
Kyle Filipowski,Reserves,UTA,202501280GSW
Patty Mills,Reserves,UTA,202501280GSW
Elijah Harkless,Reserves,UTA,202501280GSW
Johnny Juzang,Reserves: Did Not Dress,UTA,202501280GSW
Oscar Tshiebwe,Reserves: Did Not Play,UTA,202501280GSW
Dennis Schröder,Starter,GSW,202501280GSW
Andrew Wiggins,Starter,GSW,202501280GSW
Moses Moody,Starter,GSW,202501280GSW
Buddy Hield,Starter,GSW,202501280GSW
Trayce Jackson-Davis,Starter,GSW,202501280GSW
Brandin Podziemski,Reserves,GSW,202501280GSW
Kevon Looney,Reserves,GSW,202501280GSW
Gui Santos,Reserves,GSW,202501280GSW
Quinten Post,Reserves,GSW,202501280GSW
Kyle Anderson,Reserves,GSW,202501280GSW
Gary Payton II,Reserves,GSW,202501280GSW
Stephen Curry,Reserves: Did Not Dress,GSW,202501280GSW
Pat Spencer,Reserves: Did Not Play,GSW,202501280GSW
Lindy Waters III,Reserves: Did Not Play,GSW,202501280GSW
Jonathan Kuminga,Starter,GSW,202412110HOU
Buddy Hield,Starter,GSW,202412110HOU
Stephen Curry,Starter,GSW,202412110HOU
Draymond Green,Starter,GSW,202412110HOU
Gary Payton II,Starter,GSW,202412110HOU
Brandin Podziemski,Reserves,GSW,202412110HOU
Lindy Waters III,Reserves,GSW,202412110HOU
Trayce Jackson-Davis,Reserves,GSW,202412110HOU
Kevon Looney,Reserves,GSW,202412110HOU
Kyle Anderson,Reserves,GSW,202412110HOU
Pat Spencer,Reserves,GSW,202412110HOU
Gui Santos,Reserves: Did Not Play,GSW,202412110HOU
Jabari Smith Jr.,Starter,HOU,202412110HOU
Dillon Brooks,Starter,HOU,202412110HOU
Fred VanVleet,Starter,HOU,202412110HOU
Alperen Şengün,Starter,HOU,202412110HOU
Jalen Green,Starter,HOU,202412110HOU
Amen Thompson,Reserves,HOU,202412110HOU
Tari Eason,Reserves,HOU,202412110HOU
Aaron Holiday,Reserves,HOU,202412110HOU
Steven Adams,Reserves: Did Not Play,HOU,202412110HOU
Jeff Green,Reserves: Did Not Play,HOU,202412110HOU
Jock Landale,Reserves: Did Not Play,HOU,202412110HOU
Reed Sheppard,Reserves: Did Not Play,HOU,202412110HOU
Jae'Sean Tate,Reserves: Did Not Play,HOU,202412110HOU
Cam Whitmore,Reserves: Did Not Play,HOU,202412110HOU
Jeenathan Williams,Reserves: Did Not Play,HOU,202412110HOU
Jordan Poole,Starter,WAS,202412210MIL
Bilal Coulibaly,Starter,WAS,202412210MIL
Alex Sarr,Starter,WAS,202412210MIL
Malcolm Brogdon,Starter,WAS,202412210MIL
Justin Champagnie,Starter,WAS,202412210MIL
Carlton Carrington,Reserves,WAS,202412210MIL
Corey Kispert,Reserves,WAS,202412210MIL
Kyshawn George,Reserves,WAS,202412210MIL
Jonas Valančiūnas,Reserves,WAS,202412210MIL
Marvin Bagley III,Reserves: Did Not Play,WAS,202412210MIL
Patrick Baldwin Jr.,Reserves: Did Not Play,WAS,202412210MIL
Jared Butler,Reserves: Did Not Play,WAS,202412210MIL
Johnny Davis,Reserves: Did Not Play,WAS,202412210MIL
Anthony Gill,Reserves: Did Not Play,WAS,202412210MIL
Richaun Holmes,Reserves: Did Not Play,WAS,202412210MIL
Bobby Portis,Starter,MIL,202412210MIL
Brook Lopez,Starter,MIL,202412210MIL
Ryan Rollins,Starter,MIL,202412210MIL
Khris Middleton,Starter,MIL,202412210MIL
Andre Jackson Jr.,Starter,MIL,202412210MIL
A.J. Green,Reserves,MIL,202412210MIL
Gary Trent Jr.,Reserves,MIL,202412210MIL
Taurean Prince,Reserves,MIL,202412210MIL
Delon Wright,Reserves,MIL,202412210MIL
MarJon Beauchamp,Reserves,MIL,202412210MIL
Pat Connaughton,Reserves: Did Not Play,MIL,202412210MIL
Liam Robbins,Reserves: Did Not Play,MIL,202412210MIL
Stanley Umude,Reserves: Did Not Play,MIL,202412210MIL
Donovan Mitchell,Starter,CLE,202501220HOU
Darius Garland,Starter,CLE,202501220HOU
Jarrett Allen,Starter,CLE,202501220HOU
Dean Wade,Starter,CLE,202501220HOU
Max Strus,Starter,CLE,202501220HOU
Ty Jerome,Reserves,CLE,202501220HOU
Sam Merrill,Reserves,CLE,202501220HOU
Georges Niang,Reserves,CLE,202501220HOU
Tristan Thompson,Reserves,CLE,202501220HOU
Jaylon Tyson,Reserves,CLE,202501220HOU
Emoni Bates,Reserves: Did Not Play,CLE,202501220HOU
Craig Porter Jr.,Reserves: Did Not Play,CLE,202501220HOU
Fred VanVleet,Starter,HOU,202501220HOU
Amen Thompson,Starter,HOU,202501220HOU
Jalen Green,Starter,HOU,202501220HOU
Dillon Brooks,Starter,HOU,202501220HOU
Alperen Şengün,Starter,HOU,202501220HOU
Cam Whitmore,Reserves,HOU,202501220HOU
Tari Eason,Reserves,HOU,202501220HOU
Steven Adams,Reserves,HOU,202501220HOU
Jae'Sean Tate,Reserves,HOU,202501220HOU
Jeff Green,Reserves: Did Not Play,HOU,202501220HOU
Aaron Holiday,Reserves: Did Not Play,HOU,202501220HOU
Jock Landale,Reserves: Did Not Play,HOU,202501220HOU
Reed Sheppard,Reserves: Did Not Play,HOU,202501220HOU
Jabari Smith Jr.,Reserves: Did Not Dress,HOU,202501220HOU
Jeenathan Williams,Reserves: Did Not Play,HOU,202501220HOU
Devin Booker,Starter,PHO,202501070CHO
Kevin Durant,Starter,PHO,202501070CHO
Ryan Dunn,Starter,PHO,202501070CHO
Tyus Jones,Starter,PHO,202501070CHO
Mason Plumlee,Starter,PHO,202501070CHO
Bradley Beal,Reserves,PHO,202501070CHO
Grayson Allen,Reserves,PHO,202501070CHO
Jusuf Nurkić,Reserves,PHO,202501070CHO
Monte Morris,Reserves,PHO,202501070CHO
Oso Ighodaro,Reserves,PHO,202501070CHO
Josh Okogie,Reserves,PHO,202501070CHO
Bol Bol,Reserves: Did Not Play,PHO,202501070CHO
Damion Lee,Reserves: Did Not Play,PHO,202501070CHO
Miles Bridges,Starter,CHO,202501070CHO
LaMelo Ball,Starter,CHO,202501070CHO
Brandon Miller,Starter,CHO,202501070CHO
Mark Williams,Starter,CHO,202501070CHO
Josh Green,Starter,CHO,202501070CHO
Cody Martin,Reserves,CHO,202501070CHO
Nick Richards,Reserves,CHO,202501070CHO
Nick Smith Jr.,Reserves,CHO,202501070CHO
Vasilije Micić,Reserves,CHO,202501070CHO
Tidjane Salaün,Reserves,CHO,202501070CHO
Seth Curry,Reserves: Did Not Play,CHO,202501070CHO
Taj Gibson,Reserves: Did Not Play,CHO,202501070CHO
DaQuan Jeffries,Reserves: Did Not Play,CHO,202501070CHO
KJ Simpson,Reserves: Did Not Play,CHO,202501070CHO
Darius Garland,Starter,CLE,202412080MIA
Donovan Mitchell,Starter,CLE,202412080MIA
Dean Wade,Starter,CLE,202412080MIA
Jarrett Allen,Starter,CLE,202412080MIA
Evan Mobley,Starter,CLE,202412080MIA
Georges Niang,Reserves,CLE,202412080MIA
Caris LeVert,Reserves,CLE,202412080MIA
Ty Jerome,Reserves,CLE,202412080MIA
Sam Merrill,Reserves,CLE,202412080MIA
JT Thor,Reserves,CLE,202412080MIA
Luke Travers,Reserves,CLE,202412080MIA
Jaylon Tyson,Reserves,CLE,202412080MIA
Tristan Thompson,Reserves: Did Not Play,CLE,202412080MIA
Bam Adebayo,Starter,MIA,202412080MIA
Tyler Herro,Starter,MIA,202412080MIA
Jimmy Butler,Starter,MIA,202412080MIA
Duncan Robinson,Starter,MIA,202412080MIA
Haywood Highsmith,Starter,MIA,202412080MIA
Terry Rozier,Reserves,MIA,202412080MIA
Dru Smith,Reserves,MIA,202412080MIA
Jaime Jaquez Jr.,Reserves,MIA,202412080MIA
Thomas Bryant,Reserves,MIA,202412080MIA
Kevin Love,Reserves,MIA,202412080MIA
Alec Burks,Reserves: Did Not Play,MIA,202412080MIA
Keshad Johnson,Reserves: Did Not Play,MIA,202412080MIA
Nikola Jović,Reserves: Did Not Play,MIA,202412080MIA
Pelle Larsson,Reserves: Did Not Dress,MIA,202412080MIA
Josh Richardson,Reserves: Did Not Play,MIA,202412080MIA
Nic Claxton,Starter,BRK,202501120UTA
Noah Clowney,Starter,BRK,202501120UTA
Ziaire Williams,Starter,BRK,202501120UTA
Ben Simmons,Starter,BRK,202501120UTA
Keon Johnson,Starter,BRK,202501120UTA
Tyrese Martin,Reserves,BRK,202501120UTA
Jalen Wilson,Reserves,BRK,202501120UTA
Tosan Evbuomwan,Reserves,BRK,202501120UTA
Day'Ron Sharpe,Reserves,BRK,202501120UTA
Reece Beekman,Reserves,BRK,202501120UTA
Cameron Johnson,Reserves: Did Not Dress,BRK,202501120UTA
Dariq Whitehead,Reserves: Did Not Play,BRK,202501120UTA
Collin Sexton,Starter,UTA,202501120UTA
Cody Williams,Starter,UTA,202501120UTA
Isaiah Collier,Starter,UTA,202501120UTA
Drew Eubanks,Starter,UTA,202501120UTA
Micah Potter,Starter,UTA,202501120UTA
Brice Sensabaugh,Reserves,UTA,202501120UTA
Kyle Filipowski,Reserves,UTA,202501120UTA
Elijah Harkless,Reserves,UTA,202501120UTA
Oscar Tshiebwe,Reserves,UTA,202501120UTA
Svi Mykhailiuk,Reserves,UTA,202501120UTA
Walker Kessler,Reserves: Did Not Dress,UTA,202501120UTA
Patty Mills,Reserves: Did Not Play,UTA,202501120UTA
Norman Powell,Starter,LAC,202501290SAS
James Harden,Starter,LAC,202501290SAS
Ivica Zubac,Starter,LAC,202501290SAS
Derrick Jones Jr.,Starter,LAC,202501290SAS
Kawhi Leonard,Starter,LAC,202501290SAS
Amir Coffey,Reserves,LAC,202501290SAS
Kevin Porter Jr.,Reserves,LAC,202501290SAS
Nicolas Batum,Reserves,LAC,202501290SAS
Terance Mann,Reserves,LAC,202501290SAS
Kobe Brown,Reserves,LAC,202501290SAS
Jordan Miller,Reserves,LAC,202501290SAS
Mo Bamba,Reserves: Did Not Play,LAC,202501290SAS
Bones Hyland,Reserves: Did Not Play,LAC,202501290SAS
Victor Wembanyama,Starter,SAS,202501290SAS
Stephon Castle,Starter,SAS,202501290SAS
Devin Vassell,Starter,SAS,202501290SAS
Harrison Barnes,Starter,SAS,202501290SAS
Chris Paul,Starter,SAS,202501290SAS
Jeremy Sochan,Reserves,SAS,202501290SAS
Keldon Johnson,Reserves,SAS,202501290SAS
Julian Champagnie,Reserves,SAS,202501290SAS
Tre Jones,Reserves,SAS,202501290SAS
Sandro Mamukelashvili,Reserves,SAS,202501290SAS
Charles Bassey,Reserves: Did Not Play,SAS,202501290SAS
Malaki Branham,Reserves: Did Not Play,SAS,202501290SAS
Zach Collins,Reserves: Did Not Play,SAS,202501290SAS
Blake Wesley,Reserves: Did Not Play,SAS,202501290SAS
P.J. Washington,Starter,DAL,202501230OKC
Kyrie Irving,Starter,DAL,202501230OKC
Spencer Dinwiddie,Starter,DAL,202501230OKC
Daniel Gafford,Starter,DAL,202501230OKC
Kessler Edwards,Starter,DAL,202501230OKC
Quentin Grimes,Reserves,DAL,202501230OKC
Olivier-Maxence Prosper,Reserves,DAL,202501230OKC
Maxi Kleber,Reserves,DAL,202501230OKC
Brandon Williams,Reserves,DAL,202501230OKC
Markieff Morris,Reserves,DAL,202501230OKC
Jazian Gortman,Reserves: Did Not Play,DAL,202501230OKC
Jaden Hardy,Reserves: Did Not Dress,DAL,202501230OKC
Jalen Williams,Starter,OKC,202501230OKC
Shai Gilgeous-Alexander,Starter,OKC,202501230OKC
Cason Wallace,Starter,OKC,202501230OKC
Jaylin Williams,Starter,OKC,202501230OKC
Luguentz Dort,Starter,OKC,202501230OKC
Aaron Wiggins,Reserves,OKC,202501230OKC
Alex Caruso,Reserves,OKC,202501230OKC
Kenrich Williams,Reserves,OKC,202501230OKC
Dillon Jones,Reserves,OKC,202501230OKC
Branden Carlson,Reserves,OKC,202501230OKC
Alex Ducas,Reserves: Did Not Play,OKC,202501230OKC
Adam Flagler,Reserves: Did Not Play,OKC,202501230OKC
Keyonte George,Starter,UTA,202501220OKC
Collin Sexton,Starter,UTA,202501220OKC
Walker Kessler,Starter,UTA,202501220OKC
Lauri Markkanen,Starter,UTA,202501220OKC
John Collins,Starter,UTA,202501220OKC
Isaiah Collier,Reserves,UTA,202501220OKC
Elijah Harkless,Reserves,UTA,202501220OKC
Drew Eubanks,Reserves,UTA,202501220OKC
Svi Mykhailiuk,Reserves,UTA,202501220OKC
Kyle Filipowski,Reserves,UTA,202501220OKC
Patty Mills,Reserves: Did Not Play,UTA,202501220OKC
Oscar Tshiebwe,Reserves: Did Not Play,UTA,202501220OKC
Shai Gilgeous-Alexander,Starter,OKC,202501220OKC
Jalen Williams,Starter,OKC,202501220OKC
Luguentz Dort,Starter,OKC,202501220OKC
Aaron Wiggins,Starter,OKC,202501220OKC
Jaylin Williams,Starter,OKC,202501220OKC
Cason Wallace,Reserves,OKC,202501220OKC
Alex Caruso,Reserves,OKC,202501220OKC
Kenrich Williams,Reserves,OKC,202501220OKC
Branden Carlson,Reserves,OKC,202501220OKC
Ousmane Dieng,Reserves,OKC,202501220OKC
Adam Flagler,Reserves,OKC,202501220OKC
Alex Ducas,Reserves: Did Not Play,OKC,202501220OKC
Dillon Jones,Reserves: Did Not Play,OKC,202501220OKC
Kyrie Irving,Starter,DAL,202412100OKC
Luka Dončić,Starter,DAL,202412100OKC
Dereck Lively II,Starter,DAL,202412100OKC
Klay Thompson,Starter,DAL,202412100OKC
Quentin Grimes,Starter,DAL,202412100OKC
Naji Marshall,Reserves,DAL,202412100OKC
Spencer Dinwiddie,Reserves,DAL,202412100OKC
Daniel Gafford,Reserves,DAL,202412100OKC
Olivier-Maxence Prosper,Reserves,DAL,202412100OKC
Kessler Edwards,Reserves,DAL,202412100OKC
Jazian Gortman,Reserves,DAL,202412100OKC
Dwight Powell,Reserves,DAL,202412100OKC
Markieff Morris,Reserves: Did Not Play,DAL,202412100OKC
Shai Gilgeous-Alexander,Starter,OKC,202412100OKC
Jalen Williams,Starter,OKC,202412100OKC
Luguentz Dort,Starter,OKC,202412100OKC
Cason Wallace,Starter,OKC,202412100OKC
Isaiah Hartenstein,Starter,OKC,202412100OKC
Alex Caruso,Reserves,OKC,202412100OKC
Kenrich Williams,Reserves,OKC,202412100OKC
Isaiah Joe,Reserves,OKC,202412100OKC
Ajay Mitchell,Reserves,OKC,202412100OKC
Aaron Wiggins,Reserves,OKC,202412100OKC
Branden Carlson,Reserves,OKC,202412100OKC
Dillon Jones,Reserves,OKC,202412100OKC
Anthony Edwards,Starter,MIN,202501040DET
Julius Randle,Starter,MIN,202501040DET
Rudy Gobert,Starter,MIN,202501040DET
Jaden McDaniels,Starter,MIN,202501040DET
Mike Conley,Starter,MIN,202501040DET
Nickeil Alexander-Walker,Reserves,MIN,202501040DET
Donte DiVincenzo,Reserves,MIN,202501040DET
Naz Reid,Reserves,MIN,202501040DET
Joe Ingles,Reserves: Did Not Play,MIN,202501040DET
Leonard Miller,Reserves: Did Not Play,MIN,202501040DET
Tristen Newton,Reserves: Did Not Play,MIN,202501040DET
Terrence Shannon Jr. ,Reserves: Did Not Play,MIN,202501040DET
Cade Cunningham,Starter,DET,202501040DET
Tobias Harris,Starter,DET,202501040DET
Tim Hardaway Jr.,Starter,DET,202501040DET
Ausar Thompson,Starter,DET,202501040DET
Jalen Duren,Starter,DET,202501040DET
Malik Beasley,Reserves,DET,202501040DET
Isaiah Stewart,Reserves,DET,202501040DET
Ron Holland,Reserves,DET,202501040DET
Marcus Sasser,Reserves,DET,202501040DET
Daniss Jenkins,Reserves: Did Not Play,DET,202501040DET
Wendell Moore Jr.,Reserves: Did Not Play,DET,202501040DET
Paul Reed,Reserves: Did Not Play,DET,202501040DET
Collin Sexton,Starter,UTA,202501040MIA
John Collins,Starter,UTA,202501040MIA
Lauri Markkanen,Starter,UTA,202501040MIA
Keyonte George,Starter,UTA,202501040MIA
Walker Kessler,Starter,UTA,202501040MIA
Brice Sensabaugh,Reserves,UTA,202501040MIA
Isaiah Collier,Reserves,UTA,202501040MIA
Kyle Filipowski,Reserves,UTA,202501040MIA
Johnny Juzang,Reserves,UTA,202501040MIA
Micah Potter,Reserves,UTA,202501040MIA
Jordan Clarkson,Reserves,UTA,202501040MIA
Drew Eubanks,Reserves: Did Not Play,UTA,202501040MIA
Patty Mills,Reserves: Did Not Play,UTA,202501040MIA
Svi Mykhailiuk,Reserves: Did Not Play,UTA,202501040MIA
Tyler Herro,Starter,MIA,202501040MIA
Bam Adebayo,Starter,MIA,202501040MIA
Nikola Jović,Starter,MIA,202501040MIA
Terry Rozier,Starter,MIA,202501040MIA
Haywood Highsmith,Starter,MIA,202501040MIA
Jaime Jaquez Jr.,Reserves,MIA,202501040MIA
Kel'el Ware,Reserves,MIA,202501040MIA
Duncan Robinson,Reserves,MIA,202501040MIA
Keshad Johnson,Reserves,MIA,202501040MIA
Josh Christopher,Reserves,MIA,202501040MIA
Pelle Larsson,Reserves,MIA,202501040MIA
Alec Burks,Reserves,MIA,202501040MIA
Jimmy Butler,Reserves,MIA,202501040MIA
Kevin Love,Reserves: Did Not Play,MIA,202501040MIA
Josh Richardson,Reserves: Did Not Dress,MIA,202501040MIA
Kyrie Irving,Starter,DAL,202412280POR
Spencer Dinwiddie,Starter,DAL,202412280POR
Klay Thompson,Starter,DAL,202412280POR
Maxi Kleber,Starter,DAL,202412280POR
Daniel Gafford,Starter,DAL,202412280POR
Quentin Grimes,Reserves,DAL,202412280POR
Jaden Hardy,Reserves,DAL,202412280POR
Olivier-Maxence Prosper,Reserves,DAL,202412280POR
Dwight Powell,Reserves,DAL,202412280POR
Jazian Gortman,Reserves,DAL,202412280POR
Kessler Edwards,Reserves,DAL,202412280POR
Naji Marshall,Reserves: Did Not Dress,DAL,202412280POR
Markieff Morris,Reserves: Did Not Play,DAL,202412280POR
P.J. Washington,Reserves: Did Not Dress,DAL,202412280POR
Brandon Williams,Reserves: Did Not Play,DAL,202412280POR
Jerami Grant,Starter,POR,202412280POR
Anfernee Simons,Starter,POR,202412280POR
Shaedon Sharpe,Starter,POR,202412280POR
Deandre Ayton,Starter,POR,202412280POR
Deni Avdija,Starter,POR,202412280POR
Scoot Henderson,Reserves,POR,202412280POR
Donovan Clingan,Reserves,POR,202412280POR
Kris Murray,Reserves,POR,202412280POR
Rayan Rupert,Reserves,POR,202412280POR
Dalano Banton,Reserves: Did Not Dress,POR,202412280POR
Toumani Camara,Reserves: Did Not Dress,POR,202412280POR
Bryce McGowens,Reserves: Did Not Play,POR,202412280POR
Justin Minaya,Reserves: Did Not Play,POR,202412280POR
Duop Reath,Reserves: Did Not Play,POR,202412280POR
Jabari Walker,Reserves: Did Not Play,POR,202412280POR
Rui Hachimura,Starter,LAL,202412250GSW
LeBron James,Starter,LAL,202412250GSW
Austin Reaves,Starter,LAL,202412250GSW
Max Christie,Starter,LAL,202412250GSW
Anthony Davis,Starter,LAL,202412250GSW
Gabe Vincent,Reserves,LAL,202412250GSW
Dalton Knecht,Reserves,LAL,202412250GSW
Cam Reddish,Reserves,LAL,202412250GSW
Christian Koloko,Reserves,LAL,202412250GSW
Armel Traoré,Reserves: Did Not Play,LAL,202412250GSW
Bronny James,Reserves: Did Not Play,LAL,202412250GSW
Maxwell Lewis,Reserves: Did Not Play,LAL,202412250GSW
Quincy Olivari,Reserves: Did Not Play,LAL,202412250GSW
D'Angelo Russell,Reserves: Did Not Dress,LAL,202412250GSW
Stephen Curry,Starter,GSW,202412250GSW
Andrew Wiggins,Starter,GSW,202412250GSW
Draymond Green,Starter,GSW,202412250GSW
Dennis Schröder,Starter,GSW,202412250GSW
Trayce Jackson-Davis,Starter,GSW,202412250GSW
Jonathan Kuminga,Reserves,GSW,202412250GSW
Brandin Podziemski,Reserves,GSW,202412250GSW
Buddy Hield,Reserves,GSW,202412250GSW
Gary Payton II,Reserves,GSW,202412250GSW
Kevon Looney,Reserves,GSW,202412250GSW
Kyle Anderson,Reserves: Did Not Play,GSW,202412250GSW
Moses Moody,Reserves: Did Not Play,GSW,202412250GSW
Quinten Post,Reserves: Did Not Play,GSW,202412250GSW
Gui Santos,Reserves: Did Not Play,GSW,202412250GSW
Lindy Waters III,Reserves: Did Not Play,GSW,202412250GSW
Devin Booker,Starter,PHO,202501220BRK
Kevin Durant,Starter,PHO,202501220BRK
Tyus Jones,Starter,PHO,202501220BRK
Ryan Dunn,Starter,PHO,202501220BRK
Nick Richards,Starter,PHO,202501220BRK
Grayson Allen,Reserves,PHO,202501220BRK
Royce O'Neale,Reserves,PHO,202501220BRK
Monte Morris,Reserves,PHO,202501220BRK
Mason Plumlee,Reserves,PHO,202501220BRK
Oso Ighodaro,Reserves,PHO,202501220BRK
Damion Lee,Reserves,PHO,202501220BRK
Bol Bol,Reserves,PHO,202501220BRK
Collin Gillespie,Reserves,PHO,202501220BRK
Noah Clowney,Starter,BRK,202501220BRK
Jalen Wilson,Starter,BRK,202501220BRK
Tyrese Martin,Starter,BRK,202501220BRK
Keon Johnson,Starter,BRK,202501220BRK
Nic Claxton,Starter,BRK,202501220BRK
Tosan Evbuomwan,Reserves,BRK,202501220BRK
Day'Ron Sharpe,Reserves,BRK,202501220BRK
Reece Beekman,Reserves,BRK,202501220BRK
Dariq Whitehead,Reserves,BRK,202501220BRK
Cameron Johnson,Reserves: Did Not Dress,BRK,202501220BRK
D'Angelo Russell,Reserves: Did Not Dress,BRK,202501220BRK
Trendon Watford,Reserves: Did Not Dress,BRK,202501220BRK
Michael Porter Jr.,Starter,DEN,202412080ATL
Nikola Jokić,Starter,DEN,202412080ATL
Christian Braun,Starter,DEN,202412080ATL
Russell Westbrook,Starter,DEN,202412080ATL
Aaron Gordon,Starter,DEN,202412080ATL
Julian Strawther,Reserves,DEN,202412080ATL
Peyton Watson,Reserves,DEN,202412080ATL
Jalen Pickett,Reserves,DEN,202412080ATL
DeAndre Jordan,Reserves,DEN,202412080ATL
Hunter Tyson,Reserves,DEN,202412080ATL
Trey Alexander,Reserves,DEN,202412080ATL
PJ Hall,Reserves,DEN,202412080ATL
Zeke Nnaji,Reserves,DEN,202412080ATL
Trae Young,Starter,ATL,202412080ATL
Dyson Daniels,Starter,ATL,202412080ATL
Zaccharie Risacher,Starter,ATL,202412080ATL
Larry Nance Jr.,Starter,ATL,202412080ATL
Clint Capela,Starter,ATL,202412080ATL
Onyeka Okongwu,Reserves,ATL,202412080ATL
De'Andre Hunter,Reserves,ATL,202412080ATL
Garrison Mathews,Reserves,ATL,202412080ATL
Vit Krejci,Reserves,ATL,202412080ATL
Kobe Bufkin,Reserves,ATL,202412080ATL
David Roddy,Reserves,ATL,202412080ATL
Bogdan Bogdanović,Reserves: Did Not Dress,ATL,202412080ATL
Jalen Johnson,Reserves: Did Not Dress,ATL,202412080ATL
Vasilije Micić,Starter,CHO,202412200PHI
Josh Green,Starter,CHO,202412200PHI
Nick Richards,Starter,CHO,202412200PHI
Miles Bridges,Starter,CHO,202412200PHI
Cody Martin,Starter,CHO,202412200PHI
DaQuan Jeffries,Reserves,CHO,202412200PHI
Tidjane Salaün,Reserves,CHO,202412200PHI
Moussa Diabaté,Reserves,CHO,202412200PHI
Isaiah Wong,Reserves,CHO,202412200PHI
Seth Curry,Reserves,CHO,202412200PHI
Taj Gibson,Reserves: Did Not Play,CHO,202412200PHI
Grant Williams,Reserves,CHO,202412200PHI
Kelly Oubre Jr.,Starter,PHI,202412200PHI
Paul George,Starter,PHI,202412200PHI
Tyrese Maxey,Starter,PHI,202412200PHI
Joel Embiid,Starter,PHI,202412200PHI
KJ Martin,Starter,PHI,202412200PHI
Eric Gordon,Reserves,PHI,202412200PHI
Guerschon Yabusele,Reserves,PHI,202412200PHI
Ricky Council IV,Reserves,PHI,202412200PHI
Kyle Lowry,Reserves,PHI,202412200PHI
Andre Drummond,Reserves,PHI,202412200PHI
Adem Bona,Reserves: Did Not Play,PHI,202412200PHI
Jeff Dowtin,Reserves: Did Not Play,PHI,202412200PHI
Reggie Jackson,Reserves: Did Not Play,PHI,202412200PHI
De'Aaron Fox,Starter,SAC,202501230DEN
Domantas Sabonis,Starter,SAC,202501230DEN
DeMar DeRozan,Starter,SAC,202501230DEN
Malik Monk,Starter,SAC,202501230DEN
Keegan Murray,Starter,SAC,202501230DEN
Trey Lyles,Reserves,SAC,202501230DEN
Keon Ellis,Reserves,SAC,202501230DEN
Doug McDermott,Reserves,SAC,202501230DEN
Kevin Huerter,Reserves,SAC,202501230DEN
Devin Carter,Reserves,SAC,202501230DEN
Jae Crowder,Reserves: Did Not Play,SAC,202501230DEN
Mason Jones,Reserves: Did Not Play,SAC,202501230DEN
Alex Len,Reserves: Did Not Play,SAC,202501230DEN
Jordan McLaughlin,Reserves: Did Not Play,SAC,202501230DEN
Jamal Murray,Starter,DEN,202501230DEN
Nikola Jokić,Starter,DEN,202501230DEN
Michael Porter Jr.,Starter,DEN,202501230DEN
Russell Westbrook,Starter,DEN,202501230DEN
Christian Braun,Starter,DEN,202501230DEN
Peyton Watson,Reserves,DEN,202501230DEN
Julian Strawther,Reserves,DEN,202501230DEN
Aaron Gordon,Reserves,DEN,202501230DEN
DeAndre Jordan,Reserves,DEN,202501230DEN
PJ Hall,Reserves: Did Not Play,DEN,202501230DEN
Zeke Nnaji,Reserves: Did Not Play,DEN,202501230DEN
Jalen Pickett,Reserves: Did Not Play,DEN,202501230DEN
Dario Šarić,Reserves: Did Not Play,DEN,202501230DEN
Hunter Tyson,Reserves: Did Not Play,DEN,202501230DEN
LaMelo Ball,Starter,CHO,202501220MEM
Miles Bridges,Starter,CHO,202501220MEM
Mark Williams,Starter,CHO,202501220MEM
Nick Smith Jr.,Starter,CHO,202501220MEM
Josh Green,Starter,CHO,202501220MEM
Cody Martin,Reserves,CHO,202501220MEM
Vasilije Micić,Reserves,CHO,202501220MEM
Moussa Diabaté,Reserves,CHO,202501220MEM
Josh Okogie,Reserves,CHO,202501220MEM
Isaiah Wong,Reserves,CHO,202501220MEM
Seth Curry,Reserves,CHO,202501220MEM
DaQuan Jeffries,Reserves,CHO,202501220MEM
Taj Gibson,Reserves: Did Not Play,CHO,202501220MEM
Desmond Bane,Starter,MEM,202501220MEM
Ja Morant,Starter,MEM,202501220MEM
Jaren Jackson Jr.,Starter,MEM,202501220MEM
Jaylen Wells,Starter,MEM,202501220MEM
Zach Edey,Starter,MEM,202501220MEM
Luke Kennard,Reserves,MEM,202501220MEM
Brandon Clarke,Reserves,MEM,202501220MEM
Santi Aldama,Reserves,MEM,202501220MEM
Scotty Pippen Jr.,Reserves,MEM,202501220MEM
GG Jackson II,Reserves,MEM,202501220MEM
Jay Huff,Reserves,MEM,202501220MEM
John Konchar,Reserves: Did Not Play,MEM,202501220MEM
Jayson Tatum,Starter,BOS,202501310NOP
Jaylen Brown,Starter,BOS,202501310NOP
Derrick White,Starter,BOS,202501310NOP
Kristaps Porziņģis,Starter,BOS,202501310NOP
Jrue Holiday,Starter,BOS,202501310NOP
Al Horford,Reserves,BOS,202501310NOP
Payton Pritchard,Reserves,BOS,202501310NOP
Luke Kornet,Reserves,BOS,202501310NOP
Sam Hauser,Reserves,BOS,202501310NOP
Jaden Springer,Reserves,BOS,202501310NOP
Drew Peterson,Reserves: Did Not Play,BOS,202501310NOP
Neemias Queta,Reserves: Did Not Play,BOS,202501310NOP
Xavier Tillman Sr.,Reserves: Did Not Play,BOS,202501310NOP
Jordan Walsh,Reserves: Did Not Play,BOS,202501310NOP
Trey Murphy III,Starter,NOP,202501310NOP
CJ McCollum,Starter,NOP,202501310NOP
Yves Missi,Starter,NOP,202501310NOP
Javonte Green,Starter,NOP,202501310NOP
Dejounte Murray,Starter,NOP,202501310NOP
Jose Alvarado,Reserves,NOP,202501310NOP
Brandon Boston Jr.,Reserves,NOP,202501310NOP
Karlo Matković,Reserves,NOP,202501310NOP
Jeremiah Robinson-Earl,Reserves,NOP,202501310NOP
Jamal Cain,Reserves,NOP,202501310NOP
Jordan Hawkins,Reserves,NOP,202501310NOP
Daniel Theis,Reserves: Did Not Dress,NOP,202501310NOP
Dyson Daniels,Starter,ATL,202501090PHO
Trae Young,Starter,ATL,202501090PHO
Vit Krejci,Starter,ATL,202501090PHO
Clint Capela,Starter,ATL,202501090PHO
Zaccharie Risacher,Starter,ATL,202501090PHO
Bogdan Bogdanović,Reserves,ATL,202501090PHO
De'Andre Hunter,Reserves,ATL,202501090PHO
Onyeka Okongwu,Reserves,ATL,202501090PHO
Garrison Mathews,Reserves,ATL,202501090PHO
David Roddy,Reserves,ATL,202501090PHO
Dominick Barlow,Reserves: Did Not Play,ATL,202501090PHO
Kobe Bufkin,Reserves,ATL,202501090PHO
Devin Booker,Starter,PHO,202501090PHO
Kevin Durant,Starter,PHO,202501090PHO
Tyus Jones,Starter,PHO,202501090PHO
Mason Plumlee,Starter,PHO,202501090PHO
Ryan Dunn,Starter,PHO,202501090PHO
Bradley Beal,Reserves,PHO,202501090PHO
Grayson Allen,Reserves,PHO,202501090PHO
Oso Ighodaro,Reserves,PHO,202501090PHO
Monte Morris,Reserves,PHO,202501090PHO
Josh Okogie,Reserves,PHO,202501090PHO
Bol Bol,Reserves: Did Not Play,PHO,202501090PHO
Damion Lee,Reserves: Did Not Play,PHO,202501090PHO
Jusuf Nurkić,Reserves: Did Not Play,PHO,202501090PHO
Jaylen Wells,Starter,MEM,202501170SAS
Desmond Bane,Starter,MEM,202501170SAS
Luke Kennard,Starter,MEM,202501170SAS
Jaren Jackson Jr.,Starter,MEM,202501170SAS
Zach Edey,Starter,MEM,202501170SAS
Jake LaRavia,Reserves,MEM,202501170SAS
Santi Aldama,Reserves,MEM,202501170SAS
Brandon Clarke,Reserves,MEM,202501170SAS
Scotty Pippen Jr.,Reserves,MEM,202501170SAS
Jay Huff,Reserves,MEM,202501170SAS
Yuki Kawamura,Reserves,MEM,202501170SAS
John Konchar,Reserves,MEM,202501170SAS
Devin Vassell,Starter,SAS,202501170SAS
Victor Wembanyama,Starter,SAS,202501170SAS
Harrison Barnes,Starter,SAS,202501170SAS
Chris Paul,Starter,SAS,202501170SAS
Stephon Castle,Starter,SAS,202501170SAS
Keldon Johnson,Reserves,SAS,202501170SAS
Julian Champagnie,Reserves,SAS,202501170SAS
Charles Bassey,Reserves,SAS,202501170SAS
Tre Jones,Reserves,SAS,202501170SAS
Sandro Mamukelashvili,Reserves,SAS,202501170SAS
Zach Collins,Reserves,SAS,202501170SAS
Malaki Branham,Reserves,SAS,202501170SAS
Blake Wesley,Reserves,SAS,202501170SAS
Ja Morant,Starter,MEM,202412030DAL
Desmond Bane,Starter,MEM,202412030DAL
Jaren Jackson Jr.,Starter,MEM,202412030DAL
Jaylen Wells,Starter,MEM,202412030DAL
Brandon Clarke,Starter,MEM,202412030DAL
Santi Aldama,Reserves,MEM,202412030DAL
Marcus Smart,Reserves,MEM,202412030DAL
Scotty Pippen Jr.,Reserves,MEM,202412030DAL
Jay Huff,Reserves,MEM,202412030DAL
Jake LaRavia,Reserves,MEM,202412030DAL
Luke Kennard,Reserves,MEM,202412030DAL
John Konchar,Reserves: Did Not Play,MEM,202412030DAL
Luka Dončić,Starter,DAL,202412030DAL
P.J. Washington,Starter,DAL,202412030DAL
Kyrie Irving,Starter,DAL,202412030DAL
Dereck Lively II,Starter,DAL,202412030DAL
Klay Thompson,Starter,DAL,202412030DAL
Spencer Dinwiddie,Reserves,DAL,202412030DAL
Quentin Grimes,Reserves,DAL,202412030DAL
Daniel Gafford,Reserves,DAL,202412030DAL
Maxi Kleber,Reserves,DAL,202412030DAL
Jaden Hardy,Reserves,DAL,202412030DAL
Kessler Edwards,Reserves: Did Not Play,DAL,202412030DAL
Jazian Gortman,Reserves: Did Not Play,DAL,202412030DAL
Markieff Morris,Reserves: Did Not Play,DAL,202412030DAL
Dwight Powell,Reserves: Did Not Play,DAL,202412030DAL
Olivier-Maxence Prosper,Reserves: Did Not Play,DAL,202412030DAL
John Collins,Starter,UTA,202412160LAC
Keyonte George,Starter,UTA,202412160LAC
Lauri Markkanen,Starter,UTA,202412160LAC
Collin Sexton,Starter,UTA,202412160LAC
Walker Kessler,Starter,UTA,202412160LAC
Brice Sensabaugh,Reserves,UTA,202412160LAC
Jordan Clarkson,Reserves,UTA,202412160LAC
Johnny Juzang,Reserves,UTA,202412160LAC
Kyle Filipowski,Reserves,UTA,202412160LAC
Isaiah Collier,Reserves,UTA,202412160LAC
Drew Eubanks,Reserves: Did Not Play,UTA,202412160LAC
Patty Mills,Reserves: Did Not Play,UTA,202412160LAC
Micah Potter,Reserves: Did Not Play,UTA,202412160LAC
Cody Williams,Reserves: Did Not Play,UTA,202412160LAC
Amir Coffey,Starter,LAC,202412160LAC
James Harden,Starter,LAC,202412160LAC
Norman Powell,Starter,LAC,202412160LAC
Ivica Zubac,Starter,LAC,202412160LAC
Kris Dunn,Starter,LAC,202412160LAC
Kevin Porter Jr.,Reserves,LAC,202412160LAC
Jordan Miller,Reserves,LAC,202412160LAC
Mo Bamba,Reserves,LAC,202412160LAC
Nicolas Batum,Reserves,LAC,202412160LAC
Bones Hyland,Reserves,LAC,202412160LAC
Kai Jones,Reserves,LAC,202412160LAC
Kobe Brown,Reserves: Did Not Dress,LAC,202412160LAC
Cade Cunningham,Starter,DET,202412260SAC
Jaden Ivey,Starter,DET,202412260SAC
Jalen Duren,Starter,DET,202412260SAC
Tobias Harris,Starter,DET,202412260SAC
Tim Hardaway Jr.,Starter,DET,202412260SAC
Malik Beasley,Reserves,DET,202412260SAC
Ausar Thompson,Reserves,DET,202412260SAC
Simone Fontecchio,Reserves,DET,202412260SAC
Paul Reed,Reserves,DET,202412260SAC
Marcus Sasser,Reserves,DET,202412260SAC
Ron Holland,Reserves,DET,202412260SAC
Bobi Klintman,Reserves: Did Not Play,DET,202412260SAC
Wendell Moore Jr.,Reserves: Did Not Play,DET,202412260SAC
De'Aaron Fox,Starter,SAC,202412260SAC
Keegan Murray,Starter,SAC,202412260SAC
DeMar DeRozan,Starter,SAC,202412260SAC
Malik Monk,Starter,SAC,202412260SAC
Alex Len,Starter,SAC,202412260SAC
Trey Lyles,Reserves,SAC,202412260SAC
Kevin Huerter,Reserves,SAC,202412260SAC
Keon Ellis,Reserves,SAC,202412260SAC
Colby Jones,Reserves,SAC,202412260SAC
Isaac Jones,Reserves,SAC,202412260SAC
Jae Crowder,Reserves: Did Not Play,SAC,202412260SAC
Doug McDermott,Reserves: Did Not Play,SAC,202412260SAC
Jordan McLaughlin,Reserves: Did Not Play,SAC,202412260SAC
Orlando Robinson,Reserves: Did Not Play,SAC,202412260SAC
Brook Lopez,Starter,MIL,202501250LAC
Damian Lillard,Starter,MIL,202501250LAC
Taurean Prince,Starter,MIL,202501250LAC
Giannis Antetokounmpo,Starter,MIL,202501250LAC
Andre Jackson Jr.,Starter,MIL,202501250LAC
Gary Trent Jr.,Reserves,MIL,202501250LAC
Khris Middleton,Reserves,MIL,202501250LAC
Ryan Rollins,Reserves,MIL,202501250LAC
Pat Connaughton,Reserves,MIL,202501250LAC
Tyler Smith,Reserves,MIL,202501250LAC
MarJon Beauchamp,Reserves,MIL,202501250LAC
Stanley Umude,Reserves,MIL,202501250LAC
Delon Wright,Reserves: Did Not Play,MIL,202501250LAC
Norman Powell,Starter,LAC,202501250LAC
James Harden,Starter,LAC,202501250LAC
Ivica Zubac,Starter,LAC,202501250LAC
Derrick Jones Jr.,Starter,LAC,202501250LAC
Kawhi Leonard,Starter,LAC,202501250LAC
Amir Coffey,Reserves,LAC,202501250LAC
Kevin Porter Jr.,Reserves,LAC,202501250LAC
Nicolas Batum,Reserves,LAC,202501250LAC
Terance Mann,Reserves,LAC,202501250LAC
Kobe Brown,Reserves,LAC,202501250LAC
Mo Bamba,Reserves: Did Not Play,LAC,202501250LAC
Trentyn Flowers,Reserves: Did Not Play,LAC,202501250LAC
Bones Hyland,Reserves: Did Not Play,LAC,202501250LAC
Wendell Carter Jr.,Starter,ORL,202501170BOS
Cole Anthony,Starter,ORL,202501170BOS
Tristan Da Silva,Starter,ORL,202501170BOS
Paolo Banchero,Starter,ORL,202501170BOS
Kentavious Caldwell-Pope,Starter,ORL,202501170BOS
Anthony Black,Reserves,ORL,202501170BOS
Trevelin Queen,Reserves,ORL,202501170BOS
Jonathan Isaac,Reserves,ORL,202501170BOS
Caleb Houstan,Reserves,ORL,202501170BOS
Cory Joseph,Reserves,ORL,202501170BOS
Jett Howard,Reserves: Did Not Dress,ORL,202501170BOS
Jalen Suggs,Reserves: Did Not Dress,ORL,202501170BOS
Jayson Tatum,Starter,BOS,202501170BOS
Jaylen Brown,Starter,BOS,202501170BOS
Derrick White,Starter,BOS,202501170BOS
Jrue Holiday,Starter,BOS,202501170BOS
Kristaps Porziņģis,Starter,BOS,202501170BOS
Al Horford,Reserves,BOS,202501170BOS
Payton Pritchard,Reserves,BOS,202501170BOS
Sam Hauser,Reserves,BOS,202501170BOS
Neemias Queta,Reserves,BOS,202501170BOS
Luke Kornet,Reserves,BOS,202501170BOS
Baylor Scheierman,Reserves,BOS,202501170BOS
Jordan Walsh,Reserves,BOS,202501170BOS
Jaden Springer,Reserves,BOS,202501170BOS
Xavier Tillman Sr.,Reserves: Did Not Play,BOS,202501170BOS
Walker Kessler,Starter,UTA,202501050ORL
Isaiah Collier,Starter,UTA,202501050ORL
Collin Sexton,Starter,UTA,202501050ORL
Johnny Juzang,Starter,UTA,202501050ORL
Micah Potter,Starter,UTA,202501050ORL
Kyle Filipowski,Reserves,UTA,202501050ORL
Brice Sensabaugh,Reserves,UTA,202501050ORL
Svi Mykhailiuk,Reserves,UTA,202501050ORL
Patty Mills,Reserves,UTA,202501050ORL
Drew Eubanks,Reserves,UTA,202501050ORL
Keyonte George,Reserves: Did Not Dress,UTA,202501050ORL
Lauri Markkanen,Reserves: Did Not Dress,UTA,202501050ORL
Tristan Da Silva,Starter,ORL,202501050ORL
Goga Bitadze,Starter,ORL,202501050ORL
Cole Anthony,Starter,ORL,202501050ORL
Kentavious Caldwell-Pope,Starter,ORL,202501050ORL
Caleb Houstan,Starter,ORL,202501050ORL
Jett Howard,Reserves,ORL,202501050ORL
Trevelin Queen,Reserves,ORL,202501050ORL
Wendell Carter Jr.,Reserves,ORL,202501050ORL
Cory Joseph,Reserves,ORL,202501050ORL
Jonathan Isaac,Reserves,ORL,202501050ORL
Anthony Black,Reserves: Did Not Play,ORL,202501050ORL
Tyrese Maxey,Starter,PHI,202412250BOS
Kelly Oubre Jr.,Starter,PHI,202412250BOS
Caleb Martin,Starter,PHI,202412250BOS
Paul George,Starter,PHI,202412250BOS
Joel Embiid,Starter,PHI,202412250BOS
Guerschon Yabusele,Reserves,PHI,202412250BOS
Kyle Lowry,Reserves,PHI,202412250BOS
Reggie Jackson,Reserves,PHI,202412250BOS
Adem Bona,Reserves: Did Not Play,PHI,202412250BOS
Ricky Council IV,Reserves: Did Not Play,PHI,202412250BOS
Andre Drummond,Reserves: Did Not Dress,PHI,202412250BOS
Justin Edwards,Reserves: Did Not Play,PHI,202412250BOS
Eric Gordon,Reserves: Did Not Dress,PHI,202412250BOS
Jaylen Brown,Starter,BOS,202412250BOS
Jayson Tatum,Starter,BOS,202412250BOS
Al Horford,Starter,BOS,202412250BOS
Derrick White,Starter,BOS,202412250BOS
Kristaps Porziņģis,Starter,BOS,202412250BOS
Payton Pritchard,Reserves,BOS,202412250BOS
Luke Kornet,Reserves,BOS,202412250BOS
Sam Hauser,Reserves,BOS,202412250BOS
Neemias Queta,Reserves,BOS,202412250BOS
Jordan Walsh,Reserves,BOS,202412250BOS
JD Davison,Reserves: Did Not Play,BOS,202412250BOS
Drew Peterson,Reserves: Did Not Play,BOS,202412250BOS
Baylor Scheierman,Reserves: Did Not Play,BOS,202412250BOS
Jaden Springer,Reserves: Did Not Play,BOS,202412250BOS
Xavier Tillman Sr.,Reserves: Did Not Play,BOS,202412250BOS
Mark Williams,Starter,CHO,202501170CHI
LaMelo Ball,Starter,CHO,202501170CHI
Miles Bridges,Starter,CHO,202501170CHI
Josh Green,Starter,CHO,202501170CHI
Nick Smith Jr.,Starter,CHO,202501170CHI
Cody Martin,Reserves,CHO,202501170CHI
Vasilije Micić,Reserves,CHO,202501170CHI
Seth Curry,Reserves,CHO,202501170CHI
Moussa Diabaté,Reserves,CHO,202501170CHI
Tidjane Salaün,Reserves,CHO,202501170CHI
Taj Gibson,Reserves: Did Not Play,CHO,202501170CHI
DaQuan Jeffries,Reserves: Did Not Play,CHO,202501170CHI
Josh Okogie,Reserves: Did Not Play,CHO,202501170CHI
KJ Simpson,Reserves: Did Not Play,CHO,202501170CHI
Zach LaVine,Starter,CHI,202501170CHI
Nikola Vučević,Starter,CHI,202501170CHI
Coby White,Starter,CHI,202501170CHI
Josh Giddey,Starter,CHI,202501170CHI
Patrick Williams,Starter,CHI,202501170CHI
Ayo Dosunmu,Reserves,CHI,202501170CHI
Lonzo Ball,Reserves,CHI,202501170CHI
Julian Phillips,Reserves,CHI,202501170CHI
Jalen Smith,Reserves,CHI,202501170CHI
Dalen Terry,Reserves,CHI,202501170CHI
Matas Buzelis,Reserves,CHI,202501170CHI
Jevon Carter,Reserves: Did Not Play,CHI,202501170CHI
Chris Duarte,Reserves: Did Not Play,CHI,202501170CHI
Brook Lopez,Starter,MIL,202412030DET
Damian Lillard,Starter,MIL,202412030DET
Giannis Antetokounmpo,Starter,MIL,202412030DET
Taurean Prince,Starter,MIL,202412030DET
Andre Jackson Jr.,Starter,MIL,202412030DET
Gary Trent Jr.,Reserves,MIL,202412030DET
Bobby Portis,Reserves,MIL,202412030DET
A.J. Green,Reserves,MIL,202412030DET
Delon Wright,Reserves,MIL,202412030DET
Tyler Smith,Reserves,MIL,202412030DET
Chris Livingston,Reserves,MIL,202412030DET
AJ Johnson,Reserves,MIL,202412030DET
Ryan Rollins,Reserves,MIL,202412030DET
Pat Connaughton,Reserves: Did Not Play,MIL,202412030DET
Cade Cunningham,Starter,DET,202412030DET
Tobias Harris,Starter,DET,202412030DET
Jaden Ivey,Starter,DET,202412030DET
Tim Hardaway Jr.,Starter,DET,202412030DET
Jalen Duren,Starter,DET,202412030DET
Isaiah Stewart,Reserves,DET,202412030DET
Malik Beasley,Reserves,DET,202412030DET
Ausar Thompson,Reserves,DET,202412030DET
Ron Holland,Reserves,DET,202412030DET
Simone Fontecchio,Reserves,DET,202412030DET
Paul Reed,Reserves,DET,202412030DET
Wendell Moore Jr.,Reserves,DET,202412030DET
Marcus Sasser,Reserves,DET,202412030DET
Kyrie Irving,Starter,DAL,202501310DET
P.J. Washington,Starter,DAL,202501310DET
Daniel Gafford,Starter,DAL,202501310DET
Klay Thompson,Starter,DAL,202501310DET
Spencer Dinwiddie,Starter,DAL,202501310DET
Naji Marshall,Reserves,DAL,202501310DET
Dante Exum,Reserves,DAL,202501310DET
Olivier-Maxence Prosper,Reserves,DAL,202501310DET
Quentin Grimes,Reserves,DAL,202501310DET
Kessler Edwards,Reserves,DAL,202501310DET
Kylor Kelley,Reserves,DAL,202501310DET
Jaden Hardy,Reserves,DAL,202501310DET
Markieff Morris,Reserves: Did Not Play,DAL,202501310DET
Cade Cunningham,Starter,DET,202501310DET
Tobias Harris,Starter,DET,202501310DET
Jalen Duren,Starter,DET,202501310DET
Tim Hardaway Jr.,Starter,DET,202501310DET
Ausar Thompson,Starter,DET,202501310DET
Malik Beasley,Reserves,DET,202501310DET
Marcus Sasser,Reserves,DET,202501310DET
Paul Reed,Reserves,DET,202501310DET
Simone Fontecchio,Reserves,DET,202501310DET
Ron Holland,Reserves,DET,202501310DET
Bobi Klintman,Reserves,DET,202501310DET
Wendell Moore Jr.,Reserves,DET,202501310DET
Isaiah Stewart,Reserves,DET,202501310DET
Josh Giddey,Starter,CHI,202501230GSW
Zach LaVine,Starter,CHI,202501230GSW
Nikola Vučević,Starter,CHI,202501230GSW
Patrick Williams,Starter,CHI,202501230GSW
Lonzo Ball,Starter,CHI,202501230GSW
Ayo Dosunmu,Reserves,CHI,202501230GSW
Jalen Smith,Reserves,CHI,202501230GSW
Julian Phillips,Reserves,CHI,202501230GSW
Dalen Terry,Reserves,CHI,202501230GSW
Matas Buzelis,Reserves,CHI,202501230GSW
Talen Horton-Tucker,Reserves,CHI,202501230GSW
Jevon Carter,Reserves,CHI,202501230GSW
Stephen Curry,Starter,GSW,202501230GSW
Andrew Wiggins,Starter,GSW,202501230GSW
Buddy Hield,Starter,GSW,202501230GSW
Gary Payton II,Starter,GSW,202501230GSW
Trayce Jackson-Davis,Starter,GSW,202501230GSW
Gui Santos,Reserves,GSW,202501230GSW
Moses Moody,Reserves,GSW,202501230GSW
Brandin Podziemski,Reserves,GSW,202501230GSW
Dennis Schröder,Reserves,GSW,202501230GSW
Quinten Post,Reserves,GSW,202501230GSW
Kevon Looney,Reserves,GSW,202501230GSW
Lindy Waters III,Reserves,GSW,202501230GSW
Pat Spencer,Reserves,GSW,202501230GSW
Tyrese Maxey,Starter,PHI,202501190MIL
Kelly Oubre Jr.,Starter,PHI,202501190MIL
Eric Gordon,Starter,PHI,202501190MIL
Ricky Council IV,Starter,PHI,202501190MIL
Adem Bona,Starter,PHI,202501190MIL
Justin Edwards,Reserves,PHI,202501190MIL
Pete Nance,Reserves,PHI,202501190MIL
Jeff Dowtin,Reserves,PHI,202501190MIL
Andre Drummond,Reserves: Did Not Dress,PHI,202501190MIL
Paul George,Reserves: Did Not Dress,PHI,202501190MIL
Reggie Jackson,Reserves: Did Not Play,PHI,202501190MIL
Guerschon Yabusele,Reserves: Did Not Dress,PHI,202501190MIL
Damian Lillard,Starter,MIL,202501190MIL
Giannis Antetokounmpo,Starter,MIL,202501190MIL
Brook Lopez,Starter,MIL,202501190MIL
Taurean Prince,Starter,MIL,202501190MIL
Andre Jackson Jr.,Starter,MIL,202501190MIL
Khris Middleton,Reserves,MIL,202501190MIL
Gary Trent Jr.,Reserves,MIL,202501190MIL
Bobby Portis,Reserves,MIL,202501190MIL
Ryan Rollins,Reserves,MIL,202501190MIL
Chris Livingston,Reserves,MIL,202501190MIL
Stanley Umude,Reserves,MIL,202501190MIL
Pat Connaughton,Reserves: Did Not Play,MIL,202501190MIL
Delon Wright,Reserves: Did Not Play,MIL,202501190MIL
Mikal Bridges,Starter,NYK,202412280WAS
Jalen Brunson,Starter,NYK,202412280WAS
Karl-Anthony Towns,Starter,NYK,202412280WAS
OG Anunoby,Starter,NYK,202412280WAS
Josh Hart,Starter,NYK,202412280WAS
Miles McBride,Reserves,NYK,202412280WAS
Precious Achiuwa,Reserves,NYK,202412280WAS
Landry Shamet,Reserves,NYK,202412280WAS
Cameron Payne,Reserves,NYK,202412280WAS
Pacome Dadiet,Reserves: Did Not Play,NYK,202412280WAS
Ariel Hukporti,Reserves: Did Not Play,NYK,202412280WAS
Tyler Kolek,Reserves: Did Not Play,NYK,202412280WAS
Matt Ryan,Reserves: Did Not Play,NYK,202412280WAS
Jericho Sims,Reserves: Did Not Play,NYK,202412280WAS
Jacob Toppin,Reserves: Did Not Play,NYK,202412280WAS
Justin Champagnie,Starter,WAS,202412280WAS
Carlton Carrington,Starter,WAS,202412280WAS
Bilal Coulibaly,Starter,WAS,202412280WAS
Alex Sarr,Starter,WAS,202412280WAS
Malcolm Brogdon,Starter,WAS,202412280WAS
Kyshawn George,Reserves,WAS,202412280WAS
Corey Kispert,Reserves,WAS,202412280WAS
Jonas Valančiūnas,Reserves,WAS,202412280WAS
Patrick Baldwin Jr.,Reserves: Did Not Play,WAS,202412280WAS
Jared Butler,Reserves: Did Not Play,WAS,202412280WAS
Johnny Davis,Reserves: Did Not Play,WAS,202412280WAS
Anthony Gill,Reserves: Did Not Play,WAS,202412280WAS
Richaun Holmes,Reserves: Did Not Play,WAS,202412280WAS
Tristan Vukcevic,Reserves: Did Not Play,WAS,202412280WAS
Vasilije Micić,Starter,CHO,202412050NYK
Brandon Miller,Starter,CHO,202412050NYK
Josh Green,Starter,CHO,202412050NYK
Nick Richards,Starter,CHO,202412050NYK
Tidjane Salaün,Starter,CHO,202412050NYK
Cody Martin,Reserves,CHO,202412050NYK
Nick Smith Jr.,Reserves,CHO,202412050NYK
Seth Curry,Reserves,CHO,202412050NYK
KJ Simpson,Reserves,CHO,202412050NYK
Moussa Diabaté,Reserves,CHO,202412050NYK
DaQuan Jeffries,Reserves,CHO,202412050NYK
Mark Williams,Reserves,CHO,202412050NYK
Taj Gibson,Reserves: Did Not Play,CHO,202412050NYK
Isaiah Wong,Reserves: Did Not Play,CHO,202412050NYK
Mikal Bridges,Starter,NYK,202412050NYK
OG Anunoby,Starter,NYK,202412050NYK
Karl-Anthony Towns,Starter,NYK,202412050NYK
Josh Hart,Starter,NYK,202412050NYK
Jalen Brunson,Starter,NYK,202412050NYK
Miles McBride,Reserves,NYK,202412050NYK
Precious Achiuwa,Reserves,NYK,202412050NYK
Jericho Sims,Reserves,NYK,202412050NYK
Tyler Kolek,Reserves,NYK,202412050NYK
Matt Ryan,Reserves,NYK,202412050NYK
Jacob Toppin,Reserves,NYK,202412050NYK
Ariel Hukporti,Reserves,NYK,202412050NYK
Cameron Payne,Reserves: Did Not Dress,NYK,202412050NYK
Damian Lillard,Starter,MIL,202501270UTA
Giannis Antetokounmpo,Starter,MIL,202501270UTA
Brook Lopez,Starter,MIL,202501270UTA
Taurean Prince,Starter,MIL,202501270UTA
Andre Jackson Jr.,Starter,MIL,202501270UTA
Gary Trent Jr.,Reserves,MIL,202501270UTA
Khris Middleton,Reserves,MIL,202501270UTA
Ryan Rollins,Reserves,MIL,202501270UTA
Pat Connaughton,Reserves,MIL,202501270UTA
MarJon Beauchamp,Reserves: Did Not Play,MIL,202501270UTA
Chris Livingston,Reserves: Did Not Play,MIL,202501270UTA
Stanley Umude,Reserves: Did Not Play,MIL,202501270UTA
Delon Wright,Reserves: Did Not Play,MIL,202501270UTA
Lauri Markkanen,Starter,UTA,202501270UTA
Isaiah Collier,Starter,UTA,202501270UTA
Collin Sexton,Starter,UTA,202501270UTA
Micah Potter,Starter,UTA,202501270UTA
Drew Eubanks,Starter,UTA,202501270UTA
Keyonte George,Reserves,UTA,202501270UTA
Kyle Filipowski,Reserves,UTA,202501270UTA
Jordan Clarkson,Reserves,UTA,202501270UTA
Brice Sensabaugh,Reserves,UTA,202501270UTA
Elijah Harkless,Reserves,UTA,202501270UTA
Patty Mills,Reserves: Did Not Play,UTA,202501270UTA
Svi Mykhailiuk,Reserves: Did Not Play,UTA,202501270UTA
Oscar Tshiebwe,Reserves: Did Not Play,UTA,202501270UTA
Trae Young,Starter,ATL,202501030LAL
Jalen Johnson,Starter,ATL,202501030LAL
Dyson Daniels,Starter,ATL,202501030LAL
Zaccharie Risacher,Starter,ATL,202501030LAL
Clint Capela,Starter,ATL,202501030LAL
De'Andre Hunter,Reserves,ATL,202501030LAL
Onyeka Okongwu,Reserves,ATL,202501030LAL
Bogdan Bogdanović,Reserves,ATL,202501030LAL
Garrison Mathews,Reserves,ATL,202501030LAL
Dominick Barlow,Reserves,ATL,202501030LAL
David Roddy,Reserves,ATL,202501030LAL
Vit Krejci,Reserves: Did Not Play,ATL,202501030LAL
Austin Reaves,Starter,LAL,202501030LAL
Anthony Davis,Starter,LAL,202501030LAL
Max Christie,Starter,LAL,202501030LAL
LeBron James,Starter,LAL,202501030LAL
Rui Hachimura,Starter,LAL,202501030LAL
Dorian Finney-Smith,Reserves,LAL,202501030LAL
Dalton Knecht,Reserves,LAL,202501030LAL
Shake Milton,Reserves,LAL,202501030LAL
Cam Reddish,Reserves,LAL,202501030LAL
Jaxson Hayes,Reserves,LAL,202501030LAL
Bronny James,Reserves,LAL,202501030LAL
Gabe Vincent,Reserves: Did Not Dress,LAL,202501030LAL
Toumani Camara,Starter,POR,202501020LAL
Shaedon Sharpe,Starter,POR,202501020LAL
Anfernee Simons,Starter,POR,202501020LAL
Deni Avdija,Starter,POR,202501020LAL
Deandre Ayton,Starter,POR,202501020LAL
Scoot Henderson,Reserves,POR,202501020LAL
Donovan Clingan,Reserves,POR,202501020LAL
Kris Murray,Reserves,POR,202501020LAL
Dalano Banton,Reserves,POR,202501020LAL
Jerami Grant,Reserves: Did Not Play,POR,202501020LAL
Duop Reath,Reserves: Did Not Play,POR,202501020LAL
Rayan Rupert,Reserves: Did Not Play,POR,202501020LAL
Matisse Thybulle,Reserves: Did Not Play,POR,202501020LAL
Jabari Walker,Reserves: Did Not Play,POR,202501020LAL
Robert Williams,Reserves: Did Not Play,POR,202501020LAL
Austin Reaves,Starter,LAL,202501020LAL
LeBron James,Starter,LAL,202501020LAL
Max Christie,Starter,LAL,202501020LAL
Rui Hachimura,Starter,LAL,202501020LAL
Jaxson Hayes,Starter,LAL,202501020LAL
Dorian Finney-Smith,Reserves,LAL,202501020LAL
Cam Reddish,Reserves,LAL,202501020LAL
Christian Koloko,Reserves,LAL,202501020LAL
Dalton Knecht,Reserves,LAL,202501020LAL
Shake Milton,Reserves,LAL,202501020LAL
Bronny James,Reserves: Did Not Play,LAL,202501020LAL
Gabe Vincent,Reserves: Did Not Dress,LAL,202501020LAL
Donovan Mitchell,Starter,CLE,202412310LAL
Darius Garland,Starter,CLE,202412310LAL
Evan Mobley,Starter,CLE,202412310LAL
Jarrett Allen,Starter,CLE,202412310LAL
Dean Wade,Starter,CLE,202412310LAL
Max Strus,Reserves,CLE,202412310LAL
Caris LeVert,Reserves,CLE,202412310LAL
Georges Niang,Reserves,CLE,202412310LAL
Ty Jerome,Reserves,CLE,202412310LAL
Sam Merrill,Reserves,CLE,202412310LAL
Craig Porter Jr.,Reserves: Did Not Play,CLE,202412310LAL
Tristan Thompson,Reserves: Did Not Play,CLE,202412310LAL
JT Thor,Reserves: Did Not Play,CLE,202412310LAL
Jaylon Tyson,Reserves: Did Not Play,CLE,202412310LAL
Austin Reaves,Starter,LAL,202412310LAL
Anthony Davis,Starter,LAL,202412310LAL
LeBron James,Starter,LAL,202412310LAL
Rui Hachimura,Starter,LAL,202412310LAL
Max Christie,Starter,LAL,202412310LAL
Dalton Knecht,Reserves,LAL,202412310LAL
Dorian Finney-Smith,Reserves,LAL,202412310LAL
Cam Reddish,Reserves,LAL,202412310LAL
Shake Milton,Reserves,LAL,202412310LAL
Jaxson Hayes,Reserves: Did Not Play,LAL,202412310LAL
Bronny James,Reserves: Did Not Play,LAL,202412310LAL
Gabe Vincent,Reserves: Did Not Dress,LAL,202412310LAL
Jaren Jackson Jr.,Starter,MEM,202412310PHO
Desmond Bane,Starter,MEM,202412310PHO
John Konchar,Starter,MEM,202412310PHO
Jaylen Wells,Starter,MEM,202412310PHO
Scotty Pippen Jr.,Starter,MEM,202412310PHO
Luke Kennard,Reserves,MEM,202412310PHO
Jay Huff,Reserves,MEM,202412310PHO
Cam Spencer,Reserves,MEM,202412310PHO
Colin Castleton,Reserves,MEM,202412310PHO
Santi Aldama,Reserves: Did Not Play,MEM,202412310PHO
Brandon Clarke,Reserves: Did Not Play,MEM,202412310PHO
Jake LaRavia,Reserves: Did Not Play,MEM,202412310PHO
Kevin Durant,Starter,PHO,202412310PHO
Tyus Jones,Starter,PHO,202412310PHO
Devin Booker,Starter,PHO,202412310PHO
Mason Plumlee,Starter,PHO,202412310PHO
Bradley Beal,Starter,PHO,202412310PHO
Ryan Dunn,Reserves,PHO,202412310PHO
Josh Okogie,Reserves,PHO,202412310PHO
Monte Morris,Reserves,PHO,202412310PHO
Oso Ighodaro,Reserves,PHO,202412310PHO
Damion Lee,Reserves,PHO,202412310PHO
Bol Bol,Reserves: Did Not Play,PHO,202412310PHO
Jusuf Nurkić,Reserves,PHO,202412310PHO
Dean Wade,Starter,CLE,202501160OKC
Darius Garland,Starter,CLE,202501160OKC
Donovan Mitchell,Starter,CLE,202501160OKC
Evan Mobley,Starter,CLE,202501160OKC
Jarrett Allen,Starter,CLE,202501160OKC
Isaac Okoro,Reserves,CLE,202501160OKC
Max Strus,Reserves,CLE,202501160OKC
Caris LeVert,Reserves,CLE,202501160OKC
Ty Jerome,Reserves,CLE,202501160OKC
Georges Niang,Reserves,CLE,202501160OKC
Sam Merrill,Reserves,CLE,202501160OKC
Jaylon Tyson,Reserves,CLE,202501160OKC
Tristan Thompson,Reserves,CLE,202501160OKC
Craig Porter Jr.,Reserves,CLE,202501160OKC
JT Thor,Reserves: Did Not Play,CLE,202501160OKC
Jalen Williams,Starter,OKC,202501160OKC
Shai Gilgeous-Alexander,Starter,OKC,202501160OKC
Cason Wallace,Starter,OKC,202501160OKC
Luguentz Dort,Starter,OKC,202501160OKC
Jaylin Williams,Starter,OKC,202501160OKC
Aaron Wiggins,Reserves,OKC,202501160OKC
Isaiah Joe,Reserves,OKC,202501160OKC
Branden Carlson,Reserves,OKC,202501160OKC
Alex Caruso,Reserves,OKC,202501160OKC
Kenrich Williams,Reserves,OKC,202501160OKC
Ousmane Dieng,Reserves,OKC,202501160OKC
Alex Ducas,Reserves,OKC,202501160OKC
Adam Flagler,Reserves,OKC,202501160OKC
Devin Booker,Starter,PHO,202412080ORL
Bradley Beal,Starter,PHO,202412080ORL
Tyus Jones,Starter,PHO,202412080ORL
Royce O'Neale,Starter,PHO,202412080ORL
Mason Plumlee,Starter,PHO,202412080ORL
Grayson Allen,Reserves,PHO,202412080ORL
Oso Ighodaro,Reserves,PHO,202412080ORL
Monte Morris,Reserves,PHO,202412080ORL
Josh Okogie,Reserves,PHO,202412080ORL
Bol Bol,Reserves,PHO,202412080ORL
Damion Lee,Reserves: Did Not Play,PHO,202412080ORL
TyTy Washington Jr.,Reserves: Did Not Play,PHO,202412080ORL
Kentavious Caldwell-Pope,Starter,ORL,202412080ORL
Jalen Suggs,Starter,ORL,202412080ORL
Goga Bitadze,Starter,ORL,202412080ORL
Wendell Carter Jr.,Starter,ORL,202412080ORL
Tristan Da Silva,Starter,ORL,202412080ORL
Cole Anthony,Reserves,ORL,202412080ORL
Anthony Black,Reserves,ORL,202412080ORL
Caleb Houstan,Reserves,ORL,202412080ORL
Moritz Wagner,Reserves,ORL,202412080ORL
Jett Howard,Reserves,ORL,202412080ORL
Jonathan Isaac,Reserves: Did Not Play,ORL,202412080ORL
Cory Joseph,Reserves: Did Not Play,ORL,202412080ORL
Ayo Dosunmu,Starter,CHI,202501290BOS
Coby White,Starter,CHI,202501290BOS
Josh Giddey,Starter,CHI,202501290BOS
Nikola Vučević,Starter,CHI,202501290BOS
Lonzo Ball,Starter,CHI,202501290BOS
Patrick Williams,Reserves,CHI,202501290BOS
Jalen Smith,Reserves,CHI,202501290BOS
Matas Buzelis,Reserves,CHI,202501290BOS
Dalen Terry,Reserves,CHI,202501290BOS
Julian Phillips,Reserves,CHI,202501290BOS
Jevon Carter,Reserves,CHI,202501290BOS
Talen Horton-Tucker,Reserves,CHI,202501290BOS
Chris Duarte,Reserves: Did Not Play,CHI,202501290BOS
Derrick White,Starter,BOS,202501290BOS
Jaylen Brown,Starter,BOS,202501290BOS
Kristaps Porziņģis,Starter,BOS,202501290BOS
Jayson Tatum,Starter,BOS,202501290BOS
Jrue Holiday,Starter,BOS,202501290BOS
Payton Pritchard,Reserves,BOS,202501290BOS
Jaden Springer,Reserves,BOS,202501290BOS
Luke Kornet,Reserves,BOS,202501290BOS
Drew Peterson,Reserves,BOS,202501290BOS
Neemias Queta,Reserves,BOS,202501290BOS
Jordan Walsh,Reserves,BOS,202501290BOS
Sam Hauser,Reserves: Did Not Dress,BOS,202501290BOS
Al Horford,Reserves: Did Not Dress,BOS,202501290BOS
Xavier Tillman Sr.,Reserves: Did Not Play,BOS,202501290BOS
Dejounte Murray,Starter,NOP,202412020ATL
Trey Murphy III,Starter,NOP,202412020ATL
Yves Missi,Starter,NOP,202412020ATL
CJ McCollum,Starter,NOP,202412020ATL
Javonte Green,Starter,NOP,202412020ATL
Brandon Boston Jr.,Reserves,NOP,202412020ATL
Jeremiah Robinson-Earl,Reserves,NOP,202412020ATL
Daniel Theis,Reserves,NOP,202412020ATL
Elfrid Payton,Reserves,NOP,202412020ATL
Jamal Cain,Reserves: Did Not Play,NOP,202412020ATL
Brandon Ingram,Reserves: Did Not Dress,NOP,202412020ATL
Trey Jemison,Reserves: Did Not Play,NOP,202412020ATL
Karlo Matković,Reserves: Did Not Play,NOP,202412020ATL
Antonio Reeves,Reserves: Did Not Play,NOP,202412020ATL
Trae Young,Starter,ATL,202412020ATL
Dyson Daniels,Starter,ATL,202412020ATL
Jalen Johnson,Starter,ATL,202412020ATL
Clint Capela,Starter,ATL,202412020ATL
Zaccharie Risacher,Starter,ATL,202412020ATL
De'Andre Hunter,Reserves,ATL,202412020ATL
Bogdan Bogdanović,Reserves,ATL,202412020ATL
Onyeka Okongwu,Reserves,ATL,202412020ATL
Kobe Bufkin,Reserves,ATL,202412020ATL
Vit Krejci,Reserves: Did Not Play,ATL,202412020ATL
Garrison Mathews,Reserves: Did Not Play,ATL,202412020ATL
Larry Nance Jr.,Reserves: Did Not Play,ATL,202412020ATL
David Roddy,Reserves: Did Not Play,ATL,202412020ATL
Rui Hachimura,Starter,LAL,202412190SAC
Anthony Davis,Starter,LAL,202412190SAC
Austin Reaves,Starter,LAL,202412190SAC
LeBron James,Starter,LAL,202412190SAC
Max Christie,Starter,LAL,202412190SAC
D'Angelo Russell,Reserves,LAL,202412190SAC
Gabe Vincent,Reserves,LAL,202412190SAC
Cam Reddish,Reserves,LAL,202412190SAC
Dalton Knecht,Reserves,LAL,202412190SAC
Christian Koloko,Reserves,LAL,202412190SAC
Armel Traoré,Reserves: Did Not Play,LAL,202412190SAC
Jalen Hood-Schifino,Reserves: Did Not Dress,LAL,202412190SAC
Domantas Sabonis,Starter,SAC,202412190SAC
Malik Monk,Starter,SAC,202412190SAC
De'Aaron Fox,Starter,SAC,202412190SAC
DeMar DeRozan,Starter,SAC,202412190SAC
Keegan Murray,Starter,SAC,202412190SAC
Kevin Huerter,Reserves,SAC,202412190SAC
Keon Ellis,Reserves,SAC,202412190SAC
Alex Len,Reserves,SAC,202412190SAC
Isaac Jones,Reserves,SAC,202412190SAC
Orlando Robinson,Reserves,SAC,202412190SAC
Colby Jones,Reserves,SAC,202412190SAC
Doug McDermott,Reserves,SAC,202412190SAC
Jordan McLaughlin,Reserves,SAC,202412190SAC
Jae Crowder,Reserves: Did Not Play,SAC,202412190SAC
Trae Young,Starter,ATL,202412140MIL
Jalen Johnson,Starter,ATL,202412140MIL
Dyson Daniels,Starter,ATL,202412140MIL
Clint Capela,Starter,ATL,202412140MIL
Zaccharie Risacher,Starter,ATL,202412140MIL
De'Andre Hunter,Reserves,ATL,202412140MIL
Bogdan Bogdanović,Reserves,ATL,202412140MIL
Onyeka Okongwu,Reserves,ATL,202412140MIL
Vit Krejci,Reserves,ATL,202412140MIL
Kobe Bufkin,Reserves: Did Not Play,ATL,202412140MIL
Garrison Mathews,Reserves: Did Not Play,ATL,202412140MIL
Larry Nance Jr.,Reserves: Did Not Play,ATL,202412140MIL
David Roddy,Reserves: Did Not Play,ATL,202412140MIL
Giannis Antetokounmpo,Starter,MIL,202412140MIL
Damian Lillard,Starter,MIL,202412140MIL
Brook Lopez,Starter,MIL,202412140MIL
Andre Jackson Jr.,Starter,MIL,202412140MIL
Taurean Prince,Starter,MIL,202412140MIL
Bobby Portis,Reserves,MIL,202412140MIL
Khris Middleton,Reserves,MIL,202412140MIL
Gary Trent Jr.,Reserves,MIL,202412140MIL
A.J. Green,Reserves,MIL,202412140MIL
MarJon Beauchamp,Reserves: Did Not Play,MIL,202412140MIL
Pat Connaughton,Reserves: Did Not Play,MIL,202412140MIL
AJ Johnson,Reserves: Did Not Play,MIL,202412140MIL
Chris Livingston,Reserves: Did Not Play,MIL,202412140MIL
Tyler Smith,Reserves: Did Not Play,MIL,202412140MIL
Delon Wright,Reserves: Did Not Play,MIL,202412140MIL
Haywood Highsmith,Starter,MIA,202501110POR
Tyler Herro,Starter,MIA,202501110POR
Bam Adebayo,Starter,MIA,202501110POR
Terry Rozier,Starter,MIA,202501110POR
Jaime Jaquez Jr.,Starter,MIA,202501110POR
Nikola Jović,Reserves,MIA,202501110POR
Kel'el Ware,Reserves,MIA,202501110POR
Duncan Robinson,Reserves,MIA,202501110POR
Pelle Larsson,Reserves,MIA,202501110POR
Alec Burks,Reserves,MIA,202501110POR
Josh Christopher,Reserves,MIA,202501110POR
Keshad Johnson,Reserves,MIA,202501110POR
Jimmy Butler,Reserves,MIA,202501110POR
Kevin Love,Reserves: Did Not Play,MIA,202501110POR
Josh Richardson,Reserves: Did Not Dress,MIA,202501110POR
Toumani Camara,Starter,POR,202501110POR
Shaedon Sharpe,Starter,POR,202501110POR
Deni Avdija,Starter,POR,202501110POR
Anfernee Simons,Starter,POR,202501110POR
Donovan Clingan,Starter,POR,202501110POR
Scoot Henderson,Reserves,POR,202501110POR
Duop Reath,Reserves,POR,202501110POR
Kris Murray,Reserves,POR,202501110POR
Dalano Banton,Reserves,POR,202501110POR
Jabari Walker,Reserves,POR,202501110POR
Bryce McGowens,Reserves,POR,202501110POR
Justin Minaya,Reserves,POR,202501110POR
Rayan Rupert,Reserves,POR,202501110POR
Deandre Ayton,Reserves: Did Not Dress,POR,202501110POR
Matisse Thybulle,Reserves: Did Not Dress,POR,202501110POR
Scottie Barnes,Starter,TOR,202501080NYK
Immanuel Quickley,Starter,TOR,202501080NYK
Jakob Poeltl,Starter,TOR,202501080NYK
RJ Barrett,Starter,TOR,202501080NYK
Gradey Dick,Starter,TOR,202501080NYK
Ja'Kobe Walter,Reserves,TOR,202501080NYK
Bruce Brown,Reserves,TOR,202501080NYK
Kelly Olynyk,Reserves,TOR,202501080NYK
Jamal Shead,Reserves,TOR,202501080NYK
Ochai Agbaji,Reserves,TOR,202501080NYK
Chris Boucher,Reserves,TOR,202501080NYK
Garrett Temple,Reserves,TOR,202501080NYK
Davion Mitchell,Reserves,TOR,202501080NYK
Josh Hart,Starter,NYK,202501080NYK
OG Anunoby,Starter,NYK,202501080NYK
Mikal Bridges,Starter,NYK,202501080NYK
Jalen Brunson,Starter,NYK,202501080NYK
Karl-Anthony Towns,Starter,NYK,202501080NYK
Landry Shamet,Reserves,NYK,202501080NYK
Precious Achiuwa,Reserves,NYK,202501080NYK
Cameron Payne,Reserves,NYK,202501080NYK
Jericho Sims,Reserves,NYK,202501080NYK
Tyler Kolek,Reserves,NYK,202501080NYK
Matt Ryan,Reserves,NYK,202501080NYK
Jacob Toppin,Reserves,NYK,202501080NYK
Ariel Hukporti,Reserves: Did Not Play,NYK,202501080NYK
Miles McBride,Reserves: Did Not Dress,NYK,202501080NYK
Jordan Poole,Starter,WAS,202501210LAL
Bilal Coulibaly,Starter,WAS,202501210LAL
Carlton Carrington,Starter,WAS,202501210LAL
Kyle Kuzma,Starter,WAS,202501210LAL
Alex Sarr,Starter,WAS,202501210LAL
Corey Kispert,Reserves,WAS,202501210LAL
Kyshawn George,Reserves,WAS,202501210LAL
Jonas Valančiūnas,Reserves,WAS,202501210LAL
Justin Champagnie,Reserves,WAS,202501210LAL
Johnny Davis,Reserves,WAS,202501210LAL
Anthony Gill,Reserves,WAS,202501210LAL
Tristan Vukcevic,Reserves,WAS,202501210LAL
Richaun Holmes,Reserves: Did Not Play,WAS,202501210LAL
Austin Reaves,Starter,LAL,202501210LAL
LeBron James,Starter,LAL,202501210LAL
Anthony Davis,Starter,LAL,202501210LAL
Max Christie,Starter,LAL,202501210LAL
Rui Hachimura,Starter,LAL,202501210LAL
Gabe Vincent,Reserves,LAL,202501210LAL
Dorian Finney-Smith,Reserves,LAL,202501210LAL
Jaxson Hayes,Reserves,LAL,202501210LAL
Dalton Knecht,Reserves,LAL,202501210LAL
Trey Jemison,Reserves,LAL,202501210LAL
Bronny James,Reserves,LAL,202501210LAL
Shake Milton,Reserves: Did Not Play,LAL,202501210LAL
Cam Reddish,Reserves: Did Not Play,LAL,202501210LAL
Lindy Waters III,Starter,GSW,202501100IND
Buddy Hield,Starter,GSW,202501100IND
Dennis Schröder,Starter,GSW,202501100IND
Trayce Jackson-Davis,Starter,GSW,202501100IND
Kyle Anderson,Starter,GSW,202501100IND
Gui Santos,Reserves,GSW,202501100IND
Moses Moody,Reserves,GSW,202501100IND
Pat Spencer,Reserves,GSW,202501100IND
Kevon Looney,Reserves,GSW,202501100IND
Quinten Post,Reserves,GSW,202501100IND
Draymond Green,Reserves: Did Not Dress,GSW,202501100IND
Tyrese Haliburton,Starter,IND,202501100IND
Bennedict Mathurin,Starter,IND,202501100IND
Pascal Siakam,Starter,IND,202501100IND
Myles Turner,Starter,IND,202501100IND
Andrew Nembhard,Starter,IND,202501100IND
Ben Sheppard,Reserves,IND,202501100IND
T.J. McConnell,Reserves,IND,202501100IND
Thomas Bryant,Reserves,IND,202501100IND
Obi Toppin,Reserves,IND,202501100IND
Jarace Walker,Reserves,IND,202501100IND
RayJ Dennis,Reserves,IND,202501100IND
Johnny Furphy,Reserves,IND,202501100IND
James Johnson,Reserves,IND,202501100IND
Aaron Nesmith,Reserves: Did Not Dress,IND,202501100IND
Jamal Murray,Starter,DEN,202501190ORL
Christian Braun,Starter,DEN,202501190ORL
Nikola Jokić,Starter,DEN,202501190ORL
Michael Porter Jr.,Starter,DEN,202501190ORL
Russell Westbrook,Starter,DEN,202501190ORL
Julian Strawther,Reserves,DEN,202501190ORL
Aaron Gordon,Reserves,DEN,202501190ORL
DeAndre Jordan,Reserves,DEN,202501190ORL
Peyton Watson,Reserves,DEN,202501190ORL
Jalen Pickett,Reserves,DEN,202501190ORL
PJ Hall,Reserves,DEN,202501190ORL
Zeke Nnaji,Reserves,DEN,202501190ORL
Hunter Tyson,Reserves,DEN,202501190ORL
Dario Šarić,Reserves: Did Not Play,DEN,202501190ORL
Kentavious Caldwell-Pope,Starter,ORL,202501190ORL
Wendell Carter Jr.,Starter,ORL,202501190ORL
Tristan Da Silva,Starter,ORL,202501190ORL
Paolo Banchero,Starter,ORL,202501190ORL
Cole Anthony,Starter,ORL,202501190ORL
Anthony Black,Reserves,ORL,202501190ORL
Trevelin Queen,Reserves,ORL,202501190ORL
Caleb Houstan,Reserves,ORL,202501190ORL
Jonathan Isaac,Reserves,ORL,202501190ORL
Cory Joseph,Reserves,ORL,202501190ORL
Jett Howard,Reserves: Did Not Dress,ORL,202501190ORL
Jalen Suggs,Reserves: Did Not Dress,ORL,202501190ORL
Scotty Pippen Jr.,Starter,MEM,202412210ATL
Desmond Bane,Starter,MEM,202412210ATL
Zach Edey,Starter,MEM,202412210ATL
Jaylen Wells,Starter,MEM,202412210ATL
Jaren Jackson Jr.,Starter,MEM,202412210ATL
Jake LaRavia,Reserves,MEM,202412210ATL
Santi Aldama,Reserves,MEM,202412210ATL
Brandon Clarke,Reserves,MEM,202412210ATL
Luke Kennard,Reserves,MEM,202412210ATL
John Konchar,Reserves,MEM,202412210ATL
Marcus Smart,Reserves,MEM,202412210ATL
Cam Spencer,Reserves,MEM,202412210ATL
Jalen Johnson,Starter,ATL,202412210ATL
Dyson Daniels,Starter,ATL,202412210ATL
Zaccharie Risacher,Starter,ATL,202412210ATL
Vit Krejci,Starter,ATL,202412210ATL
Clint Capela,Starter,ATL,202412210ATL
Bogdan Bogdanović,Reserves,ATL,202412210ATL
De'Andre Hunter,Reserves,ATL,202412210ATL
Larry Nance Jr.,Reserves,ATL,202412210ATL
Keaton Wallace,Reserves,ATL,202412210ATL
David Roddy,Reserves,ATL,202412210ATL
Garrison Mathews,Reserves,ATL,202412210ATL
Dominick Barlow,Reserves,ATL,202412210ATL
P.J. Washington,Starter,DAL,202412010POR
Luka Dončić,Starter,DAL,202412010POR
Quentin Grimes,Starter,DAL,202412010POR
Daniel Gafford,Starter,DAL,202412010POR
Jaden Hardy,Starter,DAL,202412010POR
Spencer Dinwiddie,Reserves,DAL,202412010POR
Maxi Kleber,Reserves,DAL,202412010POR
Dwight Powell,Reserves,DAL,202412010POR
Olivier-Maxence Prosper,Reserves,DAL,202412010POR
Kessler Edwards,Reserves: Did Not Play,DAL,202412010POR
Jazian Gortman,Reserves: Did Not Play,DAL,202412010POR
Markieff Morris,Reserves: Did Not Play,DAL,202412010POR
Jerami Grant,Starter,POR,202412010POR
Shaedon Sharpe,Starter,POR,202412010POR
Toumani Camara,Starter,POR,202412010POR
Deandre Ayton,Starter,POR,202412010POR
Anfernee Simons,Starter,POR,202412010POR
Deni Avdija,Reserves,POR,202412010POR
Dalano Banton,Reserves,POR,202412010POR
Jabari Walker,Reserves,POR,202412010POR
Kris Murray,Reserves,POR,202412010POR
Rayan Rupert,Reserves,POR,202412010POR
Donovan Clingan,Reserves: Did Not Dress,POR,202412010POR
Scoot Henderson,Reserves: Did Not Dress,POR,202412010POR
Taze Moore,Reserves: Did Not Play,POR,202412010POR
Duop Reath,Reserves: Did Not Play,POR,202412010POR
Matisse Thybulle,Reserves: Did Not Dress,POR,202412010POR
Deni Avdija,Starter,POR,202501040MIL
Anfernee Simons,Starter,POR,202501040MIL
Deandre Ayton,Starter,POR,202501040MIL
Toumani Camara,Starter,POR,202501040MIL
Shaedon Sharpe,Starter,POR,202501040MIL
Scoot Henderson,Reserves,POR,202501040MIL
Kris Murray,Reserves,POR,202501040MIL
Donovan Clingan,Reserves,POR,202501040MIL
Dalano Banton,Reserves: Did Not Play,POR,202501040MIL
Jerami Grant,Reserves: Did Not Dress,POR,202501040MIL
Duop Reath,Reserves: Did Not Play,POR,202501040MIL
Rayan Rupert,Reserves: Did Not Play,POR,202501040MIL
Matisse Thybulle,Reserves: Did Not Dress,POR,202501040MIL
Jabari Walker,Reserves: Did Not Play,POR,202501040MIL
Robert Williams,Reserves: Did Not Play,POR,202501040MIL
Giannis Antetokounmpo,Starter,MIL,202501040MIL
Damian Lillard,Starter,MIL,202501040MIL
Khris Middleton,Starter,MIL,202501040MIL
Brook Lopez,Starter,MIL,202501040MIL
Andre Jackson Jr.,Starter,MIL,202501040MIL
A.J. Green,Reserves,MIL,202501040MIL
Bobby Portis,Reserves,MIL,202501040MIL
Taurean Prince,Reserves,MIL,202501040MIL
Gary Trent Jr.,Reserves,MIL,202501040MIL
Ryan Rollins,Reserves,MIL,202501040MIL
MarJon Beauchamp,Reserves: Did Not Play,MIL,202501040MIL
Pat Connaughton,Reserves: Did Not Play,MIL,202501040MIL
Stanley Umude,Reserves: Did Not Play,MIL,202501040MIL
Delon Wright,Reserves: Did Not Play,MIL,202501040MIL
Amen Thompson,Starter,HOU,202501070WAS
Fred VanVleet,Starter,HOU,202501070WAS
Jalen Green,Starter,HOU,202501070WAS
Alperen Şengün,Starter,HOU,202501070WAS
Dillon Brooks,Starter,HOU,202501070WAS
Aaron Holiday,Reserves,HOU,202501070WAS
Cam Whitmore,Reserves,HOU,202501070WAS
Jae'Sean Tate,Reserves,HOU,202501070WAS
Steven Adams,Reserves,HOU,202501070WAS
Jeff Green,Reserves,HOU,202501070WAS
Jock Landale,Reserves,HOU,202501070WAS
Jeenathan Williams,Reserves,HOU,202501070WAS
Tari Eason,Reserves: Did Not Dress,HOU,202501070WAS
Jabari Smith Jr.,Reserves: Did Not Dress,HOU,202501070WAS
Carlton Carrington,Starter,WAS,202501070WAS
Bilal Coulibaly,Starter,WAS,202501070WAS
Kyshawn George,Starter,WAS,202501070WAS
Alex Sarr,Starter,WAS,202501070WAS
Kyle Kuzma,Starter,WAS,202501070WAS
Corey Kispert,Reserves,WAS,202501070WAS
Jonas Valančiūnas,Reserves,WAS,202501070WAS
Jared Butler,Reserves,WAS,202501070WAS
Justin Champagnie,Reserves,WAS,202501070WAS
Patrick Baldwin Jr.,Reserves,WAS,202501070WAS
Anthony Gill,Reserves,WAS,202501070WAS
Richaun Holmes,Reserves,WAS,202501070WAS
Amen Thompson,Starter,HOU,202412230CHO
Jabari Smith Jr.,Starter,HOU,202412230CHO
Fred VanVleet,Starter,HOU,202412230CHO
Alperen Şengün,Starter,HOU,202412230CHO
Jalen Green,Starter,HOU,202412230CHO
Cam Whitmore,Reserves,HOU,202412230CHO
Reed Sheppard,Reserves,HOU,202412230CHO
Jae'Sean Tate,Reserves,HOU,202412230CHO
Steven Adams,Reserves,HOU,202412230CHO
Jeff Green,Reserves,HOU,202412230CHO
Jock Landale,Reserves,HOU,202412230CHO
Aaron Holiday,Reserves,HOU,202412230CHO
Jack McVeigh,Reserves: Did Not Play,HOU,202412230CHO
N'Faly Dante,Reserves: Did Not Play,HOU,202412230CHO
Jeenathan Williams,Reserves: Did Not Play,HOU,202412230CHO
Cody Martin,Starter,CHO,202412230CHO
Josh Green,Starter,CHO,202412230CHO
LaMelo Ball,Starter,CHO,202412230CHO
Miles Bridges,Starter,CHO,202412230CHO
Mark Williams,Starter,CHO,202412230CHO
DaQuan Jeffries,Reserves,CHO,202412230CHO
Tidjane Salaün,Reserves,CHO,202412230CHO
Moussa Diabaté,Reserves,CHO,202412230CHO
Vasilije Micić,Reserves,CHO,202412230CHO
Nick Richards,Reserves,CHO,202412230CHO
Isaiah Wong,Reserves,CHO,202412230CHO
Seth Curry,Reserves,CHO,202412230CHO
Nick Smith Jr.,Reserves,CHO,202412230CHO
Taj Gibson,Reserves: Did Not Play,CHO,202412230CHO
Kyrie Irving,Starter,DAL,202412070TOR
Luka Dončić,Starter,DAL,202412070TOR
P.J. Washington,Starter,DAL,202412070TOR
Dereck Lively II,Starter,DAL,202412070TOR
Klay Thompson,Starter,DAL,202412070TOR
Spencer Dinwiddie,Reserves,DAL,202412070TOR
Daniel Gafford,Reserves,DAL,202412070TOR
Quentin Grimes,Reserves,DAL,202412070TOR
Olivier-Maxence Prosper,Reserves,DAL,202412070TOR
Dwight Powell,Reserves,DAL,202412070TOR
Jazian Gortman,Reserves: Did Not Play,DAL,202412070TOR
Markieff Morris,Reserves: Did Not Play,DAL,202412070TOR
Scottie Barnes,Starter,TOR,202412070TOR
Gradey Dick,Starter,TOR,202412070TOR
Jakob Poeltl,Starter,TOR,202412070TOR
RJ Barrett,Starter,TOR,202412070TOR
Ochai Agbaji,Starter,TOR,202412070TOR
Davion Mitchell,Reserves,TOR,202412070TOR
Jonathan Mogbo,Reserves,TOR,202412070TOR
Ja'Kobe Walter,Reserves,TOR,202412070TOR
Kelly Olynyk,Reserves,TOR,202412070TOR
Jamison Battle,Reserves,TOR,202412070TOR
Chris Boucher,Reserves: Did Not Play,TOR,202412070TOR
Ulrich Chomche,Reserves: Did Not Play,TOR,202412070TOR
Bruno Fernando,Reserves: Did Not Play,TOR,202412070TOR
Jamal Shead,Reserves: Did Not Play,TOR,202412070TOR
Garrett Temple,Reserves: Did Not Play,TOR,202412070TOR
Bilal Coulibaly,Starter,WAS,202501270DAL
Jordan Poole,Starter,WAS,202501270DAL
Kyshawn George,Starter,WAS,202501270DAL
Kyle Kuzma,Starter,WAS,202501270DAL
Alex Sarr,Starter,WAS,202501270DAL
Corey Kispert,Reserves,WAS,202501270DAL
Bub Carrington,Reserves,WAS,202501270DAL
Jonas Valančiūnas,Reserves,WAS,202501270DAL
Justin Champagnie,Reserves,WAS,202501270DAL
Richaun Holmes,Reserves,WAS,202501270DAL
Patrick Baldwin Jr.,Reserves,WAS,202501270DAL
Tristan Vukcevic,Reserves,WAS,202501270DAL
Johnny Davis,Reserves,WAS,202501270DAL
Anthony Gill,Reserves,WAS,202501270DAL
Kyrie Irving,Starter,DAL,202501270DAL
Spencer Dinwiddie,Starter,DAL,202501270DAL
P.J. Washington,Starter,DAL,202501270DAL
Daniel Gafford,Starter,DAL,202501270DAL
Klay Thompson,Starter,DAL,202501270DAL
Quentin Grimes,Reserves,DAL,202501270DAL
Olivier-Maxence Prosper,Reserves,DAL,202501270DAL
Kessler Edwards,Reserves,DAL,202501270DAL
Jaden Hardy,Reserves,DAL,202501270DAL
Markieff Morris,Reserves,DAL,202501270DAL
Kylor Kelley,Reserves,DAL,202501270DAL
Brandon Williams,Reserves,DAL,202501270DAL
Karl-Anthony Towns,Starter,NYK,202412150ORL
Mikal Bridges,Starter,NYK,202412150ORL
Jalen Brunson,Starter,NYK,202412150ORL
OG Anunoby,Starter,NYK,202412150ORL
Josh Hart,Starter,NYK,202412150ORL
Miles McBride,Reserves,NYK,202412150ORL
Precious Achiuwa,Reserves,NYK,202412150ORL
Cameron Payne,Reserves,NYK,202412150ORL
Tyler Kolek,Reserves: Did Not Play,NYK,202412150ORL
Matt Ryan,Reserves: Did Not Play,NYK,202412150ORL
Jericho Sims,Reserves: Did Not Play,NYK,202412150ORL
Jacob Toppin,Reserves: Did Not Play,NYK,202412150ORL
Kentavious Caldwell-Pope,Starter,ORL,202412150ORL
Jalen Suggs,Starter,ORL,202412150ORL
Tristan Da Silva,Starter,ORL,202412150ORL
Wendell Carter Jr.,Starter,ORL,202412150ORL
Goga Bitadze,Starter,ORL,202412150ORL
Moritz Wagner,Reserves,ORL,202412150ORL
Anthony Black,Reserves,ORL,202412150ORL
Jonathan Isaac,Reserves,ORL,202412150ORL
Cory Joseph,Reserves,ORL,202412150ORL
Cole Anthony,Reserves,ORL,202412150ORL
Caleb Houstan,Reserves,ORL,202412150ORL
Jett Howard,Reserves,ORL,202412150ORL
Trevelin Queen,Reserves,ORL,202412150ORL
Ja Morant,Starter,MEM,202412070BOS
Jaren Jackson Jr.,Starter,MEM,202412070BOS
Desmond Bane,Starter,MEM,202412070BOS
Brandon Clarke,Starter,MEM,202412070BOS
Jaylen Wells,Starter,MEM,202412070BOS
Jake LaRavia,Reserves,MEM,202412070BOS
Marcus Smart,Reserves,MEM,202412070BOS
Jay Huff,Reserves,MEM,202412070BOS
Scotty Pippen Jr.,Reserves,MEM,202412070BOS
Santi Aldama,Reserves,MEM,202412070BOS
Colin Castleton,Reserves: Did Not Play,MEM,202412070BOS
Yuki Kawamura,Reserves: Did Not Play,MEM,202412070BOS
John Konchar,Reserves: Did Not Play,MEM,202412070BOS
Cam Spencer,Reserves: Did Not Play,MEM,202412070BOS
Derrick White,Starter,BOS,202412070BOS
Jayson Tatum,Starter,BOS,202412070BOS
Jaylen Brown,Starter,BOS,202412070BOS
Kristaps Porziņģis,Starter,BOS,202412070BOS
Jrue Holiday,Starter,BOS,202412070BOS
Payton Pritchard,Reserves,BOS,202412070BOS
Neemias Queta,Reserves,BOS,202412070BOS
Luke Kornet,Reserves,BOS,202412070BOS
Sam Hauser,Reserves,BOS,202412070BOS
Drew Peterson,Reserves: Did Not Play,BOS,202412070BOS
Baylor Scheierman,Reserves: Did Not Play,BOS,202412070BOS
Jaden Springer,Reserves: Did Not Play,BOS,202412070BOS
Xavier Tillman Sr.,Reserves: Did Not Play,BOS,202412070BOS
Jordan Walsh,Reserves: Did Not Play,BOS,202412070BOS
Damian Lillard,Starter,MIL,202412060BOS
Brook Lopez,Starter,MIL,202412060BOS
Giannis Antetokounmpo,Starter,MIL,202412060BOS
Andre Jackson Jr.,Starter,MIL,202412060BOS
Taurean Prince,Starter,MIL,202412060BOS
Gary Trent Jr.,Reserves,MIL,202412060BOS
Khris Middleton,Reserves,MIL,202412060BOS
A.J. Green,Reserves,MIL,202412060BOS
Bobby Portis,Reserves,MIL,202412060BOS
MarJon Beauchamp,Reserves: Did Not Play,MIL,202412060BOS
Pat Connaughton,Reserves: Did Not Play,MIL,202412060BOS
Ryan Rollins,Reserves: Did Not Play,MIL,202412060BOS
Stanley Umude,Reserves: Did Not Play,MIL,202412060BOS
Delon Wright,Reserves: Did Not Play,MIL,202412060BOS
Derrick White,Starter,BOS,202412060BOS
Jayson Tatum,Starter,BOS,202412060BOS
Al Horford,Starter,BOS,202412060BOS
Jaylen Brown,Starter,BOS,202412060BOS
Jrue Holiday,Starter,BOS,202412060BOS
Sam Hauser,Reserves,BOS,202412060BOS
Payton Pritchard,Reserves,BOS,202412060BOS
Neemias Queta,Reserves,BOS,202412060BOS
Luke Kornet,Reserves: Did Not Play,BOS,202412060BOS
Drew Peterson,Reserves: Did Not Play,BOS,202412060BOS
Baylor Scheierman,Reserves: Did Not Play,BOS,202412060BOS
Jaden Springer,Reserves: Did Not Play,BOS,202412060BOS
Xavier Tillman Sr.,Reserves: Did Not Play,BOS,202412060BOS
Jordan Walsh,Reserves: Did Not Play,BOS,202412060BOS
Tyrese Haliburton,Starter,IND,202412060CHI
Pascal Siakam,Starter,IND,202412060CHI
Bennedict Mathurin,Starter,IND,202412060CHI
Myles Turner,Starter,IND,202412060CHI
Andrew Nembhard,Starter,IND,202412060CHI
Jarace Walker,Reserves,IND,202412060CHI
T.J. McConnell,Reserves,IND,202412060CHI
Obi Toppin,Reserves,IND,202412060CHI
Johnny Furphy,Reserves,IND,202412060CHI
Moses Brown,Reserves: Did Not Play,IND,202412060CHI
Enrique Freeman,Reserves: Did Not Play,IND,202412060CHI
Quenton Jackson,Reserves: Did Not Play,IND,202412060CHI
James Johnson,Reserves: Did Not Play,IND,202412060CHI
Tristen Newton,Reserves: Did Not Play,IND,202412060CHI
Ben Sheppard,Reserves: Did Not Dress,IND,202412060CHI
Zach LaVine,Starter,CHI,202412060CHI
Ayo Dosunmu,Starter,CHI,202412060CHI
Coby White,Starter,CHI,202412060CHI
Nikola Vučević,Starter,CHI,202412060CHI
Josh Giddey,Starter,CHI,202412060CHI
Jalen Smith,Reserves,CHI,202412060CHI
Matas Buzelis,Reserves,CHI,202412060CHI
Lonzo Ball,Reserves,CHI,202412060CHI
Dalen Terry,Reserves,CHI,202412060CHI
Julian Phillips,Reserves,CHI,202412060CHI
Talen Horton-Tucker,Reserves,CHI,202412060CHI
Jevon Carter,Reserves: Did Not Play,CHI,202412060CHI
Torrey Craig,Reserves: Did Not Play,CHI,202412060CHI
Chris Duarte,Reserves: Did Not Play,CHI,202412060CHI
Shai Gilgeous-Alexander,Starter,OKC,202412200MIA
Jalen Williams,Starter,OKC,202412200MIA
Isaiah Hartenstein,Starter,OKC,202412200MIA
Luguentz Dort,Starter,OKC,202412200MIA
Cason Wallace,Starter,OKC,202412200MIA
Alex Caruso,Reserves,OKC,202412200MIA
Isaiah Joe,Reserves,OKC,202412200MIA
Ajay Mitchell,Reserves,OKC,202412200MIA
Aaron Wiggins,Reserves,OKC,202412200MIA
Kenrich Williams,Reserves,OKC,202412200MIA
Branden Carlson,Reserves: Did Not Play,OKC,202412200MIA
Ousmane Dieng,Reserves: Did Not Play,OKC,202412200MIA
Bam Adebayo,Starter,MIA,202412200MIA
Tyler Herro,Starter,MIA,202412200MIA
Duncan Robinson,Starter,MIA,202412200MIA
Haywood Highsmith,Starter,MIA,202412200MIA
Jimmy Butler,Starter,MIA,202412200MIA
Dru Smith,Reserves,MIA,202412200MIA
Jaime Jaquez Jr.,Reserves,MIA,202412200MIA
Terry Rozier,Reserves,MIA,202412200MIA
Nikola Jović,Reserves,MIA,202412200MIA
Kevin Love,Reserves,MIA,202412200MIA
Alec Burks,Reserves: Did Not Play,MIA,202412200MIA
Keshad Johnson,Reserves: Did Not Play,MIA,202412200MIA
Pelle Larsson,Reserves: Did Not Play,MIA,202412200MIA
Kel'el Ware,Reserves: Did Not Play,MIA,202412200MIA
Jalen Williams,Starter,OKC,202412280CHO
Aaron Wiggins,Starter,OKC,202412280CHO
Shai Gilgeous-Alexander,Starter,OKC,202412280CHO
Ajay Mitchell,Starter,OKC,202412280CHO
Isaiah Hartenstein,Starter,OKC,202412280CHO
Jaylin Williams,Reserves,OKC,202412280CHO
Kenrich Williams,Reserves,OKC,202412280CHO
Isaiah Joe,Reserves,OKC,202412280CHO
Dillon Jones,Reserves,OKC,202412280CHO
Ousmane Dieng,Reserves,OKC,202412280CHO
Branden Carlson,Reserves: Did Not Play,OKC,202412280CHO
Josh Green,Starter,CHO,202412280CHO
Miles Bridges,Starter,CHO,202412280CHO
Vasilije Micić,Starter,CHO,202412280CHO
Mark Williams,Starter,CHO,202412280CHO
Seth Curry,Starter,CHO,202412280CHO
Tidjane Salaün,Reserves,CHO,202412280CHO
Isaiah Wong,Reserves,CHO,202412280CHO
Moussa Diabaté,Reserves,CHO,202412280CHO
DaQuan Jeffries,Reserves,CHO,202412280CHO
Nick Richards,Reserves,CHO,202412280CHO
Taj Gibson,Reserves: Did Not Play,CHO,202412280CHO
Grant Williams,Reserves: Did Not Dress,CHO,202412280CHO
Paolo Banchero,Starter,ORL,202501270MIA
Anthony Black,Starter,ORL,202501270MIA
Franz Wagner,Starter,ORL,202501270MIA
Kentavious Caldwell-Pope,Starter,ORL,202501270MIA
Wendell Carter Jr.,Starter,ORL,202501270MIA
Tristan Da Silva,Reserves,ORL,202501270MIA
Goga Bitadze,Reserves,ORL,202501270MIA
Jonathan Isaac,Reserves,ORL,202501270MIA
Cole Anthony,Reserves,ORL,202501270MIA
Caleb Houstan,Reserves: Did Not Play,ORL,202501270MIA
Jett Howard,Reserves: Did Not Play,ORL,202501270MIA
Cory Joseph,Reserves: Did Not Play,ORL,202501270MIA
Trevelin Queen,Reserves: Did Not Play,ORL,202501270MIA
Jalen Suggs,Reserves: Did Not Dress,ORL,202501270MIA
Tyler Herro,Starter,MIA,202501270MIA
Duncan Robinson,Starter,MIA,202501270MIA
Bam Adebayo,Starter,MIA,202501270MIA
Kel'el Ware,Starter,MIA,202501270MIA
Haywood Highsmith,Starter,MIA,202501270MIA
Nikola Jović,Reserves,MIA,202501270MIA
Terry Rozier,Reserves,MIA,202501270MIA
Pelle Larsson,Reserves,MIA,202501270MIA
Kevin Love,Reserves,MIA,202501270MIA
Alec Burks,Reserves: Did Not Play,MIA,202501270MIA
Josh Christopher,Reserves: Did Not Play,MIA,202501270MIA
Jaime Jaquez Jr.,Reserves,MIA,202501270MIA
Keshad Johnson,Reserves: Did Not Play,MIA,202501270MIA
Josh Richardson,Reserves: Did Not Dress,MIA,202501270MIA
Rudy Gobert,Starter,MIN,202412060GSW
Anthony Edwards,Starter,MIN,202412060GSW
Jaden McDaniels,Starter,MIN,202412060GSW
Mike Conley,Starter,MIN,202412060GSW
Julius Randle,Starter,MIN,202412060GSW
Naz Reid,Reserves,MIN,202412060GSW
Donte DiVincenzo,Reserves,MIN,202412060GSW
Nickeil Alexander-Walker,Reserves,MIN,202412060GSW
Josh Minott,Reserves,MIN,202412060GSW
Luka Garza,Reserves,MIN,202412060GSW
PJ Dozier,Reserves,MIN,202412060GSW
Daishen Nix,Reserves,MIN,202412060GSW
Terrence Shannon Jr. ,Reserves,MIN,202412060GSW
Stephen Curry,Starter,GSW,202412060GSW
Jonathan Kuminga,Starter,GSW,202412060GSW
Brandin Podziemski,Starter,GSW,202412060GSW
Kevon Looney,Starter,GSW,202412060GSW
Andrew Wiggins,Starter,GSW,202412060GSW
Draymond Green,Reserves,GSW,202412060GSW
Lindy Waters III,Reserves,GSW,202412060GSW
Gary Payton II,Reserves,GSW,202412060GSW
Buddy Hield,Reserves,GSW,202412060GSW
Kyle Anderson,Reserves,GSW,202412060GSW
Trayce Jackson-Davis,Reserves,GSW,202412060GSW
Pat Spencer,Reserves,GSW,202412060GSW
Moses Moody,Reserves,GSW,202412060GSW
Trae Young,Starter,ATL,202501200NYK
Jalen Johnson,Starter,ATL,202501200NYK
Vit Krejci,Starter,ATL,202501200NYK
Dyson Daniels,Starter,ATL,202501200NYK
Onyeka Okongwu,Starter,ATL,202501200NYK
De'Andre Hunter,Reserves,ATL,202501200NYK
Clint Capela,Reserves,ATL,202501200NYK
Bogdan Bogdanović,Reserves,ATL,202501200NYK
Garrison Mathews,Reserves,ATL,202501200NYK
Dominick Barlow,Reserves: Did Not Play,ATL,202501200NYK
Daeqwon Plowden,Reserves: Did Not Play,ATL,202501200NYK
David Roddy,Reserves: Did Not Play,ATL,202501200NYK
OG Anunoby,Starter,NYK,202501200NYK
Jalen Brunson,Starter,NYK,202501200NYK
Josh Hart,Starter,NYK,202501200NYK
Karl-Anthony Towns,Starter,NYK,202501200NYK
Mikal Bridges,Starter,NYK,202501200NYK
Miles McBride,Reserves,NYK,202501200NYK
Precious Achiuwa,Reserves,NYK,202501200NYK
Cameron Payne,Reserves,NYK,202501200NYK
Landry Shamet,Reserves,NYK,202501200NYK
Pacome Dadiet,Reserves: Did Not Play,NYK,202501200NYK
Ariel Hukporti,Reserves: Did Not Play,NYK,202501200NYK
Tyler Kolek,Reserves: Did Not Play,NYK,202501200NYK
Matt Ryan,Reserves: Did Not Play,NYK,202501200NYK
Jericho Sims,Reserves: Did Not Play,NYK,202501200NYK
Jacob Toppin,Reserves: Did Not Play,NYK,202501200NYK
P.J. Washington,Starter,DAL,202412300SAC
Spencer Dinwiddie,Starter,DAL,202412300SAC
Quentin Grimes,Starter,DAL,202412300SAC
Daniel Gafford,Starter,DAL,202412300SAC
Jaden Hardy,Starter,DAL,202412300SAC
Maxi Kleber,Reserves,DAL,202412300SAC
Brandon Williams,Reserves,DAL,202412300SAC
Dwight Powell,Reserves,DAL,202412300SAC
Olivier-Maxence Prosper,Reserves,DAL,202412300SAC
Jazian Gortman,Reserves,DAL,202412300SAC
Kessler Edwards,Reserves,DAL,202412300SAC
Naji Marshall,Reserves,DAL,202412300SAC
Markieff Morris,Reserves: Did Not Play,DAL,202412300SAC
Keegan Murray,Starter,SAC,202412300SAC
Malik Monk,Starter,SAC,202412300SAC
De'Aaron Fox,Starter,SAC,202412300SAC
Domantas Sabonis,Starter,SAC,202412300SAC
DeMar DeRozan,Starter,SAC,202412300SAC
Trey Lyles,Reserves,SAC,202412300SAC
Keon Ellis,Reserves,SAC,202412300SAC
Kevin Huerter,Reserves,SAC,202412300SAC
Alex Len,Reserves,SAC,202412300SAC
Isaiah Crawford,Reserves,SAC,202412300SAC
Colby Jones,Reserves,SAC,202412300SAC
Isaac Jones,Reserves,SAC,202412300SAC
Jordan McLaughlin,Reserves,SAC,202412300SAC
Orlando Robinson,Reserves: Did Not Play,SAC,202412300SAC
Jaylen Wells,Starter,MEM,202501030SAC
Desmond Bane,Starter,MEM,202501030SAC
Jaren Jackson Jr.,Starter,MEM,202501030SAC
Scotty Pippen Jr.,Starter,MEM,202501030SAC
Brandon Clarke,Starter,MEM,202501030SAC
Luke Kennard,Reserves,MEM,202501030SAC
Zach Edey,Reserves,MEM,202501030SAC
Jake LaRavia,Reserves,MEM,202501030SAC
John Konchar,Reserves,MEM,202501030SAC
Jay Huff,Reserves,MEM,202501030SAC
Colin Castleton,Reserves: Did Not Play,MEM,202501030SAC
Cam Spencer,Reserves: Did Not Play,MEM,202501030SAC
De'Aaron Fox,Starter,SAC,202501030SAC
Domantas Sabonis,Starter,SAC,202501030SAC
DeMar DeRozan,Starter,SAC,202501030SAC
Keon Ellis,Starter,SAC,202501030SAC
Malik Monk,Starter,SAC,202501030SAC
Trey Lyles,Reserves,SAC,202501030SAC
Kevin Huerter,Reserves,SAC,202501030SAC
Devin Carter,Reserves,SAC,202501030SAC
Alex Len,Reserves,SAC,202501030SAC
Jae Crowder,Reserves: Did Not Play,SAC,202501030SAC
Colby Jones,Reserves: Did Not Play,SAC,202501030SAC
Isaac Jones,Reserves: Did Not Play,SAC,202501030SAC
Doug McDermott,Reserves: Did Not Play,SAC,202501030SAC
Jordan McLaughlin,Reserves: Did Not Play,SAC,202501030SAC
Orlando Robinson,Reserves: Did Not Play,SAC,202501030SAC
Nikola Jokić,Starter,DEN,202412010LAC
Jamal Murray,Starter,DEN,202412010LAC
Christian Braun,Starter,DEN,202412010LAC
Michael Porter Jr.,Starter,DEN,202412010LAC
Peyton Watson,Starter,DEN,202412010LAC
Russell Westbrook,Reserves,DEN,202412010LAC
Aaron Gordon,Reserves,DEN,202412010LAC
Julian Strawther,Reserves,DEN,202412010LAC
PJ Hall,Reserves: Did Not Play,DEN,202412010LAC
DeAndre Jordan,Reserves: Did Not Play,DEN,202412010LAC
Zeke Nnaji,Reserves: Did Not Play,DEN,202412010LAC
Jalen Pickett,Reserves: Did Not Play,DEN,202412010LAC
Dario Šarić,Reserves: Did Not Play,DEN,202412010LAC
Hunter Tyson,Reserves: Did Not Play,DEN,202412010LAC
James Harden,Starter,LAC,202412010LAC
Ivica Zubac,Starter,LAC,202412010LAC
Derrick Jones Jr.,Starter,LAC,202412010LAC
Norman Powell,Starter,LAC,202412010LAC
Kris Dunn,Starter,LAC,202412010LAC
Terance Mann,Reserves,LAC,202412010LAC
Nicolas Batum,Reserves,LAC,202412010LAC
Amir Coffey,Reserves,LAC,202412010LAC
Jordan Miller,Reserves,LAC,202412010LAC
Mo Bamba,Reserves,LAC,202412010LAC
Bones Hyland,Reserves: Did Not Play,LAC,202412010LAC
Kai Jones,Reserves: Did Not Play,LAC,202412010LAC
Jamal Murray,Starter,DEN,202501310PHI
Nikola Jokić,Starter,DEN,202501310PHI
Aaron Gordon,Starter,DEN,202501310PHI
Michael Porter Jr.,Starter,DEN,202501310PHI
Russell Westbrook,Starter,DEN,202501310PHI
Christian Braun,Reserves,DEN,202501310PHI
Peyton Watson,Reserves,DEN,202501310PHI
Julian Strawther,Reserves,DEN,202501310PHI
PJ Hall,Reserves: Did Not Play,DEN,202501310PHI
DeAndre Jordan,Reserves: Did Not Play,DEN,202501310PHI
Zeke Nnaji,Reserves: Did Not Play,DEN,202501310PHI
Jalen Pickett,Reserves: Did Not Play,DEN,202501310PHI
Dario Šarić,Reserves: Did Not Play,DEN,202501310PHI
Hunter Tyson,Reserves: Did Not Play,DEN,202501310PHI
Kelly Oubre Jr.,Starter,PHI,202501310PHI
Tyrese Maxey,Starter,PHI,202501310PHI
Guerschon Yabusele,Starter,PHI,202501310PHI
Justin Edwards,Starter,PHI,202501310PHI
Eric Gordon,Starter,PHI,202501310PHI
Kyle Lowry,Reserves,PHI,202501310PHI
Reggie Jackson,Reserves,PHI,202501310PHI
Ricky Council IV,Reserves,PHI,202501310PHI
Adem Bona,Reserves,PHI,202501310PHI
Andre Drummond,Reserves: Did Not Dress,PHI,202501310PHI
Caleb Martin,Reserves: Did Not Dress,PHI,202501310PHI
Pete Nance,Reserves: Did Not Play,PHI,202501310PHI
Guerschon Yabusele,Starter,PHI,202501120ORL
Tyrese Maxey,Starter,PHI,202501120ORL
Paul George,Starter,PHI,202501120ORL
Kelly Oubre Jr.,Starter,PHI,202501120ORL
Eric Gordon,Starter,PHI,202501120ORL
Justin Edwards,Reserves,PHI,202501120ORL
Adem Bona,Reserves,PHI,202501120ORL
Reggie Jackson,Reserves,PHI,202501120ORL
Ricky Council IV,Reserves,PHI,202501120ORL
Jeff Dowtin,Reserves,PHI,202501120ORL
Joel Embiid,Reserves: Did Not Dress,PHI,202501120ORL
Caleb Martin,Reserves: Did Not Play,PHI,202501120ORL
Cole Anthony,Starter,ORL,202501120ORL
Paolo Banchero,Starter,ORL,202501120ORL
Caleb Houstan,Starter,ORL,202501120ORL
Goga Bitadze,Starter,ORL,202501120ORL
Tristan Da Silva,Starter,ORL,202501120ORL
Anthony Black,Reserves,ORL,202501120ORL
Trevelin Queen,Reserves,ORL,202501120ORL
Jonathan Isaac,Reserves,ORL,202501120ORL
Wendell Carter Jr.,Reserves,ORL,202501120ORL
Cory Joseph,Reserves,ORL,202501120ORL
Kentavious Caldwell-Pope,Reserves: Did Not Dress,ORL,202501120ORL
Tyler Herro,Starter,MIA,202412210ORL
Bam Adebayo,Starter,MIA,202412210ORL
Duncan Robinson,Starter,MIA,202412210ORL
Dru Smith,Starter,MIA,202412210ORL
Nikola Jović,Starter,MIA,202412210ORL
Terry Rozier,Reserves,MIA,202412210ORL
Pelle Larsson,Reserves,MIA,202412210ORL
Jaime Jaquez Jr.,Reserves,MIA,202412210ORL
Kel'el Ware,Reserves,MIA,202412210ORL
Haywood Highsmith,Reserves,MIA,202412210ORL
Alec Burks,Reserves: Did Not Play,MIA,202412210ORL
Jimmy Butler,Reserves,MIA,202412210ORL
Josh Christopher,Reserves: Did Not Play,MIA,202412210ORL
Keshad Johnson,Reserves: Did Not Play,MIA,202412210ORL
Kentavious Caldwell-Pope,Starter,ORL,202412210ORL
Goga Bitadze,Starter,ORL,202412210ORL
Tristan Da Silva,Starter,ORL,202412210ORL
Anthony Black,Starter,ORL,202412210ORL
Wendell Carter Jr.,Starter,ORL,202412210ORL
Cole Anthony,Reserves,ORL,202412210ORL
Cory Joseph,Reserves,ORL,202412210ORL
Trevelin Queen,Reserves,ORL,202412210ORL
Jonathan Isaac,Reserves,ORL,202412210ORL
Jett Howard,Reserves,ORL,202412210ORL
Caleb Houstan,Reserves,ORL,202412210ORL
Moritz Wagner,Reserves,ORL,202412210ORL
Jalen Suggs,Reserves: Did Not Play,ORL,202412210ORL
Pascal Siakam,Starter,IND,202412190PHO
Tyrese Haliburton,Starter,IND,202412190PHO
Bennedict Mathurin,Starter,IND,202412190PHO
Myles Turner,Starter,IND,202412190PHO
Andrew Nembhard,Starter,IND,202412190PHO
Obi Toppin,Reserves,IND,202412190PHO
Ben Sheppard,Reserves,IND,202412190PHO
T.J. McConnell,Reserves,IND,202412190PHO
Jarace Walker,Reserves,IND,202412190PHO
Thomas Bryant,Reserves,IND,202412190PHO
Johnny Furphy,Reserves: Did Not Play,IND,202412190PHO
James Johnson,Reserves: Did Not Play,IND,202412190PHO
Aaron Nesmith,Reserves: Did Not Play,IND,202412190PHO
Kevin Durant,Starter,PHO,202412190PHO
Jusuf Nurkić,Starter,PHO,202412190PHO
Bradley Beal,Starter,PHO,202412190PHO
Tyus Jones,Starter,PHO,202412190PHO
Devin Booker,Starter,PHO,202412190PHO
Grayson Allen,Reserves,PHO,202412190PHO
Royce O'Neale,Reserves,PHO,202412190PHO
Monte Morris,Reserves,PHO,202412190PHO
Ryan Dunn,Reserves,PHO,202412190PHO
Oso Ighodaro,Reserves,PHO,202412190PHO
Mason Plumlee,Reserves,PHO,202412190PHO
Bol Bol,Reserves: Did Not Play,PHO,202412190PHO
Damion Lee,Reserves: Did Not Play,PHO,202412190PHO
Josh Okogie,Reserves: Did Not Play,PHO,202412190PHO
Zaccharie Risacher,Starter,ATL,202501010DEN
Trae Young,Starter,ATL,202501010DEN
Dyson Daniels,Starter,ATL,202501010DEN
Garrison Mathews,Starter,ATL,202501010DEN
Clint Capela,Starter,ATL,202501010DEN
Vit Krejci,Reserves,ATL,202501010DEN
De'Andre Hunter,Reserves,ATL,202501010DEN
Onyeka Okongwu,Reserves,ATL,202501010DEN
David Roddy,Reserves,ATL,202501010DEN
Dominick Barlow,Reserves,ATL,202501010DEN
Bogdan Bogdanović,Reserves: Did Not Dress,ATL,202501010DEN
Jalen Johnson,Reserves: Did Not Dress,ATL,202501010DEN
Jamal Murray,Starter,DEN,202501010DEN
Christian Braun,Starter,DEN,202501010DEN
Nikola Jokić,Starter,DEN,202501010DEN
Russell Westbrook,Starter,DEN,202501010DEN
Michael Porter Jr.,Starter,DEN,202501010DEN
Julian Strawther,Reserves,DEN,202501010DEN
Peyton Watson,Reserves,DEN,202501010DEN
DeAndre Jordan,Reserves,DEN,202501010DEN
Jalen Pickett,Reserves,DEN,202501010DEN
Hunter Tyson,Reserves,DEN,202501010DEN
Spencer Jones,Reserves,DEN,202501010DEN
Zeke Nnaji,Reserves,DEN,202501010DEN
Dario Šarić,Reserves: Did Not Play,DEN,202501010DEN
Mikal Bridges,Starter,NYK,202412210NOP
Josh Hart,Starter,NYK,202412210NOP
Jalen Brunson,Starter,NYK,202412210NOP
OG Anunoby,Starter,NYK,202412210NOP
Karl-Anthony Towns,Starter,NYK,202412210NOP
Miles McBride,Reserves,NYK,202412210NOP
Jericho Sims,Reserves,NYK,202412210NOP
Precious Achiuwa,Reserves,NYK,202412210NOP
Cameron Payne,Reserves,NYK,202412210NOP
Tyler Kolek,Reserves: Did Not Play,NYK,202412210NOP
Matt Ryan,Reserves: Did Not Play,NYK,202412210NOP
Jacob Toppin,Reserves: Did Not Play,NYK,202412210NOP
Trey Murphy III,Starter,NOP,202412210NOP
Dejounte Murray,Starter,NOP,202412210NOP
Herbert Jones,Starter,NOP,202412210NOP
CJ McCollum,Starter,NOP,202412210NOP
Yves Missi,Starter,NOP,202412210NOP
Jordan Hawkins,Reserves,NOP,202412210NOP
Jeremiah Robinson-Earl,Reserves,NOP,202412210NOP
Javonte Green,Reserves,NOP,202412210NOP
Brandon Boston Jr.,Reserves,NOP,202412210NOP
Jose Alvarado,Reserves: Did Not Dress,NOP,202412210NOP
Trey Jemison,Reserves: Did Not Play,NOP,202412210NOP
Antonio Reeves,Reserves: Did Not Play,NOP,202412210NOP
Nikola Jokić,Starter,DEN,202501120DAL
Russell Westbrook,Starter,DEN,202501120DAL
Jamal Murray,Starter,DEN,202501120DAL
Michael Porter Jr.,Starter,DEN,202501120DAL
Christian Braun,Starter,DEN,202501120DAL
Peyton Watson,Reserves,DEN,202501120DAL
Julian Strawther,Reserves,DEN,202501120DAL
Aaron Gordon,Reserves,DEN,202501120DAL
DeAndre Jordan,Reserves,DEN,202501120DAL
Trey Alexander,Reserves: Did Not Play,DEN,202501120DAL
Zeke Nnaji,Reserves: Did Not Play,DEN,202501120DAL
Jalen Pickett,Reserves: Did Not Play,DEN,202501120DAL
Dario Šarić,Reserves: Did Not Play,DEN,202501120DAL
Hunter Tyson,Reserves: Did Not Play,DEN,202501120DAL
Spencer Dinwiddie,Starter,DAL,202501120DAL
P.J. Washington,Starter,DAL,202501120DAL
Klay Thompson,Starter,DAL,202501120DAL
Naji Marshall,Starter,DAL,202501120DAL
Dereck Lively II,Starter,DAL,202501120DAL
Maxi Kleber,Reserves,DAL,202501120DAL
Quentin Grimes,Reserves,DAL,202501120DAL
Jaden Hardy,Reserves,DAL,202501120DAL
Daniel Gafford,Reserves,DAL,202501120DAL
Olivier-Maxence Prosper,Reserves,DAL,202501120DAL
Markieff Morris,Reserves: Did Not Play,DAL,202501120DAL
Dwight Powell,Reserves: Did Not Play,DAL,202501120DAL
Brandon Williams,Reserves: Did Not Play,DAL,202501120DAL
Nic Claxton,Starter,BRK,202501010TOR
Keon Johnson,Starter,BRK,202501010TOR
Noah Clowney,Starter,BRK,202501010TOR
Cameron Johnson,Starter,BRK,202501010TOR
Ben Simmons,Starter,BRK,202501010TOR
Jalen Wilson,Reserves,BRK,202501010TOR
D'Angelo Russell,Reserves,BRK,202501010TOR
Tyrese Martin,Reserves,BRK,202501010TOR
Day'Ron Sharpe,Reserves,BRK,202501010TOR
Reece Beekman,Reserves,BRK,202501010TOR
Maxwell Lewis,Reserves,BRK,202501010TOR
Cam Thomas,Reserves: Did Not Dress,BRK,202501010TOR
Scottie Barnes,Starter,TOR,202501010TOR
Ochai Agbaji,Starter,TOR,202501010TOR
Gradey Dick,Starter,TOR,202501010TOR
Jakob Poeltl,Starter,TOR,202501010TOR
Immanuel Quickley,Starter,TOR,202501010TOR
Jamal Shead,Reserves,TOR,202501010TOR
Ja'Kobe Walter,Reserves,TOR,202501010TOR
Kelly Olynyk,Reserves,TOR,202501010TOR
Davion Mitchell,Reserves,TOR,202501010TOR
Chris Boucher,Reserves,TOR,202501010TOR
Jamison Battle,Reserves,TOR,202501010TOR
Ulrich Chomche,Reserves,TOR,202501010TOR
Jonathan Mogbo,Reserves,TOR,202501010TOR
Bruno Fernando,Reserves: Did Not Play,TOR,202501010TOR
Garrett Temple,Reserves: Did Not Play,TOR,202501010TOR
Malik Monk,Starter,SAC,202412060SAS
Keegan Murray,Starter,SAC,202412060SAS
De'Aaron Fox,Starter,SAC,202412060SAS
Domantas Sabonis,Starter,SAC,202412060SAS
DeMar DeRozan,Starter,SAC,202412060SAS
Kevin Huerter,Reserves,SAC,202412060SAS
Keon Ellis,Reserves,SAC,202412060SAS
Orlando Robinson,Reserves,SAC,202412060SAS
Isaac Jones,Reserves,SAC,202412060SAS
Colby Jones,Reserves,SAC,202412060SAS
Alex Len,Reserves,SAC,202412060SAS
Doug McDermott,Reserves,SAC,202412060SAS
Jordan McLaughlin,Reserves,SAC,202412060SAS
Jae Crowder,Reserves: Did Not Play,SAC,202412060SAS
Mason Jones,Reserves: Did Not Play,SAC,202412060SAS
Julian Champagnie,Starter,SAS,202412060SAS
Chris Paul,Starter,SAS,202412060SAS
Stephon Castle,Starter,SAS,202412060SAS
Harrison Barnes,Starter,SAS,202412060SAS
Zach Collins,Starter,SAS,202412060SAS
Charles Bassey,Reserves,SAS,202412060SAS
Keldon Johnson,Reserves,SAS,202412060SAS
Jeremy Sochan,Reserves,SAS,202412060SAS
Sandro Mamukelashvili,Reserves,SAS,202412060SAS
Malaki Branham,Reserves,SAS,202412060SAS
Sidy Cissoko,Reserves,SAS,202412060SAS
Blake Wesley,Reserves,SAS,202412060SAS
Norman Powell,Starter,LAC,202412210DAL
James Harden,Starter,LAC,202412210DAL
Ivica Zubac,Starter,LAC,202412210DAL
Kris Dunn,Starter,LAC,202412210DAL
Derrick Jones Jr.,Starter,LAC,202412210DAL
Kevin Porter Jr.,Reserves,LAC,202412210DAL
Amir Coffey,Reserves,LAC,202412210DAL
Nicolas Batum,Reserves,LAC,202412210DAL
Mo Bamba,Reserves,LAC,202412210DAL
Kai Jones,Reserves,LAC,202412210DAL
Jordan Miller,Reserves,LAC,202412210DAL
Bones Hyland,Reserves: Did Not Play,LAC,202412210DAL
Kyrie Irving,Starter,DAL,202412210DAL
P.J. Washington,Starter,DAL,202412210DAL
Spencer Dinwiddie,Starter,DAL,202412210DAL
Dereck Lively II,Starter,DAL,202412210DAL
Klay Thompson,Starter,DAL,202412210DAL
Quentin Grimes,Reserves,DAL,202412210DAL
Naji Marshall,Reserves,DAL,202412210DAL
Daniel Gafford,Reserves,DAL,202412210DAL
Maxi Kleber,Reserves,DAL,202412210DAL
Kessler Edwards,Reserves,DAL,202412210DAL
Jazian Gortman,Reserves,DAL,202412210DAL
Dwight Powell,Reserves,DAL,202412210DAL
Olivier-Maxence Prosper,Reserves,DAL,202412210DAL
Markieff Morris,Reserves: Did Not Play,DAL,202412210DAL
Kyrie Irving,Starter,DAL,202501010HOU
Klay Thompson,Starter,DAL,202501010HOU
Spencer Dinwiddie,Starter,DAL,202501010HOU
Dereck Lively II,Starter,DAL,202501010HOU
P.J. Washington,Starter,DAL,202501010HOU
Quentin Grimes,Reserves,DAL,202501010HOU
Maxi Kleber,Reserves,DAL,202501010HOU
Jaden Hardy,Reserves,DAL,202501010HOU
Daniel Gafford,Reserves,DAL,202501010HOU
Olivier-Maxence Prosper,Reserves,DAL,202501010HOU
Dwight Powell,Reserves,DAL,202501010HOU
Brandon Williams,Reserves,DAL,202501010HOU
Jazian Gortman,Reserves,DAL,202501010HOU
Naji Marshall,Reserves,DAL,202501010HOU
Markieff Morris,Reserves: Did Not Play,DAL,202501010HOU
Fred VanVleet,Starter,HOU,202501010HOU
Dillon Brooks,Starter,HOU,202501010HOU
Jalen Green,Starter,HOU,202501010HOU
Alperen Şengün,Starter,HOU,202501010HOU
Jabari Smith Jr.,Starter,HOU,202501010HOU
Cam Whitmore,Reserves,HOU,202501010HOU
Aaron Holiday,Reserves,HOU,202501010HOU
Jae'Sean Tate,Reserves,HOU,202501010HOU
Steven Adams,Reserves,HOU,202501010HOU
Tari Eason,Reserves: Did Not Dress,HOU,202501010HOU
Jeff Green,Reserves: Did Not Play,HOU,202501010HOU
Jock Landale,Reserves: Did Not Play,HOU,202501010HOU
Reed Sheppard,Reserves: Did Not Play,HOU,202501010HOU
Amen Thompson,Reserves,HOU,202501010HOU
Anfernee Simons,Starter,POR,202501240CHO
Toumani Camara,Starter,POR,202501240CHO
Jerami Grant,Starter,POR,202501240CHO
Deni Avdija,Starter,POR,202501240CHO
Donovan Clingan,Starter,POR,202501240CHO
Shaedon Sharpe,Reserves,POR,202501240CHO
Scoot Henderson,Reserves,POR,202501240CHO
Dalano Banton,Reserves,POR,202501240CHO
Jabari Walker,Reserves,POR,202501240CHO
Bryce McGowens,Reserves: Did Not Play,POR,202501240CHO
Justin Minaya,Reserves: Did Not Play,POR,202501240CHO
Kris Murray,Reserves: Did Not Play,POR,202501240CHO
Duop Reath,Reserves: Did Not Play,POR,202501240CHO
Rayan Rupert,Reserves: Did Not Play,POR,202501240CHO
Robert Williams,Reserves: Did Not Dress,POR,202501240CHO
Nick Smith Jr.,Starter,CHO,202501240CHO
Josh Green,Starter,CHO,202501240CHO
Vasilije Micić,Starter,CHO,202501240CHO
Mark Williams,Starter,CHO,202501240CHO
Cody Martin,Starter,CHO,202501240CHO
Josh Okogie,Reserves,CHO,202501240CHO
Moussa Diabaté,Reserves,CHO,202501240CHO
KJ Simpson,Reserves,CHO,202501240CHO
DaQuan Jeffries,Reserves,CHO,202501240CHO
Isaiah Wong,Reserves,CHO,202501240CHO
Taj Gibson,Reserves: Did Not Play,CHO,202501240CHO
Grant Williams,Reserves: Did Not Dress,CHO,202501240CHO
Devin Vassell,Starter,SAS,202501190MIA
Harrison Barnes,Starter,SAS,202501190MIA
Victor Wembanyama,Starter,SAS,202501190MIA
Chris Paul,Starter,SAS,202501190MIA
Stephon Castle,Starter,SAS,202501190MIA
Julian Champagnie,Reserves,SAS,202501190MIA
Keldon Johnson,Reserves,SAS,202501190MIA
Tre Jones,Reserves,SAS,202501190MIA
Charles Bassey,Reserves,SAS,202501190MIA
Sandro Mamukelashvili,Reserves,SAS,202501190MIA
Zach Collins,Reserves,SAS,202501190MIA
Sidy Cissoko,Reserves,SAS,202501190MIA
Blake Wesley,Reserves,SAS,202501190MIA
Malaki Branham,Reserves,SAS,202501190MIA
Tyler Herro,Starter,MIA,202501190MIA
Duncan Robinson,Starter,MIA,202501190MIA
Jimmy Butler,Starter,MIA,202501190MIA
Bam Adebayo,Starter,MIA,202501190MIA
Haywood Highsmith,Starter,MIA,202501190MIA
Kel'el Ware,Reserves,MIA,202501190MIA
Terry Rozier,Reserves,MIA,202501190MIA
Nikola Jović,Reserves,MIA,202501190MIA
Jaime Jaquez Jr.,Reserves,MIA,202501190MIA
Pelle Larsson,Reserves,MIA,202501190MIA
Josh Christopher,Reserves,MIA,202501190MIA
Keshad Johnson,Reserves,MIA,202501190MIA
Alec Burks,Reserves: Did Not Play,MIA,202501190MIA
Kevin Love,Reserves: Did Not Play,MIA,202501190MIA
Josh Richardson,Reserves: Did Not Dress,MIA,202501190MIA
Jordan Hawkins,Starter,NOP,202501250CHO
Trey Murphy III,Starter,NOP,202501250CHO
Zion Williamson,Starter,NOP,202501250CHO
CJ McCollum,Starter,NOP,202501250CHO
Yves Missi,Starter,NOP,202501250CHO
Jose Alvarado,Reserves,NOP,202501250CHO
Javonte Green,Reserves,NOP,202501250CHO
Antonio Reeves,Reserves,NOP,202501250CHO
Jeremiah Robinson-Earl,Reserves,NOP,202501250CHO
Daniel Theis,Reserves,NOP,202501250CHO
Karlo Matković,Reserves,NOP,202501250CHO
Herbert Jones,Reserves: Did Not Dress,NOP,202501250CHO
LaMelo Ball,Starter,CHO,202501250CHO
Miles Bridges,Starter,CHO,202501250CHO
Josh Green,Starter,CHO,202501250CHO
Nick Smith Jr.,Starter,CHO,202501250CHO
Taj Gibson,Starter,CHO,202501250CHO
Moussa Diabaté,Reserves,CHO,202501250CHO
DaQuan Jeffries,Reserves,CHO,202501250CHO
Vasilije Micić,Reserves,CHO,202501250CHO
Josh Okogie,Reserves,CHO,202501250CHO
Seth Curry,Reserves,CHO,202501250CHO
Isaiah Wong,Reserves,CHO,202501250CHO
Grant Williams,Reserves: Did Not Dress,CHO,202501250CHO
Tyrese Maxey,Starter,PHI,202412160CHO
Paul George,Starter,PHI,202412160CHO
Kelly Oubre Jr.,Starter,PHI,202412160CHO
Andre Drummond,Starter,PHI,202412160CHO
KJ Martin,Starter,PHI,202412160CHO
Eric Gordon,Reserves,PHI,202412160CHO
Guerschon Yabusele,Reserves,PHI,202412160CHO
Kyle Lowry,Reserves,PHI,202412160CHO
Ricky Council IV,Reserves,PHI,202412160CHO
Jeff Dowtin,Reserves: Did Not Play,PHI,202412160CHO
Justin Edwards,Reserves: Did Not Play,PHI,202412160CHO
Reggie Jackson,Reserves: Did Not Play,PHI,202412160CHO
Pete Nance,Reserves: Did Not Play,PHI,202412160CHO
Brandon Miller,Starter,CHO,202412160CHO
Josh Green,Starter,CHO,202412160CHO
Miles Bridges,Starter,CHO,202412160CHO
LaMelo Ball,Starter,CHO,202412160CHO
Mark Williams,Starter,CHO,202412160CHO
Cody Martin,Reserves,CHO,202412160CHO
Tidjane Salaün,Reserves,CHO,202412160CHO
Vasilije Micić,Reserves,CHO,202412160CHO
Moussa Diabaté,Reserves,CHO,202412160CHO
Nick Richards,Reserves,CHO,202412160CHO
Isaiah Wong,Reserves,CHO,202412160CHO
Seth Curry,Reserves: Did Not Play,CHO,202412160CHO
Taj Gibson,Reserves: Did Not Play,CHO,202412160CHO
DaQuan Jeffries,Reserves: Did Not Play,CHO,202412160CHO
Devin Booker,Starter,PHO,202501180DET
Kevin Durant,Starter,PHO,202501180DET
Tyus Jones,Starter,PHO,202501180DET
Ryan Dunn,Starter,PHO,202501180DET
Mason Plumlee,Starter,PHO,202501180DET
Nick Richards,Reserves,PHO,202501180DET
Grayson Allen,Reserves,PHO,202501180DET
Royce O'Neale,Reserves,PHO,202501180DET
Monte Morris,Reserves,PHO,202501180DET
Oso Ighodaro,Reserves,PHO,202501180DET
Bol Bol,Reserves: Did Not Play,PHO,202501180DET
Collin Gillespie,Reserves: Did Not Play,PHO,202501180DET
Damion Lee,Reserves: Did Not Play,PHO,202501180DET
Tobias Harris,Starter,DET,202501180DET
Cade Cunningham,Starter,DET,202501180DET
Tim Hardaway Jr.,Starter,DET,202501180DET
Jalen Duren,Starter,DET,202501180DET
Ausar Thompson,Starter,DET,202501180DET
Malik Beasley,Reserves,DET,202501180DET
Marcus Sasser,Reserves,DET,202501180DET
Isaiah Stewart,Reserves,DET,202501180DET
Ron Holland,Reserves,DET,202501180DET
Simone Fontecchio,Reserves,DET,202501180DET
Paul Reed,Reserves,DET,202501180DET
Wendell Moore Jr.,Reserves: Did Not Play,DET,202501180DET
Anthony Edwards,Starter,MIN,202501300UTA
Rudy Gobert,Starter,MIN,202501300UTA
Nickeil Alexander-Walker,Starter,MIN,202501300UTA
Jaden McDaniels,Starter,MIN,202501300UTA
Julius Randle,Starter,MIN,202501300UTA
Naz Reid,Reserves,MIN,202501300UTA
Rob Dillingham,Reserves,MIN,202501300UTA
Jaylen Clark,Reserves,MIN,202501300UTA
Luka Garza,Reserves,MIN,202501300UTA
Josh Minott,Reserves,MIN,202501300UTA
Leonard Miller,Reserves,MIN,202501300UTA
Joe Ingles,Reserves,MIN,202501300UTA
Lauri Markkanen,Starter,UTA,202501300UTA
Isaiah Collier,Starter,UTA,202501300UTA
Collin Sexton,Starter,UTA,202501300UTA
John Collins,Starter,UTA,202501300UTA
Walker Kessler,Starter,UTA,202501300UTA
Keyonte George,Reserves,UTA,202501300UTA
Jordan Clarkson,Reserves,UTA,202501300UTA
Brice Sensabaugh,Reserves,UTA,202501300UTA
Kyle Filipowski,Reserves,UTA,202501300UTA
Drew Eubanks,Reserves,UTA,202501300UTA
Patty Mills,Reserves: Did Not Play,UTA,202501300UTA
Svi Mykhailiuk,Reserves: Did Not Play,UTA,202501300UTA
Micah Potter,Reserves: Did Not Play,UTA,202501300UTA
Tyler Herro,Starter,MIA,202501150LAL
Bam Adebayo,Starter,MIA,202501150LAL
Haywood Highsmith,Starter,MIA,202501150LAL
Jaime Jaquez Jr.,Starter,MIA,202501150LAL
Terry Rozier,Starter,MIA,202501150LAL
Nikola Jović,Reserves,MIA,202501150LAL
Duncan Robinson,Reserves,MIA,202501150LAL
Alec Burks,Reserves,MIA,202501150LAL
Kel'el Ware,Reserves,MIA,202501150LAL
Jimmy Butler,Reserves,MIA,202501150LAL
Josh Christopher,Reserves: Did Not Play,MIA,202501150LAL
Keshad Johnson,Reserves: Did Not Play,MIA,202501150LAL
Pelle Larsson,Reserves: Did Not Play,MIA,202501150LAL
Kevin Love,Reserves: Did Not Play,MIA,202501150LAL
Isaiah Stevens,Reserves: Did Not Play,MIA,202501150LAL
LeBron James,Starter,LAL,202501150LAL
Max Christie,Starter,LAL,202501150LAL
Anthony Davis,Starter,LAL,202501150LAL
Austin Reaves,Starter,LAL,202501150LAL
Rui Hachimura,Starter,LAL,202501150LAL
Gabe Vincent,Reserves,LAL,202501150LAL
Jaxson Hayes,Reserves,LAL,202501150LAL
Dalton Knecht,Reserves,LAL,202501150LAL
Shake Milton,Reserves,LAL,202501150LAL
Armel Traoré,Reserves: Did Not Play,LAL,202501150LAL
Cam Reddish,Reserves: Did Not Play,LAL,202501150LAL
Jarred Vanderbilt,Reserves: Did Not Dress,LAL,202501150LAL
Kyrie Irving,Starter,DAL,202412270PHO
Klay Thompson,Starter,DAL,202412270PHO
Daniel Gafford,Starter,DAL,202412270PHO
P.J. Washington,Starter,DAL,202412270PHO
Naji Marshall,Starter,DAL,202412270PHO
Quentin Grimes,Reserves,DAL,202412270PHO
Maxi Kleber,Reserves,DAL,202412270PHO
Spencer Dinwiddie,Reserves,DAL,202412270PHO
Dwight Powell,Reserves,DAL,202412270PHO
Olivier-Maxence Prosper,Reserves,DAL,202412270PHO
Kessler Edwards,Reserves,DAL,202412270PHO
Jazian Gortman,Reserves,DAL,202412270PHO
Jaden Hardy,Reserves,DAL,202412270PHO
Markieff Morris,Reserves: Did Not Play,DAL,202412270PHO
Brandon Williams,Reserves: Did Not Play,DAL,202412270PHO
Bradley Beal,Starter,PHO,202412270PHO
Kevin Durant,Starter,PHO,202412270PHO
Tyus Jones,Starter,PHO,202412270PHO
Ryan Dunn,Starter,PHO,202412270PHO
Jusuf Nurkić,Starter,PHO,202412270PHO
Royce O'Neale,Reserves,PHO,202412270PHO
Josh Okogie,Reserves,PHO,202412270PHO
Mason Plumlee,Reserves,PHO,202412270PHO
Monte Morris,Reserves,PHO,202412270PHO
Oso Ighodaro,Reserves,PHO,202412270PHO
Damion Lee,Reserves,PHO,202412270PHO
Jalen Bridges,Reserves,PHO,202412270PHO
Zach LaVine,Starter,CHI,202412260ATL
Nikola Vučević,Starter,CHI,202412260ATL
Coby White,Starter,CHI,202412260ATL
Patrick Williams,Starter,CHI,202412260ATL
Dalen Terry,Starter,CHI,202412260ATL
Jevon Carter,Reserves,CHI,202412260ATL
Talen Horton-Tucker,Reserves,CHI,202412260ATL
Torrey Craig,Reserves,CHI,202412260ATL
Julian Phillips,Reserves,CHI,202412260ATL
Jalen Smith,Reserves,CHI,202412260ATL
Ayo Dosunmu,Reserves: Did Not Dress,CHI,202412260ATL
Chris Duarte,Reserves: Did Not Play,CHI,202412260ATL
Jalen Johnson,Starter,ATL,202412260ATL
Trae Young,Starter,ATL,202412260ATL
Dyson Daniels,Starter,ATL,202412260ATL
Clint Capela,Starter,ATL,202412260ATL
Zaccharie Risacher,Starter,ATL,202412260ATL
De'Andre Hunter,Reserves,ATL,202412260ATL
Larry Nance Jr.,Reserves,ATL,202412260ATL
Garrison Mathews,Reserves,ATL,202412260ATL
Vit Krejci,Reserves,ATL,202412260ATL
Dominick Barlow,Reserves: Did Not Play,ATL,202412260ATL
David Roddy,Reserves: Did Not Play,ATL,202412260ATL
Keaton Wallace,Reserves: Did Not Play,ATL,202412260ATL
Kevin Durant,Starter,PHO,202501140ATL
Devin Booker,Starter,PHO,202501140ATL
Tyus Jones,Starter,PHO,202501140ATL
Mason Plumlee,Starter,PHO,202501140ATL
Ryan Dunn,Starter,PHO,202501140ATL
Bradley Beal,Reserves,PHO,202501140ATL
Grayson Allen,Reserves,PHO,202501140ATL
Oso Ighodaro,Reserves,PHO,202501140ATL
Royce O'Neale,Reserves,PHO,202501140ATL
Bol Bol,Reserves: Did Not Play,PHO,202501140ATL
Damion Lee,Reserves: Did Not Play,PHO,202501140ATL
Monte Morris,Reserves: Did Not Play,PHO,202501140ATL
Josh Okogie,Reserves: Did Not Play,PHO,202501140ATL
Trae Young,Starter,ATL,202501140ATL
Vit Krejci,Starter,ATL,202501140ATL
Dyson Daniels,Starter,ATL,202501140ATL
Clint Capela,Starter,ATL,202501140ATL
Zaccharie Risacher,Starter,ATL,202501140ATL
Onyeka Okongwu,Reserves,ATL,202501140ATL
Garrison Mathews,Reserves,ATL,202501140ATL
Bogdan Bogdanović,Reserves,ATL,202501140ATL
David Roddy,Reserves,ATL,202501140ATL
Dominick Barlow,Reserves: Did Not Play,ATL,202501140ATL
De'Andre Hunter,Reserves: Did Not Dress,ATL,202501140ATL
Larry Nance Jr.,Reserves: Did Not Dress,ATL,202501140ATL
Nikola Jokić,Starter,DEN,202412300UTA
Jamal Murray,Starter,DEN,202412300UTA
Christian Braun,Starter,DEN,202412300UTA
Michael Porter Jr.,Starter,DEN,202412300UTA
Russell Westbrook,Starter,DEN,202412300UTA
Peyton Watson,Reserves,DEN,202412300UTA
Julian Strawther,Reserves,DEN,202412300UTA
DeAndre Jordan,Reserves,DEN,202412300UTA
Hunter Tyson,Reserves,DEN,202412300UTA
Spencer Jones,Reserves: Did Not Play,DEN,202412300UTA
Zeke Nnaji,Reserves: Did Not Play,DEN,202412300UTA
Jalen Pickett,Reserves: Did Not Play,DEN,202412300UTA
Dario Šarić,Reserves: Did Not Play,DEN,202412300UTA
Walker Kessler,Starter,UTA,202412300UTA
Lauri Markkanen,Starter,UTA,202412300UTA
Collin Sexton,Starter,UTA,202412300UTA
Keyonte George,Starter,UTA,202412300UTA
Johnny Juzang,Starter,UTA,202412300UTA
Jordan Clarkson,Reserves,UTA,202412300UTA
Brice Sensabaugh,Reserves,UTA,202412300UTA
Isaiah Collier,Reserves,UTA,202412300UTA
Cody Williams,Reserves,UTA,202412300UTA
Kyle Filipowski,Reserves,UTA,202412300UTA
Drew Eubanks,Reserves: Did Not Play,UTA,202412300UTA
Patty Mills,Reserves: Did Not Play,UTA,202412300UTA
Svi Mykhailiuk,Reserves: Did Not Play,UTA,202412300UTA
Micah Potter,Reserves: Did Not Play,UTA,202412300UTA
Ja Morant,Starter,MEM,202412150LAL
Jaren Jackson Jr.,Starter,MEM,202412150LAL
Desmond Bane,Starter,MEM,202412150LAL
Jaylen Wells,Starter,MEM,202412150LAL
Brandon Clarke,Starter,MEM,202412150LAL
Marcus Smart,Reserves,MEM,202412150LAL
Zach Edey,Reserves,MEM,202412150LAL
Santi Aldama,Reserves,MEM,202412150LAL
Luke Kennard,Reserves,MEM,202412150LAL
Jake LaRavia,Reserves,MEM,202412150LAL
Scotty Pippen Jr.,Reserves,MEM,202412150LAL
Jay Huff,Reserves,MEM,202412150LAL
Colin Castleton,Reserves: Did Not Play,MEM,202412150LAL
John Konchar,Reserves: Did Not Play,MEM,202412150LAL
Cam Spencer,Reserves: Did Not Play,MEM,202412150LAL
Rui Hachimura,Starter,LAL,202412150LAL
Austin Reaves,Starter,LAL,202412150LAL
LeBron James,Starter,LAL,202412150LAL
Anthony Davis,Starter,LAL,202412150LAL
Max Christie,Starter,LAL,202412150LAL
D'Angelo Russell,Reserves,LAL,202412150LAL
Cam Reddish,Reserves,LAL,202412150LAL
Gabe Vincent,Reserves,LAL,202412150LAL
Dalton Knecht,Reserves,LAL,202412150LAL
Christian Koloko,Reserves,LAL,202412150LAL
Bronny James,Reserves: Did Not Play,LAL,202412150LAL
Maxwell Lewis,Reserves: Did Not Play,LAL,202412150LAL
Quincy Olivari,Reserves: Did Not Play,LAL,202412150LAL
Amen Thompson,Starter,HOU,202501250CLE
Fred VanVleet,Starter,HOU,202501250CLE
Jalen Green,Starter,HOU,202501250CLE
Alperen Şengün,Starter,HOU,202501250CLE
Dillon Brooks,Starter,HOU,202501250CLE
Tari Eason,Reserves,HOU,202501250CLE
Steven Adams,Reserves,HOU,202501250CLE
Jae'Sean Tate,Reserves,HOU,202501250CLE
Cam Whitmore,Reserves,HOU,202501250CLE
Jeff Green,Reserves: Did Not Play,HOU,202501250CLE
Aaron Holiday,Reserves: Did Not Play,HOU,202501250CLE
Jock Landale,Reserves: Did Not Play,HOU,202501250CLE
Reed Sheppard,Reserves: Did Not Play,HOU,202501250CLE
Jabari Smith Jr.,Reserves: Did Not Dress,HOU,202501250CLE
Jeenathan Williams,Reserves: Did Not Play,HOU,202501250CLE
Donovan Mitchell,Starter,CLE,202501250CLE
Darius Garland,Starter,CLE,202501250CLE
Max Strus,Starter,CLE,202501250CLE
Evan Mobley,Starter,CLE,202501250CLE
Jarrett Allen,Starter,CLE,202501250CLE
Georges Niang,Reserves,CLE,202501250CLE
Ty Jerome,Reserves,CLE,202501250CLE
Sam Merrill,Reserves,CLE,202501250CLE
Craig Porter Jr.,Reserves,CLE,202501250CLE
Tristan Thompson,Reserves,CLE,202501250CLE
Emoni Bates,Reserves: Did Not Play,CLE,202501250CLE
Jaylon Tyson,Reserves: Did Not Play,CLE,202501250CLE
Anfernee Simons,Starter,POR,202412150PHO
Jerami Grant,Starter,POR,202412150PHO
Toumani Camara,Starter,POR,202412150PHO
Shaedon Sharpe,Starter,POR,202412150PHO
Donovan Clingan,Starter,POR,202412150PHO
Deni Avdija,Reserves,POR,202412150PHO
Scoot Henderson,Reserves,POR,202412150PHO
Robert Williams,Reserves,POR,202412150PHO
Dalano Banton,Reserves,POR,202412150PHO
Jabari Walker,Reserves,POR,202412150PHO
Deandre Ayton,Reserves,POR,202412150PHO
Kris Murray,Reserves: Did Not Play,POR,202412150PHO
Duop Reath,Reserves: Did Not Play,POR,202412150PHO
Rayan Rupert,Reserves: Did Not Play,POR,202412150PHO
Matisse Thybulle,Reserves: Did Not Dress,POR,202412150PHO
Devin Booker,Starter,PHO,202412150PHO
Kevin Durant,Starter,PHO,202412150PHO
Royce O'Neale,Starter,PHO,202412150PHO
Tyus Jones,Starter,PHO,202412150PHO
Jusuf Nurkić,Starter,PHO,202412150PHO
Grayson Allen,Reserves,PHO,202412150PHO
Monte Morris,Reserves,PHO,202412150PHO
Ryan Dunn,Reserves,PHO,202412150PHO
Mason Plumlee,Reserves,PHO,202412150PHO
Oso Ighodaro,Reserves,PHO,202412150PHO
Josh Okogie,Reserves,PHO,202412150PHO
Bol Bol,Reserves: Did Not Play,PHO,202412150PHO
Damion Lee,Reserves: Did Not Play,PHO,202412150PHO
Norman Powell,Starter,LAC,202501270PHO
James Harden,Starter,LAC,202501270PHO
Ivica Zubac,Starter,LAC,202501270PHO
Derrick Jones Jr.,Starter,LAC,202501270PHO
Kawhi Leonard,Starter,LAC,202501270PHO
Amir Coffey,Reserves,LAC,202501270PHO
Kevin Porter Jr.,Reserves,LAC,202501270PHO
Nicolas Batum,Reserves,LAC,202501270PHO
Terance Mann,Reserves,LAC,202501270PHO
Mo Bamba,Reserves,LAC,202501270PHO
Kobe Brown,Reserves: Did Not Play,LAC,202501270PHO
Trentyn Flowers,Reserves: Did Not Play,LAC,202501270PHO
Bones Hyland,Reserves: Did Not Play,LAC,202501270PHO
Kevin Durant,Starter,PHO,202501270PHO
Devin Booker,Starter,PHO,202501270PHO
Tyus Jones,Starter,PHO,202501270PHO
Royce O'Neale,Starter,PHO,202501270PHO
Nick Richards,Starter,PHO,202501270PHO
Bradley Beal,Reserves,PHO,202501270PHO
Grayson Allen,Reserves,PHO,202501270PHO
Mason Plumlee,Reserves,PHO,202501270PHO
Bol Bol,Reserves: Did Not Play,PHO,202501270PHO
Collin Gillespie,Reserves: Did Not Play,PHO,202501270PHO
Oso Ighodaro,Reserves: Did Not Play,PHO,202501270PHO
Damion Lee,Reserves: Did Not Play,PHO,202501270PHO
Monte Morris,Reserves: Did Not Play,PHO,202501270PHO
Jusuf Nurkić,Reserves: Did Not Play,PHO,202501270PHO
Walker Kessler,Starter,UTA,202412060POR
John Collins,Starter,UTA,202412060POR
Keyonte George,Starter,UTA,202412060POR
Collin Sexton,Starter,UTA,202412060POR
Svi Mykhailiuk,Starter,UTA,202412060POR
Micah Potter,Reserves,UTA,202412060POR
Johnny Juzang,Reserves,UTA,202412060POR
Isaiah Collier,Reserves,UTA,202412060POR
Brice Sensabaugh,Reserves,UTA,202412060POR
Drew Eubanks,Reserves,UTA,202412060POR
Jordan Clarkson,Reserves: Did Not Dress,UTA,202412060POR
Patty Mills,Reserves: Did Not Play,UTA,202412060POR
Shaedon Sharpe,Starter,POR,202412060POR
Jerami Grant,Starter,POR,202412060POR
Anfernee Simons,Starter,POR,202412060POR
Deandre Ayton,Starter,POR,202412060POR
Toumani Camara,Starter,POR,202412060POR
Dalano Banton,Reserves,POR,202412060POR
Duop Reath,Reserves,POR,202412060POR
Deni Avdija,Reserves,POR,202412060POR
Kris Murray,Reserves,POR,202412060POR
Jabari Walker,Reserves,POR,202412060POR
Rayan Rupert,Reserves,POR,202412060POR
Donovan Clingan,Reserves: Did Not Dress,POR,202412060POR
Scoot Henderson,Reserves: Did Not Dress,POR,202412060POR
Matisse Thybulle,Reserves: Did Not Dress,POR,202412060POR
Robert Williams,Reserves,POR,202412060POR
Nikola Vučević,Starter,CHI,202501010WAS
Zach LaVine,Starter,CHI,202501010WAS
Coby White,Starter,CHI,202501010WAS
Josh Giddey,Starter,CHI,202501010WAS
Patrick Williams,Starter,CHI,202501010WAS
Lonzo Ball,Reserves,CHI,202501010WAS
Dalen Terry,Reserves,CHI,202501010WAS
Talen Horton-Tucker,Reserves,CHI,202501010WAS
Matas Buzelis,Reserves,CHI,202501010WAS
Jalen Smith,Reserves,CHI,202501010WAS
Julian Phillips,Reserves,CHI,202501010WAS
Jevon Carter,Reserves,CHI,202501010WAS
Chris Duarte,Reserves: Did Not Play,CHI,202501010WAS
E.J. Liddell,Reserves: Did Not Play,CHI,202501010WAS
Adama Sanogo,Reserves: Did Not Play,CHI,202501010WAS
Carlton Carrington,Starter,WAS,202501010WAS
Jordan Poole,Starter,WAS,202501010WAS
Alex Sarr,Starter,WAS,202501010WAS
Justin Champagnie,Starter,WAS,202501010WAS
Bilal Coulibaly,Starter,WAS,202501010WAS
Corey Kispert,Reserves,WAS,202501010WAS
Malcolm Brogdon,Reserves,WAS,202501010WAS
Kyle Kuzma,Reserves,WAS,202501010WAS
Jonas Valančiūnas,Reserves,WAS,202501010WAS
Kyshawn George,Reserves,WAS,202501010WAS
Anthony Gill,Reserves,WAS,202501010WAS
Tristan Vukcevic,Reserves,WAS,202501010WAS
Jared Butler,Reserves,WAS,202501010WAS
Johnny Davis,Reserves,WAS,202501010WAS
Richaun Holmes,Reserves: Did Not Play,WAS,202501010WAS
Jalen Williams,Starter,OKC,202412010HOU
Shai Gilgeous-Alexander,Starter,OKC,202412010HOU
Cason Wallace,Starter,OKC,202412010HOU
Isaiah Hartenstein,Starter,OKC,202412010HOU
Luguentz Dort,Starter,OKC,202412010HOU
Aaron Wiggins,Reserves,OKC,202412010HOU
Kenrich Williams,Reserves,OKC,202412010HOU
Isaiah Joe,Reserves,OKC,202412010HOU
Dillon Jones,Reserves,OKC,202412010HOU
Ajay Mitchell,Reserves,OKC,202412010HOU
Branden Carlson,Reserves: Did Not Play,OKC,202412010HOU
Adam Flagler,Reserves: Did Not Play,OKC,202412010HOU
Jabari Smith Jr.,Starter,HOU,202412010HOU
Alperen Şengün,Starter,HOU,202412010HOU
Fred VanVleet,Starter,HOU,202412010HOU
Jalen Green,Starter,HOU,202412010HOU
Dillon Brooks,Starter,HOU,202412010HOU
Amen Thompson,Reserves,HOU,202412010HOU
Tari Eason,Reserves,HOU,202412010HOU
Reed Sheppard,Reserves,HOU,202412010HOU
Steven Adams,Reserves,HOU,202412010HOU
Jeff Green,Reserves: Did Not Play,HOU,202412010HOU
Aaron Holiday,Reserves: Did Not Play,HOU,202412010HOU
Jock Landale,Reserves: Did Not Play,HOU,202412010HOU
Jack McVeigh,Reserves: Did Not Play,HOU,202412010HOU
Jae'Sean Tate,Reserves: Did Not Play,HOU,202412010HOU
Cam Whitmore,Reserves: Did Not Play,HOU,202412010HOU
Cameron Johnson,Starter,BRK,202501020MIL
Jalen Wilson,Starter,BRK,202501020MIL
Nic Claxton,Starter,BRK,202501020MIL
Keon Johnson,Starter,BRK,202501020MIL
D'Angelo Russell,Starter,BRK,202501020MIL
Cam Thomas,Reserves,BRK,202501020MIL
Day'Ron Sharpe,Reserves,BRK,202501020MIL
Ziaire Williams,Reserves,BRK,202501020MIL
Tyrese Martin,Reserves,BRK,202501020MIL
Reece Beekman,Reserves: Did Not Play,BRK,202501020MIL
Noah Clowney,Reserves: Did Not Dress,BRK,202501020MIL
Trendon Watford,Reserves: Did Not Dress,BRK,202501020MIL
Damian Lillard,Starter,MIL,202501020MIL
Giannis Antetokounmpo,Starter,MIL,202501020MIL
Khris Middleton,Starter,MIL,202501020MIL
Brook Lopez,Starter,MIL,202501020MIL
Andre Jackson Jr.,Starter,MIL,202501020MIL
Bobby Portis,Reserves,MIL,202501020MIL
Gary Trent Jr.,Reserves,MIL,202501020MIL
Ryan Rollins,Reserves,MIL,202501020MIL
Taurean Prince,Reserves,MIL,202501020MIL
Pat Connaughton,Reserves,MIL,202501020MIL
MarJon Beauchamp,Reserves,MIL,202501020MIL
Stanley Umude,Reserves: Did Not Play,MIL,202501020MIL
Delon Wright,Reserves: Did Not Play,MIL,202501020MIL
John Collins,Starter,UTA,202412190DET
Lauri Markkanen,Starter,UTA,202412190DET
Collin Sexton,Starter,UTA,202412190DET
Walker Kessler,Starter,UTA,202412190DET
Keyonte George,Starter,UTA,202412190DET
Jordan Clarkson,Reserves,UTA,202412190DET
Johnny Juzang,Reserves,UTA,202412190DET
Drew Eubanks,Reserves,UTA,202412190DET
Brice Sensabaugh,Reserves,UTA,202412190DET
Micah Potter,Reserves,UTA,202412190DET
Patty Mills,Reserves: Did Not Play,UTA,202412190DET
Svi Mykhailiuk,Reserves: Did Not Play,UTA,202412190DET
Cade Cunningham,Starter,DET,202412190DET
Tim Hardaway Jr.,Starter,DET,202412190DET
Tobias Harris,Starter,DET,202412190DET
Jalen Duren,Starter,DET,202412190DET
Ausar Thompson,Starter,DET,202412190DET
Malik Beasley,Reserves,DET,202412190DET
Simone Fontecchio,Reserves,DET,202412190DET
Paul Reed,Reserves,DET,202412190DET
Ron Holland,Reserves,DET,202412190DET
Marcus Sasser,Reserves,DET,202412190DET
Jaden Ivey,Reserves: Did Not Play,DET,202412190DET
Wendell Moore Jr.,Reserves: Did Not Play,DET,202412190DET
Fred VanVleet,Starter,HOU,202412030SAC
Jabari Smith Jr.,Starter,HOU,202412030SAC
Jalen Green,Starter,HOU,202412030SAC
Alperen Şengün,Starter,HOU,202412030SAC
Dillon Brooks,Starter,HOU,202412030SAC
Tari Eason,Reserves,HOU,202412030SAC
Amen Thompson,Reserves,HOU,202412030SAC
Reed Sheppard,Reserves,HOU,202412030SAC
Steven Adams,Reserves,HOU,202412030SAC
Aaron Holiday,Reserves,HOU,202412030SAC
Jae'Sean Tate,Reserves,HOU,202412030SAC
Jeff Green,Reserves: Did Not Play,HOU,202412030SAC
Jock Landale,Reserves: Did Not Play,HOU,202412030SAC
Jack McVeigh,Reserves: Did Not Play,HOU,202412030SAC
Keegan Murray,Starter,SAC,202412030SAC
De'Aaron Fox,Starter,SAC,202412030SAC
Malik Monk,Starter,SAC,202412030SAC
DeMar DeRozan,Starter,SAC,202412030SAC
Domantas Sabonis,Starter,SAC,202412030SAC
Kevin Huerter,Reserves,SAC,202412030SAC
Isaac Jones,Reserves,SAC,202412030SAC
Jae Crowder,Reserves,SAC,202412030SAC
Colby Jones,Reserves,SAC,202412030SAC
Alex Len,Reserves,SAC,202412030SAC
Doug McDermott,Reserves,SAC,202412030SAC
Jordan McLaughlin,Reserves,SAC,202412030SAC
Keon Ellis,Reserves: Did Not Play,SAC,202412030SAC
Orlando Robinson,Reserves: Did Not Play,SAC,202412030SAC
Cade Cunningham,Starter,DET,202501290IND
Tobias Harris,Starter,DET,202501290IND
Jalen Duren,Starter,DET,202501290IND
Tim Hardaway Jr.,Starter,DET,202501290IND
Ausar Thompson,Starter,DET,202501290IND
Malik Beasley,Reserves,DET,202501290IND
Simone Fontecchio,Reserves,DET,202501290IND
Marcus Sasser,Reserves,DET,202501290IND
Ron Holland,Reserves,DET,202501290IND
Paul Reed,Reserves,DET,202501290IND
Isaiah Stewart,Reserves,DET,202501290IND
Bobi Klintman,Reserves,DET,202501290IND
Wendell Moore Jr.,Reserves,DET,202501290IND
Ben Sheppard,Starter,IND,202501290IND
Tyrese Haliburton,Starter,IND,202501290IND
Aaron Nesmith,Starter,IND,202501290IND
Pascal Siakam,Starter,IND,202501290IND
Myles Turner,Starter,IND,202501290IND
T.J. McConnell,Reserves,IND,202501290IND
Jarace Walker,Reserves,IND,202501290IND
Thomas Bryant,Reserves,IND,202501290IND
Obi Toppin,Reserves,IND,202501290IND
Johnny Furphy,Reserves,IND,202501290IND
RayJ Dennis,Reserves,IND,202501290IND
James Johnson,Reserves,IND,202501290IND
Enrique Freeman,Reserves: Did Not Play,IND,202501290IND
Bennedict Mathurin,Reserves: Did Not Dress,IND,202501290IND
Andrew Nembhard,Reserves: Did Not Dress,IND,202501290IND
Tyrese Haliburton,Starter,IND,202412010MEM
Bennedict Mathurin,Starter,IND,202412010MEM
Myles Turner,Starter,IND,202412010MEM
Pascal Siakam,Starter,IND,202412010MEM
Andrew Nembhard,Starter,IND,202412010MEM
Jarace Walker,Reserves,IND,202412010MEM
Obi Toppin,Reserves,IND,202412010MEM
T.J. McConnell,Reserves,IND,202412010MEM
Quenton Jackson,Reserves,IND,202412010MEM
Johnny Furphy,Reserves,IND,202412010MEM
Moses Brown,Reserves,IND,202412010MEM
Enrique Freeman,Reserves,IND,202412010MEM
Tristen Newton,Reserves,IND,202412010MEM
James Johnson,Reserves: Did Not Play,IND,202412010MEM
Ben Sheppard,Reserves: Did Not Dress,IND,202412010MEM
Desmond Bane,Starter,MEM,202412010MEM
Jaren Jackson Jr.,Starter,MEM,202412010MEM
Ja Morant,Starter,MEM,202412010MEM
Jaylen Wells,Starter,MEM,202412010MEM
Brandon Clarke,Starter,MEM,202412010MEM
Santi Aldama,Reserves,MEM,202412010MEM
Marcus Smart,Reserves,MEM,202412010MEM
Jake LaRavia,Reserves,MEM,202412010MEM
Luke Kennard,Reserves,MEM,202412010MEM
Scotty Pippen Jr.,Reserves,MEM,202412010MEM
Jay Huff,Reserves,MEM,202412010MEM
John Konchar,Reserves,MEM,202412010MEM
Yuki Kawamura,Reserves,MEM,202412010MEM
De'Aaron Fox,Starter,SAC,202412120NOP
Domantas Sabonis,Starter,SAC,202412120NOP
DeMar DeRozan,Starter,SAC,202412120NOP
Malik Monk,Starter,SAC,202412120NOP
Keegan Murray,Starter,SAC,202412120NOP
Kevin Huerter,Reserves,SAC,202412120NOP
Keon Ellis,Reserves,SAC,202412120NOP
Alex Len,Reserves,SAC,202412120NOP
Isaac Jones,Reserves,SAC,202412120NOP
Colby Jones,Reserves,SAC,202412120NOP
Orlando Robinson,Reserves,SAC,202412120NOP
Jae Crowder,Reserves: Did Not Play,SAC,202412120NOP
Doug McDermott,Reserves: Did Not Play,SAC,202412120NOP
Jordan McLaughlin,Reserves: Did Not Play,SAC,202412120NOP
Trey Murphy III,Starter,NOP,202412120NOP
CJ McCollum,Starter,NOP,202412120NOP
Herbert Jones,Starter,NOP,202412120NOP
Dejounte Murray,Starter,NOP,202412120NOP
Yves Missi,Starter,NOP,202412120NOP
Brandon Boston Jr.,Reserves,NOP,202412120NOP
Jamal Cain,Reserves,NOP,202412120NOP
Daniel Theis,Reserves,NOP,202412120NOP
Antonio Reeves,Reserves,NOP,202412120NOP
Trey Jemison,Reserves,NOP,202412120NOP
Javonte Green,Reserves: Did Not Dress,NOP,202412120NOP
Jordan Hawkins,Reserves: Did Not Dress,NOP,202412120NOP
Keyonte George,Starter,UTA,202501200NOP
Isaiah Collier,Starter,UTA,202501200NOP
Walker Kessler,Starter,UTA,202501200NOP
Svi Mykhailiuk,Starter,UTA,202501200NOP
Cody Williams,Starter,UTA,202501200NOP
Kyle Filipowski,Reserves,UTA,202501200NOP
Brice Sensabaugh,Reserves,UTA,202501200NOP
Drew Eubanks,Reserves,UTA,202501200NOP
Patty Mills,Reserves,UTA,202501200NOP
Elijah Harkless,Reserves,UTA,202501200NOP
Johnny Juzang,Reserves: Did Not Dress,UTA,202501200NOP
Oscar Tshiebwe,Reserves: Did Not Play,UTA,202501200NOP
Dejounte Murray,Starter,NOP,202501200NOP
Trey Murphy III,Starter,NOP,202501200NOP
CJ McCollum,Starter,NOP,202501200NOP
Daniel Theis,Starter,NOP,202501200NOP
Javonte Green,Starter,NOP,202501200NOP
Jordan Hawkins,Reserves,NOP,202501200NOP
Jose Alvarado,Reserves,NOP,202501200NOP
Karlo Matković,Reserves,NOP,202501200NOP
Jeremiah Robinson-Earl,Reserves,NOP,202501200NOP
Jamal Cain,Reserves: Did Not Play,NOP,202501200NOP
Herbert Jones,Reserves: Did Not Dress,NOP,202501200NOP
Yves Missi,Reserves,NOP,202501200NOP
Bam Adebayo,Starter,MIA,202412010TOR
Tyler Herro,Starter,MIA,202412010TOR
Jimmy Butler,Starter,MIA,202412010TOR
Haywood Highsmith,Starter,MIA,202412010TOR
Duncan Robinson,Starter,MIA,202412010TOR
Terry Rozier,Reserves,MIA,202412010TOR
Jaime Jaquez Jr.,Reserves,MIA,202412010TOR
Pelle Larsson,Reserves,MIA,202412010TOR
Kevin Love,Reserves,MIA,202412010TOR
Alec Burks,Reserves,MIA,202412010TOR
Thomas Bryant,Reserves: Did Not Play,MIA,202412010TOR
Nikola Jović,Reserves,MIA,202412010TOR
Josh Richardson,Reserves,MIA,202412010TOR
Dru Smith,Reserves: Did Not Play,MIA,202412010TOR
Kel'el Ware,Reserves: Did Not Dress,MIA,202412010TOR
RJ Barrett,Starter,TOR,202412010TOR
Ochai Agbaji,Starter,TOR,202412010TOR
Jakob Poeltl,Starter,TOR,202412010TOR
Scottie Barnes,Starter,TOR,202412010TOR
Ja'Kobe Walter,Starter,TOR,202412010TOR
Davion Mitchell,Reserves,TOR,202412010TOR
Chris Boucher,Reserves,TOR,202412010TOR
Jamison Battle,Reserves,TOR,202412010TOR
Jonathan Mogbo,Reserves,TOR,202412010TOR
Jamal Shead,Reserves,TOR,202412010TOR
D.J. Carton,Reserves: Did Not Play,TOR,202412010TOR
Ulrich Chomche,Reserves: Did Not Play,TOR,202412010TOR
Bruno Fernando,Reserves: Did Not Play,TOR,202412010TOR
Garrett Temple,Reserves: Did Not Play,TOR,202412010TOR
Jalen Wilson,Starter,BRK,202501290CHO
Ziaire Williams,Starter,BRK,202501290CHO
Keon Johnson,Starter,BRK,202501290CHO
Nic Claxton,Starter,BRK,202501290CHO
D'Angelo Russell,Starter,BRK,202501290CHO
Tosan Evbuomwan,Reserves,BRK,202501290CHO
Ben Simmons,Reserves,BRK,202501290CHO
Trendon Watford,Reserves,BRK,202501290CHO
Reece Beekman,Reserves,BRK,202501290CHO
Day'Ron Sharpe,Reserves,BRK,202501290CHO
Noah Clowney,Reserves,BRK,202501290CHO
Cam Thomas,Reserves: Did Not Dress,BRK,202501290CHO
Miles Bridges,Starter,CHO,202501290CHO
Vasilije Micić,Starter,CHO,202501290CHO
Nick Smith Jr.,Starter,CHO,202501290CHO
Josh Okogie,Starter,CHO,202501290CHO
Taj Gibson,Starter,CHO,202501290CHO
Moussa Diabaté,Reserves,CHO,202501290CHO
KJ Simpson,Reserves,CHO,202501290CHO
DaQuan Jeffries,Reserves,CHO,202501290CHO
Isaiah Wong,Reserves,CHO,202501290CHO
Seth Curry,Reserves,CHO,202501290CHO
Tre Mann,Reserves: Did Not Dress,CHO,202501290CHO
Grant Williams,Reserves: Did Not Dress,CHO,202501290CHO
Terry Rozier,Starter,MIA,202501070GSW
Bam Adebayo,Starter,MIA,202501070GSW
Jaime Jaquez Jr.,Starter,MIA,202501070GSW
Tyler Herro,Starter,MIA,202501070GSW
Haywood Highsmith,Starter,MIA,202501070GSW
Nikola Jović,Reserves,MIA,202501070GSW
Alec Burks,Reserves,MIA,202501070GSW
Duncan Robinson,Reserves,MIA,202501070GSW
Kel'el Ware,Reserves,MIA,202501070GSW
Josh Christopher,Reserves,MIA,202501070GSW
Keshad Johnson,Reserves,MIA,202501070GSW
Pelle Larsson,Reserves,MIA,202501070GSW
Jimmy Butler,Reserves,MIA,202501070GSW
Kevin Love,Reserves: Did Not Play,MIA,202501070GSW
Josh Richardson,Reserves: Did Not Dress,MIA,202501070GSW
Trayce Jackson-Davis,Starter,GSW,202501070GSW
Stephen Curry,Starter,GSW,202501070GSW
Dennis Schröder,Starter,GSW,202501070GSW
Draymond Green,Starter,GSW,202501070GSW
Andrew Wiggins,Starter,GSW,202501070GSW
Kyle Anderson,Reserves,GSW,202501070GSW
Buddy Hield,Reserves,GSW,202501070GSW
Lindy Waters III,Reserves,GSW,202501070GSW
Moses Moody,Reserves,GSW,202501070GSW
Pat Spencer,Reserves,GSW,202501070GSW
Gui Santos,Reserves,GSW,202501070GSW
Kevon Looney,Reserves: Did Not Play,GSW,202501070GSW
Tobias Harris,Starter,DET,202501130NYK
Tim Hardaway Jr.,Starter,DET,202501130NYK
Cade Cunningham,Starter,DET,202501130NYK
Ausar Thompson,Starter,DET,202501130NYK
Jalen Duren,Starter,DET,202501130NYK
Isaiah Stewart,Reserves,DET,202501130NYK
Malik Beasley,Reserves,DET,202501130NYK
Marcus Sasser,Reserves,DET,202501130NYK
Simone Fontecchio,Reserves,DET,202501130NYK
Ron Holland,Reserves,DET,202501130NYK
Wendell Moore Jr.,Reserves: Did Not Play,DET,202501130NYK
Paul Reed,Reserves: Did Not Play,DET,202501130NYK
Karl-Anthony Towns,Starter,NYK,202501130NYK
Jalen Brunson,Starter,NYK,202501130NYK
OG Anunoby,Starter,NYK,202501130NYK
Josh Hart,Starter,NYK,202501130NYK
Mikal Bridges,Starter,NYK,202501130NYK
Miles McBride,Reserves,NYK,202501130NYK
Cameron Payne,Reserves,NYK,202501130NYK
Precious Achiuwa,Reserves,NYK,202501130NYK
Landry Shamet,Reserves,NYK,202501130NYK
Ariel Hukporti,Reserves: Did Not Play,NYK,202501130NYK
Tyler Kolek,Reserves: Did Not Play,NYK,202501130NYK
Matt Ryan,Reserves: Did Not Play,NYK,202501130NYK
Jacob Toppin,Reserves: Did Not Play,NYK,202501130NYK
Damian Lillard,Starter,MIL,202501120NYK
Giannis Antetokounmpo,Starter,MIL,202501120NYK
Brook Lopez,Starter,MIL,202501120NYK
Taurean Prince,Starter,MIL,202501120NYK
Andre Jackson Jr.,Starter,MIL,202501120NYK
A.J. Green,Reserves,MIL,202501120NYK
Khris Middleton,Reserves,MIL,202501120NYK
Bobby Portis,Reserves,MIL,202501120NYK
Pat Connaughton,Reserves,MIL,202501120NYK
MarJon Beauchamp,Reserves,MIL,202501120NYK
Delon Wright,Reserves,MIL,202501120NYK
Liam Robbins,Reserves,MIL,202501120NYK
Stanley Umude,Reserves,MIL,202501120NYK
Mikal Bridges,Starter,NYK,202501120NYK
Karl-Anthony Towns,Starter,NYK,202501120NYK
Josh Hart,Starter,NYK,202501120NYK
OG Anunoby,Starter,NYK,202501120NYK
Jalen Brunson,Starter,NYK,202501120NYK
Miles McBride,Reserves,NYK,202501120NYK
Precious Achiuwa,Reserves,NYK,202501120NYK
Cameron Payne,Reserves,NYK,202501120NYK
Landry Shamet,Reserves,NYK,202501120NYK
Jacob Toppin,Reserves,NYK,202501120NYK
Ariel Hukporti,Reserves,NYK,202501120NYK
Matt Ryan,Reserves,NYK,202501120NYK
Tyler Kolek,Reserves,NYK,202501120NYK
Jericho Sims,Reserves: Did Not Play,NYK,202501120NYK
Franz Wagner,Starter,ORL,202412010BRK
Kentavious Caldwell-Pope,Starter,ORL,202412010BRK
Goga Bitadze,Starter,ORL,202412010BRK
Wendell Carter Jr.,Starter,ORL,202412010BRK
Jalen Suggs,Starter,ORL,202412010BRK
Tristan Da Silva,Reserves,ORL,202412010BRK
Anthony Black,Reserves,ORL,202412010BRK
Moritz Wagner,Reserves,ORL,202412010BRK
Jett Howard,Reserves,ORL,202412010BRK
Jonathan Isaac,Reserves,ORL,202412010BRK
Cole Anthony,Reserves,ORL,202412010BRK
Caleb Houstan,Reserves: Did Not Play,ORL,202412010BRK
Cory Joseph,Reserves: Did Not Play,ORL,202412010BRK
Dennis Schröder,Starter,BRK,202412010BRK
Cameron Johnson,Starter,BRK,202412010BRK
Nic Claxton,Starter,BRK,202412010BRK
Ziaire Williams,Starter,BRK,202412010BRK
Jalen Wilson,Starter,BRK,202412010BRK
Keon Johnson,Reserves,BRK,202412010BRK
Trendon Watford,Reserves,BRK,202412010BRK
Shake Milton,Reserves,BRK,202412010BRK
Ben Simmons,Reserves,BRK,202412010BRK
Tyrese Martin,Reserves,BRK,202412010BRK
Cui Yongxi,Reserves,BRK,202412010BRK
Dariq Whitehead,Reserves,BRK,202412010BRK
Tyrese Haliburton,Starter,IND,202501060BRK
Bennedict Mathurin,Starter,IND,202501060BRK
Andrew Nembhard,Starter,IND,202501060BRK
Myles Turner,Starter,IND,202501060BRK
Pascal Siakam,Starter,IND,202501060BRK
Obi Toppin,Reserves,IND,202501060BRK
Ben Sheppard,Reserves,IND,202501060BRK
Thomas Bryant,Reserves,IND,202501060BRK
T.J. McConnell,Reserves,IND,202501060BRK
Jarace Walker,Reserves,IND,202501060BRK
Johnny Furphy,Reserves,IND,202501060BRK
James Johnson,Reserves,IND,202501060BRK
Aaron Nesmith,Reserves: Did Not Dress,IND,202501060BRK
Keon Johnson,Starter,BRK,202501060BRK
Tyrese Martin,Starter,BRK,202501060BRK
Noah Clowney,Starter,BRK,202501060BRK
Ziaire Williams,Starter,BRK,202501060BRK
Nic Claxton,Starter,BRK,202501060BRK
Jalen Wilson,Reserves,BRK,202501060BRK
Tosan Evbuomwan,Reserves,BRK,202501060BRK
Day'Ron Sharpe,Reserves,BRK,202501060BRK
Reece Beekman,Reserves,BRK,202501060BRK
Dariq Whitehead,Reserves,BRK,202501060BRK
D'Angelo Russell,Reserves: Did Not Dress,BRK,202501060BRK
Trendon Watford,Reserves: Did Not Dress,BRK,202501060BRK
Victor Wembanyama,Starter,SAS,202501060CHI
Devin Vassell,Starter,SAS,202501060CHI
Chris Paul,Starter,SAS,202501060CHI
Harrison Barnes,Starter,SAS,202501060CHI
Jeremy Sochan,Starter,SAS,202501060CHI
Keldon Johnson,Reserves,SAS,202501060CHI
Stephon Castle,Reserves,SAS,202501060CHI
Julian Champagnie,Reserves,SAS,202501060CHI
Charles Bassey,Reserves,SAS,202501060CHI
Tre Jones,Reserves,SAS,202501060CHI
Malaki Branham,Reserves: Did Not Play,SAS,202501060CHI
Zach Collins,Reserves: Did Not Play,SAS,202501060CHI
Sandro Mamukelashvili,Reserves: Did Not Play,SAS,202501060CHI
Blake Wesley,Reserves: Did Not Play,SAS,202501060CHI
Zach LaVine,Starter,CHI,202501060CHI
Coby White,Starter,CHI,202501060CHI
Patrick Williams,Starter,CHI,202501060CHI
Nikola Vučević,Starter,CHI,202501060CHI
Josh Giddey,Starter,CHI,202501060CHI
Lonzo Ball,Reserves,CHI,202501060CHI
Jalen Smith,Reserves,CHI,202501060CHI
Matas Buzelis,Reserves,CHI,202501060CHI
Julian Phillips,Reserves,CHI,202501060CHI
Dalen Terry,Reserves,CHI,202501060CHI
Jevon Carter,Reserves: Did Not Play,CHI,202501060CHI
Chris Duarte,Reserves: Did Not Play,CHI,202501060CHI
Talen Horton-Tucker,Reserves: Did Not Play,CHI,202501060CHI
RJ Barrett,Starter,TOR,202412120MIA
Gradey Dick,Starter,TOR,202412120MIA
Ochai Agbaji,Starter,TOR,202412120MIA
Jonathan Mogbo,Starter,TOR,202412120MIA
Bruno Fernando,Starter,TOR,202412120MIA
Jakob Poeltl,Reserves,TOR,202412120MIA
Ja'Kobe Walter,Reserves,TOR,202412120MIA
Davion Mitchell,Reserves,TOR,202412120MIA
Jamison Battle,Reserves,TOR,202412120MIA
Jamal Shead,Reserves,TOR,202412120MIA
Kelly Olynyk,Reserves,TOR,202412120MIA
Chris Boucher,Reserves: Did Not Play,TOR,202412120MIA
Garrett Temple,Reserves: Did Not Play,TOR,202412120MIA
Bam Adebayo,Starter,MIA,202412120MIA
Tyler Herro,Starter,MIA,202412120MIA
Jimmy Butler,Starter,MIA,202412120MIA
Haywood Highsmith,Starter,MIA,202412120MIA
Duncan Robinson,Starter,MIA,202412120MIA
Dru Smith,Reserves,MIA,202412120MIA
Terry Rozier,Reserves,MIA,202412120MIA
Nikola Jović,Reserves,MIA,202412120MIA
Jaime Jaquez Jr.,Reserves,MIA,202412120MIA
Kevin Love,Reserves,MIA,202412120MIA
Thomas Bryant,Reserves: Did Not Play,MIA,202412120MIA
Alec Burks,Reserves: Did Not Play,MIA,202412120MIA
Pelle Larsson,Reserves: Did Not Dress,MIA,202412120MIA
Josh Richardson,Reserves: Did Not Dress,MIA,202412120MIA
Kel'el Ware,Reserves: Did Not Play,MIA,202412120MIA
Deni Avdija,Starter,POR,202501210MIA
Anfernee Simons,Starter,POR,202501210MIA
Jerami Grant,Starter,POR,202501210MIA
Deandre Ayton,Starter,POR,202501210MIA
Scoot Henderson,Starter,POR,202501210MIA
Shaedon Sharpe,Reserves,POR,202501210MIA
Dalano Banton,Reserves,POR,202501210MIA
Robert Williams,Reserves,POR,202501210MIA
Jabari Walker,Reserves,POR,202501210MIA
Toumani Camara,Reserves: Did Not Dress,POR,202501210MIA
Donovan Clingan,Reserves: Did Not Dress,POR,202501210MIA
Bryce McGowens,Reserves: Did Not Play,POR,202501210MIA
Justin Minaya,Reserves: Did Not Play,POR,202501210MIA
Kris Murray,Reserves: Did Not Dress,POR,202501210MIA
Duop Reath,Reserves: Did Not Play,POR,202501210MIA
Kel'el Ware,Starter,MIA,202501210MIA
Duncan Robinson,Starter,MIA,202501210MIA
Jimmy Butler,Starter,MIA,202501210MIA
Bam Adebayo,Starter,MIA,202501210MIA
Terry Rozier,Starter,MIA,202501210MIA
Nikola Jović,Reserves,MIA,202501210MIA
Jaime Jaquez Jr.,Reserves,MIA,202501210MIA
Pelle Larsson,Reserves,MIA,202501210MIA
Alec Burks,Reserves,MIA,202501210MIA
Haywood Highsmith,Reserves,MIA,202501210MIA
Josh Christopher,Reserves: Did Not Play,MIA,202501210MIA
Tyler Herro,Reserves: Did Not Dress,MIA,202501210MIA
Keshad Johnson,Reserves: Did Not Dress,MIA,202501210MIA
Kevin Love,Reserves: Did Not Play,MIA,202501210MIA
Josh Richardson,Reserves: Did Not Dress,MIA,202501210MIA
Jaren Jackson Jr.,Starter,MEM,202501270NYK
Desmond Bane,Starter,MEM,202501270NYK
Ja Morant,Starter,MEM,202501270NYK
Zach Edey,Starter,MEM,202501270NYK
Jaylen Wells,Starter,MEM,202501270NYK
Santi Aldama,Reserves,MEM,202501270NYK
Luke Kennard,Reserves,MEM,202501270NYK
Scotty Pippen Jr.,Reserves,MEM,202501270NYK
Brandon Clarke,Reserves,MEM,202501270NYK
GG Jackson II,Reserves,MEM,202501270NYK
Jake LaRavia,Reserves,MEM,202501270NYK
Jay Huff,Reserves,MEM,202501270NYK
John Konchar,Reserves,MEM,202501270NYK
Mikal Bridges,Starter,NYK,202501270NYK
OG Anunoby,Starter,NYK,202501270NYK
Karl-Anthony Towns,Starter,NYK,202501270NYK
Josh Hart,Starter,NYK,202501270NYK
Jalen Brunson,Starter,NYK,202501270NYK
Miles McBride,Reserves,NYK,202501270NYK
Precious Achiuwa,Reserves,NYK,202501270NYK
Cameron Payne,Reserves,NYK,202501270NYK
Landry Shamet,Reserves,NYK,202501270NYK
Tyler Kolek,Reserves,NYK,202501270NYK
Jericho Sims,Reserves,NYK,202501270NYK
Jacob Toppin,Reserves,NYK,202501270NYK
Matt Ryan,Reserves,NYK,202501270NYK
Ariel Hukporti,Reserves,NYK,202501270NYK
Victor Wembanyama,Starter,SAS,202501080MIL
Devin Vassell,Starter,SAS,202501080MIL
Chris Paul,Starter,SAS,202501080MIL
Harrison Barnes,Starter,SAS,202501080MIL
Stephon Castle,Starter,SAS,202501080MIL
Julian Champagnie,Reserves,SAS,202501080MIL
Keldon Johnson,Reserves,SAS,202501080MIL
Tre Jones,Reserves,SAS,202501080MIL
Charles Bassey,Reserves,SAS,202501080MIL
Sandro Mamukelashvili,Reserves,SAS,202501080MIL
Malaki Branham,Reserves,SAS,202501080MIL
Zach Collins,Reserves,SAS,202501080MIL
Blake Wesley,Reserves,SAS,202501080MIL
Giannis Antetokounmpo,Starter,MIL,202501080MIL
Brook Lopez,Starter,MIL,202501080MIL
Damian Lillard,Starter,MIL,202501080MIL
Taurean Prince,Starter,MIL,202501080MIL
Andre Jackson Jr.,Starter,MIL,202501080MIL
A.J. Green,Reserves,MIL,202501080MIL
Gary Trent Jr.,Reserves,MIL,202501080MIL
Khris Middleton,Reserves,MIL,202501080MIL
Bobby Portis,Reserves,MIL,202501080MIL
MarJon Beauchamp,Reserves,MIL,202501080MIL
Ryan Rollins,Reserves,MIL,202501080MIL
Liam Robbins,Reserves,MIL,202501080MIL
Stanley Umude,Reserves,MIL,202501080MIL
Pat Connaughton,Reserves: Did Not Play,MIL,202501080MIL
Delon Wright,Reserves: Did Not Play,MIL,202501080MIL
Dereck Lively II,Starter,DAL,202501060MEM
Naji Marshall,Starter,DAL,202501060MEM
P.J. Washington,Starter,DAL,202501060MEM
Klay Thompson,Starter,DAL,202501060MEM
Maxi Kleber,Starter,DAL,202501060MEM
Spencer Dinwiddie,Reserves,DAL,202501060MEM
Quentin Grimes,Reserves,DAL,202501060MEM
Jaden Hardy,Reserves,DAL,202501060MEM
Daniel Gafford,Reserves,DAL,202501060MEM
Dwight Powell,Reserves,DAL,202501060MEM
Brandon Williams,Reserves,DAL,202501060MEM
Olivier-Maxence Prosper,Reserves,DAL,202501060MEM
Markieff Morris,Reserves: Did Not Play,DAL,202501060MEM
Jaylen Wells,Starter,MEM,202501060MEM
Jaren Jackson Jr.,Starter,MEM,202501060MEM
Scotty Pippen Jr.,Starter,MEM,202501060MEM
John Konchar,Starter,MEM,202501060MEM
Zach Edey,Starter,MEM,202501060MEM
Jay Huff,Reserves,MEM,202501060MEM
Jake LaRavia,Reserves,MEM,202501060MEM
Luke Kennard,Reserves,MEM,202501060MEM
Brandon Clarke,Reserves,MEM,202501060MEM
Cam Spencer,Reserves,MEM,202501060MEM
Yuki Kawamura,Reserves,MEM,202501060MEM
Colin Castleton,Reserves: Did Not Play,MEM,202501060MEM
Jaylen Brown,Starter,BOS,202501070DEN
Jayson Tatum,Starter,BOS,202501070DEN
Kristaps Porziņģis,Starter,BOS,202501070DEN
Al Horford,Starter,BOS,202501070DEN
Jrue Holiday,Starter,BOS,202501070DEN
Payton Pritchard,Reserves,BOS,202501070DEN
Sam Hauser,Reserves,BOS,202501070DEN
Luke Kornet,Reserves,BOS,202501070DEN
Neemias Queta,Reserves,BOS,202501070DEN
Jaden Springer,Reserves,BOS,202501070DEN
Xavier Tillman Sr.,Reserves: Did Not Play,BOS,202501070DEN
Jordan Walsh,Reserves,BOS,202501070DEN
Derrick White,Reserves,BOS,202501070DEN
Jamal Murray,Starter,DEN,202501070DEN
Michael Porter Jr.,Starter,DEN,202501070DEN
Russell Westbrook,Starter,DEN,202501070DEN
Christian Braun,Starter,DEN,202501070DEN
Dario Šarić,Starter,DEN,202501070DEN
Peyton Watson,Reserves,DEN,202501070DEN
Julian Strawther,Reserves,DEN,202501070DEN
DeAndre Jordan,Reserves,DEN,202501070DEN
Zeke Nnaji,Reserves,DEN,202501070DEN
Trey Alexander,Reserves,DEN,202501070DEN
Jalen Pickett,Reserves,DEN,202501070DEN
Hunter Tyson,Reserves,DEN,202501070DEN
P.J. Washington,Starter,DAL,202501150NOP
Spencer Dinwiddie,Starter,DAL,202501150NOP
Naji Marshall,Starter,DAL,202501150NOP
Daniel Gafford,Starter,DAL,202501150NOP
Klay Thompson,Starter,DAL,202501150NOP
Jaden Hardy,Reserves,DAL,202501150NOP
Quentin Grimes,Reserves,DAL,202501150NOP
Maxi Kleber,Reserves,DAL,202501150NOP
Olivier-Maxence Prosper,Reserves,DAL,202501150NOP
Brandon Williams,Reserves,DAL,202501150NOP
Dwight Powell,Reserves,DAL,202501150NOP
Markieff Morris,Reserves: Did Not Play,DAL,202501150NOP
Trey Murphy III,Starter,NOP,202501150NOP
CJ McCollum,Starter,NOP,202501150NOP
Dejounte Murray,Starter,NOP,202501150NOP
Yves Missi,Starter,NOP,202501150NOP
Javonte Green,Starter,NOP,202501150NOP
Jordan Hawkins,Reserves,NOP,202501150NOP
Daniel Theis,Reserves,NOP,202501150NOP
Jose Alvarado,Reserves,NOP,202501150NOP
Brandon Boston Jr.,Reserves,NOP,202501150NOP
Jeremiah Robinson-Earl,Reserves,NOP,202501150NOP
Karlo Matković,Reserves: Did Not Play,NOP,202501150NOP
Zion Williamson,Reserves,NOP,202501150NOP
Jaren Jackson Jr.,Starter,MEM,202412270NOP
Jaylen Wells,Starter,MEM,202412270NOP
Desmond Bane,Starter,MEM,202412270NOP
Zach Edey,Starter,MEM,202412270NOP
Ja Morant,Starter,MEM,202412270NOP
Scotty Pippen Jr.,Reserves,MEM,202412270NOP
Luke Kennard,Reserves,MEM,202412270NOP
Brandon Clarke,Reserves,MEM,202412270NOP
Jay Huff,Reserves,MEM,202412270NOP
Jake LaRavia,Reserves,MEM,202412270NOP
John Konchar,Reserves,MEM,202412270NOP
Cam Spencer,Reserves: Did Not Play,MEM,202412270NOP
Trey Murphy III,Starter,NOP,202412270NOP
Dejounte Murray,Starter,NOP,202412270NOP
CJ McCollum,Starter,NOP,202412270NOP
Herbert Jones,Starter,NOP,202412270NOP
Yves Missi,Starter,NOP,202412270NOP
Jeremiah Robinson-Earl,Reserves,NOP,202412270NOP
Daniel Theis,Reserves,NOP,202412270NOP
Jordan Hawkins,Reserves,NOP,202412270NOP
Brandon Boston Jr.,Reserves,NOP,202412270NOP
Javonte Green,Reserves,NOP,202412270NOP
Trey Jemison,Reserves: Did Not Play,NOP,202412270NOP
Antonio Reeves,Reserves: Did Not Play,NOP,202412270NOP
Amen Thompson,Starter,HOU,202412260NOP
Jalen Green,Starter,HOU,202412260NOP
Jabari Smith Jr.,Starter,HOU,202412260NOP
Fred VanVleet,Starter,HOU,202412260NOP
Alperen Şengün,Starter,HOU,202412260NOP
Cam Whitmore,Reserves,HOU,202412260NOP
Reed Sheppard,Reserves,HOU,202412260NOP
Jae'Sean Tate,Reserves,HOU,202412260NOP
Steven Adams,Reserves,HOU,202412260NOP
Jeff Green,Reserves,HOU,202412260NOP
Aaron Holiday,Reserves,HOU,202412260NOP
Jock Landale,Reserves,HOU,202412260NOP
Dillon Brooks,Reserves: Did Not Dress,HOU,202412260NOP
Tari Eason,Reserves: Did Not Dress,HOU,202412260NOP
Herbert Jones,Starter,NOP,202412260NOP
Trey Murphy III,Starter,NOP,202412260NOP
Yves Missi,Starter,NOP,202412260NOP
Dejounte Murray,Starter,NOP,202412260NOP
CJ McCollum,Starter,NOP,202412260NOP
Brandon Boston Jr.,Reserves,NOP,202412260NOP
Javonte Green,Reserves,NOP,202412260NOP
Daniel Theis,Reserves,NOP,202412260NOP
Jordan Hawkins,Reserves,NOP,202412260NOP
Jeremiah Robinson-Earl,Reserves,NOP,202412260NOP
Antonio Reeves,Reserves,NOP,202412260NOP
Jose Alvarado,Reserves: Did Not Dress,NOP,202412260NOP
Tyler Herro,Starter,MIA,202501090UTA
Jaime Jaquez Jr.,Starter,MIA,202501090UTA
Terry Rozier,Starter,MIA,202501090UTA
Bam Adebayo,Starter,MIA,202501090UTA
Haywood Highsmith,Starter,MIA,202501090UTA
Nikola Jović,Reserves,MIA,202501090UTA
Kel'el Ware,Reserves,MIA,202501090UTA
Duncan Robinson,Reserves,MIA,202501090UTA
Alec Burks,Reserves,MIA,202501090UTA
Jimmy Butler,Reserves,MIA,202501090UTA
Josh Christopher,Reserves: Did Not Play,MIA,202501090UTA
Keshad Johnson,Reserves: Did Not Play,MIA,202501090UTA
Pelle Larsson,Reserves: Did Not Play,MIA,202501090UTA
Kevin Love,Reserves,MIA,202501090UTA
Josh Richardson,Reserves: Did Not Play,MIA,202501090UTA
Isaiah Collier,Starter,UTA,202501090UTA
Lauri Markkanen,Starter,UTA,202501090UTA
Walker Kessler,Starter,UTA,202501090UTA
Collin Sexton,Starter,UTA,202501090UTA
Johnny Juzang,Starter,UTA,202501090UTA
Cody Williams,Reserves,UTA,202501090UTA
Kyle Filipowski,Reserves,UTA,202501090UTA
Patty Mills,Reserves,UTA,202501090UTA
Drew Eubanks,Reserves,UTA,202501090UTA
Micah Potter,Reserves,UTA,202501090UTA
Keyonte George,Reserves: Did Not Dress,UTA,202501090UTA
Svi Mykhailiuk,Reserves: Did Not Play,UTA,202501090UTA
Brook Lopez,Starter,MIL,202501060TOR
Taurean Prince,Starter,MIL,202501060TOR
Giannis Antetokounmpo,Starter,MIL,202501060TOR
Damian Lillard,Starter,MIL,202501060TOR
Andre Jackson Jr.,Starter,MIL,202501060TOR
Gary Trent Jr.,Reserves,MIL,202501060TOR
Bobby Portis,Reserves,MIL,202501060TOR
Ryan Rollins,Reserves,MIL,202501060TOR
A.J. Green,Reserves,MIL,202501060TOR
MarJon Beauchamp,Reserves,MIL,202501060TOR
Pat Connaughton,Reserves,MIL,202501060TOR
Liam Robbins,Reserves,MIL,202501060TOR
Stanley Umude,Reserves,MIL,202501060TOR
Delon Wright,Reserves,MIL,202501060TOR
RJ Barrett,Starter,TOR,202501060TOR
Scottie Barnes,Starter,TOR,202501060TOR
Jakob Poeltl,Starter,TOR,202501060TOR
Immanuel Quickley,Starter,TOR,202501060TOR
Gradey Dick,Starter,TOR,202501060TOR
Ochai Agbaji,Reserves,TOR,202501060TOR
Jamal Shead,Reserves,TOR,202501060TOR
Bruce Brown,Reserves,TOR,202501060TOR
Ja'Kobe Walter,Reserves,TOR,202501060TOR
Kelly Olynyk,Reserves,TOR,202501060TOR
Jonathan Mogbo,Reserves,TOR,202501060TOR
Chris Boucher,Reserves: Did Not Play,TOR,202501060TOR
Bruno Fernando,Reserves: Did Not Play,TOR,202501060TOR
Davion Mitchell,Reserves: Did Not Play,TOR,202501060TOR
Garrett Temple,Reserves: Did Not Play,TOR,202501060TOR
Jamal Murray,Starter,DEN,202501140DAL
Christian Braun,Starter,DEN,202501140DAL
Nikola Jokić,Starter,DEN,202501140DAL
Russell Westbrook,Starter,DEN,202501140DAL
Michael Porter Jr.,Starter,DEN,202501140DAL
Peyton Watson,Reserves,DEN,202501140DAL
Julian Strawther,Reserves,DEN,202501140DAL
Aaron Gordon,Reserves,DEN,202501140DAL
DeAndre Jordan,Reserves,DEN,202501140DAL
Jalen Pickett,Reserves,DEN,202501140DAL
Zeke Nnaji,Reserves,DEN,202501140DAL
Hunter Tyson,Reserves,DEN,202501140DAL
Trey Alexander,Reserves,DEN,202501140DAL
Dario Šarić,Reserves: Did Not Play,DEN,202501140DAL
Kyrie Irving,Starter,DAL,202501140DAL
P.J. Washington,Starter,DAL,202501140DAL
Naji Marshall,Starter,DAL,202501140DAL
Klay Thompson,Starter,DAL,202501140DAL
Dereck Lively II,Starter,DAL,202501140DAL
Quentin Grimes,Reserves,DAL,202501140DAL
Jaden Hardy,Reserves,DAL,202501140DAL
Spencer Dinwiddie,Reserves,DAL,202501140DAL
Daniel Gafford,Reserves,DAL,202501140DAL
Maxi Kleber,Reserves,DAL,202501140DAL
Dwight Powell,Reserves,DAL,202501140DAL
Olivier-Maxence Prosper,Reserves,DAL,202501140DAL
Brandon Williams,Reserves,DAL,202501140DAL
Markieff Morris,Reserves: Did Not Play,DAL,202501140DAL
Bam Adebayo,Starter,MIA,202412260ORL
Tyler Herro,Starter,MIA,202412260ORL
Jaime Jaquez Jr.,Starter,MIA,202412260ORL
Haywood Highsmith,Starter,MIA,202412260ORL
Duncan Robinson,Starter,MIA,202412260ORL
Alec Burks,Reserves,MIA,202412260ORL
Terry Rozier,Reserves,MIA,202412260ORL
Nikola Jović,Reserves,MIA,202412260ORL
Kel'el Ware,Reserves,MIA,202412260ORL
Jimmy Butler,Reserves: Did Not Play,MIA,202412260ORL
Josh Christopher,Reserves: Did Not Play,MIA,202412260ORL
Keshad Johnson,Reserves: Did Not Play,MIA,202412260ORL
Pelle Larsson,Reserves: Did Not Play,MIA,202412260ORL
Kevin Love,Reserves: Did Not Play,MIA,202412260ORL
Isaiah Stevens,Reserves: Did Not Play,MIA,202412260ORL
Tristan Da Silva,Starter,ORL,202412260ORL
Trevelin Queen,Starter,ORL,202412260ORL
Goga Bitadze,Starter,ORL,202412260ORL
Jalen Suggs,Starter,ORL,202412260ORL
Kentavious Caldwell-Pope,Starter,ORL,202412260ORL
Wendell Carter Jr.,Reserves,ORL,202412260ORL
Anthony Black,Reserves,ORL,202412260ORL
Jonathan Isaac,Reserves,ORL,202412260ORL
Cole Anthony,Reserves,ORL,202412260ORL
Cory Joseph,Reserves,ORL,202412260ORL
Jett Howard,Reserves,ORL,202412260ORL
Caleb Houstan,Reserves: Did Not Play,ORL,202412260ORL
Mikal Bridges,Starter,NYK,202412270ORL
Josh Hart,Starter,NYK,202412270ORL
Jalen Brunson,Starter,NYK,202412270ORL
Karl-Anthony Towns,Starter,NYK,202412270ORL
OG Anunoby,Starter,NYK,202412270ORL
Miles McBride,Reserves,NYK,202412270ORL
Precious Achiuwa,Reserves,NYK,202412270ORL
Landry Shamet,Reserves,NYK,202412270ORL
Cameron Payne,Reserves,NYK,202412270ORL
Jericho Sims,Reserves,NYK,202412270ORL
Pacome Dadiet,Reserves: Did Not Play,NYK,202412270ORL
Ariel Hukporti,Reserves: Did Not Play,NYK,202412270ORL
Tyler Kolek,Reserves: Did Not Play,NYK,202412270ORL
Matt Ryan,Reserves: Did Not Play,NYK,202412270ORL
Jacob Toppin,Reserves: Did Not Play,NYK,202412270ORL
Kentavious Caldwell-Pope,Starter,ORL,202412270ORL
Goga Bitadze,Starter,ORL,202412270ORL
Anthony Black,Starter,ORL,202412270ORL
Tristan Da Silva,Starter,ORL,202412270ORL
Jalen Suggs,Starter,ORL,202412270ORL
Trevelin Queen,Reserves,ORL,202412270ORL
Jonathan Isaac,Reserves,ORL,202412270ORL
Wendell Carter Jr.,Reserves,ORL,202412270ORL
Gary Harris,Reserves,ORL,202412270ORL
Cory Joseph,Reserves,ORL,202412270ORL
Cole Anthony,Reserves,ORL,202412270ORL
Caleb Houstan,Reserves,ORL,202412270ORL
Jett Howard,Reserves: Did Not Play,ORL,202412270ORL
Jalen Suggs,Starter,ORL,202412040PHI
Franz Wagner,Starter,ORL,202412040PHI
Kentavious Caldwell-Pope,Starter,ORL,202412040PHI
Wendell Carter Jr.,Starter,ORL,202412040PHI
Goga Bitadze,Starter,ORL,202412040PHI
Anthony Black,Reserves,ORL,202412040PHI
Moritz Wagner,Reserves,ORL,202412040PHI
Tristan Da Silva,Reserves,ORL,202412040PHI
Jonathan Isaac,Reserves,ORL,202412040PHI
Cole Anthony,Reserves: Did Not Play,ORL,202412040PHI
Caleb Houstan,Reserves: Did Not Play,ORL,202412040PHI
Jett Howard,Reserves: Did Not Play,ORL,202412040PHI
Cory Joseph,Reserves: Did Not Play,ORL,202412040PHI
Jared McCain,Starter,PHI,202412040PHI
Tyrese Maxey,Starter,PHI,202412040PHI
Guerschon Yabusele,Starter,PHI,202412040PHI
Kelly Oubre Jr.,Starter,PHI,202412040PHI
KJ Martin,Starter,PHI,202412040PHI
Caleb Martin,Reserves,PHI,202412040PHI
Ricky Council IV,Reserves,PHI,202412040PHI
Adem Bona,Reserves,PHI,202412040PHI
Reggie Jackson,Reserves,PHI,202412040PHI
Justin Edwards,Reserves: Did Not Play,PHI,202412040PHI
Eric Gordon,Reserves: Did Not Play,PHI,202412040PHI
Pete Nance,Reserves: Did Not Play,PHI,202412040PHI
Norman Powell,Starter,LAC,202501060MIN
James Harden,Starter,LAC,202501060MIN
Ivica Zubac,Starter,LAC,202501060MIN
Kris Dunn,Starter,LAC,202501060MIN
Kawhi Leonard,Starter,LAC,202501060MIN
Derrick Jones Jr.,Reserves,LAC,202501060MIN
Amir Coffey,Reserves,LAC,202501060MIN
Kevin Porter Jr.,Reserves,LAC,202501060MIN
Nicolas Batum,Reserves,LAC,202501060MIN
Terance Mann,Reserves,LAC,202501060MIN
Mo Bamba,Reserves: Did Not Play,LAC,202501060MIN
Kobe Brown,Reserves: Did Not Play,LAC,202501060MIN
Bones Hyland,Reserves: Did Not Play,LAC,202501060MIN
Jordan Miller,Reserves: Did Not Play,LAC,202501060MIN
Rudy Gobert,Starter,MIN,202501060MIN
Anthony Edwards,Starter,MIN,202501060MIN
Jaden McDaniels,Starter,MIN,202501060MIN
Donte DiVincenzo,Starter,MIN,202501060MIN
Julius Randle,Starter,MIN,202501060MIN
Naz Reid,Reserves,MIN,202501060MIN
Mike Conley,Reserves,MIN,202501060MIN
Nickeil Alexander-Walker,Reserves,MIN,202501060MIN
Josh Minott,Reserves,MIN,202501060MIN
Joe Ingles,Reserves,MIN,202501060MIN
Jaylen Clark,Reserves: Did Not Play,MIN,202501060MIN
Luka Garza,Reserves: Did Not Play,MIN,202501060MIN
Leonard Miller,Reserves: Did Not Play,MIN,202501060MIN
Terrence Shannon Jr. ,Reserves: Did Not Play,MIN,202501060MIN
Jalen Johnson,Starter,ATL,202412040MIL
Trae Young,Starter,ATL,202412040MIL
Dyson Daniels,Starter,ATL,202412040MIL
Clint Capela,Starter,ATL,202412040MIL
Zaccharie Risacher,Starter,ATL,202412040MIL
De'Andre Hunter,Reserves,ATL,202412040MIL
Bogdan Bogdanović,Reserves,ATL,202412040MIL
Onyeka Okongwu,Reserves,ATL,202412040MIL
Kobe Bufkin,Reserves,ATL,202412040MIL
Vit Krejci,Reserves: Did Not Play,ATL,202412040MIL
Garrison Mathews,Reserves: Did Not Play,ATL,202412040MIL
Larry Nance Jr.,Reserves: Did Not Play,ATL,202412040MIL
David Roddy,Reserves: Did Not Play,ATL,202412040MIL
Giannis Antetokounmpo,Starter,MIL,202412040MIL
Brook Lopez,Starter,MIL,202412040MIL
Damian Lillard,Starter,MIL,202412040MIL
Taurean Prince,Starter,MIL,202412040MIL
Andre Jackson Jr.,Starter,MIL,202412040MIL
Gary Trent Jr.,Reserves,MIL,202412040MIL
A.J. Green,Reserves,MIL,202412040MIL
Bobby Portis,Reserves,MIL,202412040MIL
Delon Wright,Reserves,MIL,202412040MIL
Pat Connaughton,Reserves,MIL,202412040MIL
Ryan Rollins,Reserves,MIL,202412040MIL
Stanley Umude,Reserves,MIL,202412040MIL
Liam Robbins,Reserves,MIL,202412040MIL
Nikola Jokić,Starter,DEN,202412070WAS
Christian Braun,Starter,DEN,202412070WAS
Michael Porter Jr.,Starter,DEN,202412070WAS
Russell Westbrook,Starter,DEN,202412070WAS
Peyton Watson,Starter,DEN,202412070WAS
Julian Strawther,Reserves,DEN,202412070WAS
Jalen Pickett,Reserves,DEN,202412070WAS
Hunter Tyson,Reserves,DEN,202412070WAS
DeAndre Jordan,Reserves,DEN,202412070WAS
Trey Alexander,Reserves: Did Not Play,DEN,202412070WAS
PJ Hall,Reserves: Did Not Play,DEN,202412070WAS
Zeke Nnaji,Reserves: Did Not Play,DEN,202412070WAS
Bilal Coulibaly,Starter,WAS,202412070WAS
Jordan Poole,Starter,WAS,202412070WAS
Justin Champagnie,Starter,WAS,202412070WAS
Carlton Carrington,Starter,WAS,202412070WAS
Jonas Valančiūnas,Starter,WAS,202412070WAS
Jared Butler,Reserves,WAS,202412070WAS
Marvin Bagley III,Reserves,WAS,202412070WAS
Johnny Davis,Reserves,WAS,202412070WAS
Anthony Gill,Reserves,WAS,202412070WAS
Malcolm Brogdon,Reserves: Did Not Dress,WAS,202412070WAS
Richaun Holmes,Reserves: Did Not Play,WAS,202412070WAS
Corey Kispert,Reserves: Did Not Dress,WAS,202412070WAS
Norman Powell,Starter,LAC,202412190DAL
James Harden,Starter,LAC,202412190DAL
Ivica Zubac,Starter,LAC,202412190DAL
Kris Dunn,Starter,LAC,202412190DAL
Derrick Jones Jr.,Starter,LAC,202412190DAL
Amir Coffey,Reserves,LAC,202412190DAL
Nicolas Batum,Reserves,LAC,202412190DAL
Kevin Porter Jr.,Reserves,LAC,202412190DAL
Mo Bamba,Reserves,LAC,202412190DAL
Kai Jones,Reserves,LAC,202412190DAL
Jordan Miller,Reserves,LAC,202412190DAL
Bones Hyland,Reserves: Did Not Play,LAC,202412190DAL
Spencer Dinwiddie,Starter,DAL,202412190DAL
P.J. Washington,Starter,DAL,202412190DAL
Klay Thompson,Starter,DAL,202412190DAL
Dereck Lively II,Starter,DAL,202412190DAL
Quentin Grimes,Starter,DAL,202412190DAL
Naji Marshall,Reserves,DAL,202412190DAL
Daniel Gafford,Reserves,DAL,202412190DAL
Maxi Kleber,Reserves,DAL,202412190DAL
Olivier-Maxence Prosper,Reserves,DAL,202412190DAL
Jazian Gortman,Reserves,DAL,202412190DAL
Kessler Edwards,Reserves,DAL,202412190DAL
Markieff Morris,Reserves,DAL,202412190DAL
Dwight Powell,Reserves,DAL,202412190DAL
Stephon Castle,Starter,SAS,202501130LAL
Devin Vassell,Starter,SAS,202501130LAL
Victor Wembanyama,Starter,SAS,202501130LAL
Harrison Barnes,Starter,SAS,202501130LAL
Chris Paul,Starter,SAS,202501130LAL
Keldon Johnson,Reserves,SAS,202501130LAL
Tre Jones,Reserves,SAS,202501130LAL
Julian Champagnie,Reserves,SAS,202501130LAL
Charles Bassey,Reserves,SAS,202501130LAL
Sandro Mamukelashvili,Reserves,SAS,202501130LAL
Malaki Branham,Reserves,SAS,202501130LAL
Blake Wesley,Reserves,SAS,202501130LAL
Zach Collins,Reserves,SAS,202501130LAL
Austin Reaves,Starter,LAL,202501130LAL
Anthony Davis,Starter,LAL,202501130LAL
LeBron James,Starter,LAL,202501130LAL
Max Christie,Starter,LAL,202501130LAL
Rui Hachimura,Starter,LAL,202501130LAL
Dorian Finney-Smith,Reserves,LAL,202501130LAL
Gabe Vincent,Reserves,LAL,202501130LAL
Cam Reddish,Reserves,LAL,202501130LAL
Dalton Knecht,Reserves,LAL,202501130LAL
Jaxson Hayes,Reserves,LAL,202501130LAL
Quincy Olivari,Reserves,LAL,202501130LAL
Shake Milton,Reserves: Did Not Play,LAL,202501130LAL
Walker Kessler,Starter,UTA,202412230CLE
Collin Sexton,Starter,UTA,202412230CLE
Lauri Markkanen,Starter,UTA,202412230CLE
Micah Potter,Starter,UTA,202412230CLE
Svi Mykhailiuk,Starter,UTA,202412230CLE
Jordan Clarkson,Reserves,UTA,202412230CLE
Johnny Juzang,Reserves,UTA,202412230CLE
Isaiah Collier,Reserves,UTA,202412230CLE
Brice Sensabaugh,Reserves,UTA,202412230CLE
Kyle Filipowski,Reserves,UTA,202412230CLE
Drew Eubanks,Reserves: Did Not Play,UTA,202412230CLE
Patty Mills,Reserves: Did Not Play,UTA,202412230CLE
Cody Williams,Reserves: Did Not Play,UTA,202412230CLE
Donovan Mitchell,Starter,CLE,202412230CLE
Evan Mobley,Starter,CLE,202412230CLE
Darius Garland,Starter,CLE,202412230CLE
Jarrett Allen,Starter,CLE,202412230CLE
Sam Merrill,Starter,CLE,202412230CLE
Caris LeVert,Reserves,CLE,202412230CLE
Max Strus,Reserves,CLE,202412230CLE
Georges Niang,Reserves,CLE,202412230CLE
Ty Jerome,Reserves,CLE,202412230CLE
Jaylon Tyson,Reserves,CLE,202412230CLE
Craig Porter Jr.,Reserves: Did Not Play,CLE,202412230CLE
Tristan Thompson,Reserves: Did Not Play,CLE,202412230CLE
JT Thor,Reserves: Did Not Play,CLE,202412230CLE
LaMelo Ball,Starter,CHO,202501120PHO
Brandon Miller,Starter,CHO,202501120PHO
Miles Bridges,Starter,CHO,202501120PHO
Josh Green,Starter,CHO,202501120PHO
Mark Williams,Starter,CHO,202501120PHO
Cody Martin,Reserves,CHO,202501120PHO
Nick Richards,Reserves,CHO,202501120PHO
Nick Smith Jr.,Reserves,CHO,202501120PHO
Vasilije Micić,Reserves,CHO,202501120PHO
Tidjane Salaün,Reserves,CHO,202501120PHO
Seth Curry,Reserves: Did Not Play,CHO,202501120PHO
Moussa Diabaté,Reserves: Did Not Play,CHO,202501120PHO
Taj Gibson,Reserves: Did Not Play,CHO,202501120PHO
KJ Simpson,Reserves: Did Not Play,CHO,202501120PHO
Kevin Durant,Starter,PHO,202501120PHO
Devin Booker,Starter,PHO,202501120PHO
Ryan Dunn,Starter,PHO,202501120PHO
Tyus Jones,Starter,PHO,202501120PHO
Mason Plumlee,Starter,PHO,202501120PHO
Bradley Beal,Reserves,PHO,202501120PHO
Oso Ighodaro,Reserves,PHO,202501120PHO
Royce O'Neale,Reserves,PHO,202501120PHO
Grayson Allen,Reserves,PHO,202501120PHO
Bol Bol,Reserves: Did Not Play,PHO,202501120PHO
Damion Lee,Reserves: Did Not Play,PHO,202501120PHO
Monte Morris,Reserves: Did Not Play,PHO,202501120PHO
Josh Okogie,Reserves: Did Not Play,PHO,202501120PHO
Cade Cunningham,Starter,DET,202412210PHO
Jalen Duren,Starter,DET,202412210PHO
Jaden Ivey,Starter,DET,202412210PHO
Tobias Harris,Starter,DET,202412210PHO
Tim Hardaway Jr.,Starter,DET,202412210PHO
Malik Beasley,Reserves,DET,202412210PHO
Simone Fontecchio,Reserves,DET,202412210PHO
Ausar Thompson,Reserves,DET,202412210PHO
Paul Reed,Reserves,DET,202412210PHO
Ron Holland,Reserves,DET,202412210PHO
Wendell Moore Jr.,Reserves: Did Not Play,DET,202412210PHO
Marcus Sasser,Reserves: Did Not Play,DET,202412210PHO
Kevin Durant,Starter,PHO,202412210PHO
Bradley Beal,Starter,PHO,202412210PHO
Royce O'Neale,Starter,PHO,202412210PHO
Tyus Jones,Starter,PHO,202412210PHO
Jusuf Nurkić,Starter,PHO,202412210PHO
Mason Plumlee,Reserves,PHO,202412210PHO
Grayson Allen,Reserves,PHO,202412210PHO
Monte Morris,Reserves,PHO,202412210PHO
Ryan Dunn,Reserves,PHO,202412210PHO
Oso Ighodaro,Reserves: Did Not Play,PHO,202412210PHO
Damion Lee,Reserves: Did Not Play,PHO,202412210PHO
Josh Okogie,Reserves: Did Not Play,PHO,202412210PHO
Shai Gilgeous-Alexander,Starter,OKC,202412190ORL
Jalen Williams,Starter,OKC,202412190ORL
Isaiah Hartenstein,Starter,OKC,202412190ORL
Luguentz Dort,Starter,OKC,202412190ORL
Cason Wallace,Starter,OKC,202412190ORL
Aaron Wiggins,Reserves,OKC,202412190ORL
Alex Caruso,Reserves,OKC,202412190ORL
Isaiah Joe,Reserves,OKC,202412190ORL
Kenrich Williams,Reserves,OKC,202412190ORL
Ajay Mitchell,Reserves,OKC,202412190ORL
Branden Carlson,Reserves: Did Not Play,OKC,202412190ORL
Ousmane Dieng,Reserves: Did Not Play,OKC,202412190ORL
Dillon Jones,Reserves: Did Not Play,OKC,202412190ORL
Tristan Da Silva,Starter,ORL,202412190ORL
Kentavious Caldwell-Pope,Starter,ORL,202412190ORL
Wendell Carter Jr.,Starter,ORL,202412190ORL
Goga Bitadze,Starter,ORL,202412190ORL
Jalen Suggs,Starter,ORL,202412190ORL
Anthony Black,Reserves,ORL,202412190ORL
Moritz Wagner,Reserves,ORL,202412190ORL
Jonathan Isaac,Reserves,ORL,202412190ORL
Cole Anthony,Reserves,ORL,202412190ORL
Jett Howard,Reserves,ORL,202412190ORL
Cory Joseph,Reserves,ORL,202412190ORL
Caleb Houstan,Reserves: Did Not Play,ORL,202412190ORL
Trevelin Queen,Reserves: Did Not Play,ORL,202412190ORL
Kyle Kuzma,Starter,WAS,202501080PHI
Carlton Carrington,Starter,WAS,202501080PHI
Bilal Coulibaly,Starter,WAS,202501080PHI
Kyshawn George,Starter,WAS,202501080PHI
Jonas Valančiūnas,Starter,WAS,202501080PHI
Corey Kispert,Reserves,WAS,202501080PHI
Richaun Holmes,Reserves,WAS,202501080PHI
Jared Butler,Reserves,WAS,202501080PHI
Justin Champagnie,Reserves,WAS,202501080PHI
Patrick Baldwin Jr.,Reserves: Did Not Play,WAS,202501080PHI
Anthony Gill,Reserves: Did Not Play,WAS,202501080PHI
Alex Sarr,Reserves: Did Not Dress,WAS,202501080PHI
Tyrese Maxey,Starter,PHI,202501080PHI
Kelly Oubre Jr.,Starter,PHI,202501080PHI
Caleb Martin,Starter,PHI,202501080PHI
Guerschon Yabusele,Starter,PHI,202501080PHI
Eric Gordon,Starter,PHI,202501080PHI
Ricky Council IV,Reserves,PHI,202501080PHI
Adem Bona,Reserves,PHI,202501080PHI
Justin Edwards,Reserves,PHI,202501080PHI
Jeff Dowtin,Reserves,PHI,202501080PHI
Reggie Jackson,Reserves,PHI,202501080PHI
Andre Drummond,Reserves: Did Not Dress,PHI,202501080PHI
Paul George,Reserves: Did Not Dress,PHI,202501080PHI
Victor Wembanyama,Starter,SAS,202501230IND
Devin Vassell,Starter,SAS,202501230IND
Harrison Barnes,Starter,SAS,202501230IND
Chris Paul,Starter,SAS,202501230IND
Stephon Castle,Starter,SAS,202501230IND
Keldon Johnson,Reserves,SAS,202501230IND
Tre Jones,Reserves,SAS,202501230IND
Jeremy Sochan,Reserves,SAS,202501230IND
Julian Champagnie,Reserves,SAS,202501230IND
Sandro Mamukelashvili,Reserves,SAS,202501230IND
Malaki Branham,Reserves,SAS,202501230IND
Sidy Cissoko,Reserves,SAS,202501230IND
Zach Collins,Reserves,SAS,202501230IND
Blake Wesley,Reserves,SAS,202501230IND
Charles Bassey,Reserves: Did Not Play,SAS,202501230IND
Tyrese Haliburton,Starter,IND,202501230IND
Pascal Siakam,Starter,IND,202501230IND
Andrew Nembhard,Starter,IND,202501230IND
Myles Turner,Starter,IND,202501230IND
Bennedict Mathurin,Starter,IND,202501230IND
Obi Toppin,Reserves,IND,202501230IND
Aaron Nesmith,Reserves,IND,202501230IND
Ben Sheppard,Reserves,IND,202501230IND
T.J. McConnell,Reserves,IND,202501230IND
Thomas Bryant,Reserves,IND,202501230IND
Jarace Walker,Reserves,IND,202501230IND
Johnny Furphy,Reserves,IND,202501230IND
RayJ Dennis,Reserves,IND,202501230IND
James Johnson,Reserves: Did Not Play,IND,202501230IND
Keyonte George,Starter,UTA,202412080SAC
Walker Kessler,Starter,UTA,202412080SAC
Lauri Markkanen,Starter,UTA,202412080SAC
John Collins,Starter,UTA,202412080SAC
Collin Sexton,Starter,UTA,202412080SAC
Johnny Juzang,Reserves,UTA,202412080SAC
Brice Sensabaugh,Reserves,UTA,202412080SAC
Isaiah Collier,Reserves,UTA,202412080SAC
Micah Potter,Reserves,UTA,202412080SAC
Svi Mykhailiuk,Reserves,UTA,202412080SAC
Kyle Filipowski,Reserves,UTA,202412080SAC
Drew Eubanks,Reserves,UTA,202412080SAC
Patty Mills,Reserves: Did Not Play,UTA,202412080SAC
De'Aaron Fox,Starter,SAC,202412080SAC
DeMar DeRozan,Starter,SAC,202412080SAC
Domantas Sabonis,Starter,SAC,202412080SAC
Malik Monk,Starter,SAC,202412080SAC
Keegan Murray,Starter,SAC,202412080SAC
Kevin Huerter,Reserves,SAC,202412080SAC
Colby Jones,Reserves,SAC,202412080SAC
Keon Ellis,Reserves,SAC,202412080SAC
Orlando Robinson,Reserves,SAC,202412080SAC
Doug McDermott,Reserves,SAC,202412080SAC
Jordan McLaughlin,Reserves,SAC,202412080SAC
Alex Len,Reserves,SAC,202412080SAC
Isaiah Crawford,Reserves,SAC,202412080SAC
Jae Crowder,Reserves: Did Not Play,SAC,202412080SAC
Mason Jones,Reserves: Did Not Play,SAC,202412080SAC
Brook Lopez,Starter,MIL,202412280CHI
Damian Lillard,Starter,MIL,202412280CHI
Bobby Portis,Starter,MIL,202412280CHI
Khris Middleton,Starter,MIL,202412280CHI
Andre Jackson Jr.,Starter,MIL,202412280CHI
A.J. Green,Reserves,MIL,202412280CHI
Ryan Rollins,Reserves,MIL,202412280CHI
Taurean Prince,Reserves,MIL,202412280CHI
Gary Trent Jr.,Reserves,MIL,202412280CHI
MarJon Beauchamp,Reserves: Did Not Play,MIL,202412280CHI
Pat Connaughton,Reserves: Did Not Play,MIL,202412280CHI
Liam Robbins,Reserves: Did Not Play,MIL,202412280CHI
Stanley Umude,Reserves: Did Not Play,MIL,202412280CHI
Delon Wright,Reserves: Did Not Play,MIL,202412280CHI
Nikola Vučević,Starter,CHI,202412280CHI
Zach LaVine,Starter,CHI,202412280CHI
Coby White,Starter,CHI,202412280CHI
Josh Giddey,Starter,CHI,202412280CHI
Patrick Williams,Starter,CHI,202412280CHI
Lonzo Ball,Reserves,CHI,202412280CHI
Dalen Terry,Reserves,CHI,202412280CHI
Matas Buzelis,Reserves,CHI,202412280CHI
Torrey Craig,Reserves,CHI,202412280CHI
Jevon Carter,Reserves,CHI,202412280CHI
Julian Phillips,Reserves,CHI,202412280CHI
Talen Horton-Tucker,Reserves,CHI,202412280CHI
Chris Duarte,Reserves: Did Not Play,CHI,202412280CHI
Jamal Murray,Starter,DEN,202501250MIN
Nikola Jokić,Starter,DEN,202501250MIN
Michael Porter Jr.,Starter,DEN,202501250MIN
Russell Westbrook,Starter,DEN,202501250MIN
Christian Braun,Starter,DEN,202501250MIN
Aaron Gordon,Reserves,DEN,202501250MIN
Peyton Watson,Reserves,DEN,202501250MIN
Julian Strawther,Reserves,DEN,202501250MIN
DeAndre Jordan,Reserves,DEN,202501250MIN
PJ Hall,Reserves,DEN,202501250MIN
Zeke Nnaji,Reserves,DEN,202501250MIN
Jalen Pickett,Reserves,DEN,202501250MIN
Hunter Tyson,Reserves,DEN,202501250MIN
Dario Šarić,Reserves: Did Not Play,DEN,202501250MIN
Anthony Edwards,Starter,MIN,202501250MIN
Julius Randle,Starter,MIN,202501250MIN
Jaden McDaniels,Starter,MIN,202501250MIN
Rudy Gobert,Starter,MIN,202501250MIN
Mike Conley,Starter,MIN,202501250MIN
Naz Reid,Reserves,MIN,202501250MIN
Nickeil Alexander-Walker,Reserves,MIN,202501250MIN
Rob Dillingham,Reserves,MIN,202501250MIN
Josh Minott,Reserves,MIN,202501250MIN
Jaylen Clark,Reserves,MIN,202501250MIN
Luka Garza,Reserves,MIN,202501250MIN
Leonard Miller,Reserves,MIN,202501250MIN
Joe Ingles,Reserves: Did Not Play,MIN,202501250MIN
Devin Booker,Starter,PHO,202501160WAS
Kevin Durant,Starter,PHO,202501160WAS
Tyus Jones,Starter,PHO,202501160WAS
Ryan Dunn,Starter,PHO,202501160WAS
Mason Plumlee,Starter,PHO,202501160WAS
Grayson Allen,Reserves,PHO,202501160WAS
Royce O'Neale,Reserves,PHO,202501160WAS
Oso Ighodaro,Reserves,PHO,202501160WAS
Monte Morris,Reserves,PHO,202501160WAS
Bol Bol,Reserves,PHO,202501160WAS
Damion Lee,Reserves: Did Not Play,PHO,202501160WAS
Nick Richards,Reserves,PHO,202501160WAS
Bilal Coulibaly,Starter,WAS,202501160WAS
Alex Sarr,Starter,WAS,202501160WAS
Kyle Kuzma,Starter,WAS,202501160WAS
Jordan Poole,Starter,WAS,202501160WAS
Carlton Carrington,Starter,WAS,202501160WAS
Kyshawn George,Reserves,WAS,202501160WAS
Corey Kispert,Reserves,WAS,202501160WAS
Jonas Valančiūnas,Reserves,WAS,202501160WAS
Jared Butler,Reserves,WAS,202501160WAS
Justin Champagnie,Reserves,WAS,202501160WAS
Johnny Davis,Reserves: Did Not Play,WAS,202501160WAS
Anthony Gill,Reserves: Did Not Play,WAS,202501160WAS
Richaun Holmes,Reserves: Did Not Play,WAS,202501160WAS
De'Aaron Fox,Starter,SAC,202501140MIL
Keegan Murray,Starter,SAC,202501140MIL
Domantas Sabonis,Starter,SAC,202501140MIL
DeMar DeRozan,Starter,SAC,202501140MIL
Keon Ellis,Starter,SAC,202501140MIL
Kevin Huerter,Reserves,SAC,202501140MIL
Devin Carter,Reserves,SAC,202501140MIL
Trey Lyles,Reserves,SAC,202501140MIL
Alex Len,Reserves,SAC,202501140MIL
Jae Crowder,Reserves,SAC,202501140MIL
Jordan McLaughlin,Reserves,SAC,202501140MIL
Colby Jones,Reserves,SAC,202501140MIL
Isaac Jones,Reserves,SAC,202501140MIL
Doug McDermott,Reserves: Did Not Play,SAC,202501140MIL
Giannis Antetokounmpo,Starter,MIL,202501140MIL
Damian Lillard,Starter,MIL,202501140MIL
Brook Lopez,Starter,MIL,202501140MIL
Taurean Prince,Starter,MIL,202501140MIL
Andre Jackson Jr.,Starter,MIL,202501140MIL
A.J. Green,Reserves,MIL,202501140MIL
Bobby Portis,Reserves,MIL,202501140MIL
Ryan Rollins,Reserves,MIL,202501140MIL
Pat Connaughton,Reserves,MIL,202501140MIL
MarJon Beauchamp,Reserves,MIL,202501140MIL
Chris Livingston,Reserves,MIL,202501140MIL
Liam Robbins,Reserves,MIL,202501140MIL
Stanley Umude,Reserves,MIL,202501140MIL
Delon Wright,Reserves: Did Not Play,MIL,202501140MIL
Wendell Carter Jr.,Starter,ORL,202501150MIL
Cole Anthony,Starter,ORL,202501150MIL
Paolo Banchero,Starter,ORL,202501150MIL
Kentavious Caldwell-Pope,Starter,ORL,202501150MIL
Tristan Da Silva,Starter,ORL,202501150MIL
Anthony Black,Reserves,ORL,202501150MIL
Trevelin Queen,Reserves,ORL,202501150MIL
Caleb Houstan,Reserves,ORL,202501150MIL
Jonathan Isaac,Reserves,ORL,202501150MIL
Cory Joseph,Reserves,ORL,202501150MIL
Jett Howard,Reserves: Did Not Dress,ORL,202501150MIL
Jalen Suggs,Reserves: Did Not Dress,ORL,202501150MIL
Brook Lopez,Starter,MIL,202501150MIL
Damian Lillard,Starter,MIL,202501150MIL
Giannis Antetokounmpo,Starter,MIL,202501150MIL
Taurean Prince,Starter,MIL,202501150MIL
Andre Jackson Jr.,Starter,MIL,202501150MIL
Bobby Portis,Reserves,MIL,202501150MIL
Khris Middleton,Reserves,MIL,202501150MIL
A.J. Green,Reserves,MIL,202501150MIL
Ryan Rollins,Reserves,MIL,202501150MIL
Pat Connaughton,Reserves,MIL,202501150MIL
Delon Wright,Reserves,MIL,202501150MIL
Chris Livingston,Reserves,MIL,202501150MIL
Liam Robbins,Reserves,MIL,202501150MIL
MarJon Beauchamp,Reserves,MIL,202501150MIL
Stanley Umude,Reserves,MIL,202501150MIL
Cameron Johnson,Starter,BRK,202412260MIL
Nic Claxton,Starter,BRK,202412260MIL
Noah Clowney,Starter,BRK,202412260MIL
Keon Johnson,Starter,BRK,202412260MIL
Ben Simmons,Starter,BRK,202412260MIL
Jalen Wilson,Reserves,BRK,202412260MIL
Shake Milton,Reserves,BRK,202412260MIL
Tyrese Martin,Reserves,BRK,202412260MIL
Day'Ron Sharpe,Reserves,BRK,202412260MIL
Reece Beekman,Reserves,BRK,202412260MIL
Dorian Finney-Smith,Reserves: Did Not Dress,BRK,202412260MIL
Jaylen Martin,Reserves: Did Not Play,BRK,202412260MIL
Dariq Whitehead,Reserves: Did Not Play,BRK,202412260MIL
Bobby Portis,Starter,MIL,202412260MIL
Brook Lopez,Starter,MIL,202412260MIL
Ryan Rollins,Starter,MIL,202412260MIL
Khris Middleton,Starter,MIL,202412260MIL
Andre Jackson Jr.,Starter,MIL,202412260MIL
A.J. Green,Reserves,MIL,202412260MIL
Taurean Prince,Reserves,MIL,202412260MIL
Gary Trent Jr.,Reserves,MIL,202412260MIL
Delon Wright,Reserves,MIL,202412260MIL
MarJon Beauchamp,Reserves: Did Not Play,MIL,202412260MIL
Pat Connaughton,Reserves: Did Not Play,MIL,202412260MIL
Liam Robbins,Reserves: Did Not Play,MIL,202412260MIL
Stanley Umude,Reserves: Did Not Play,MIL,202412260MIL
Jalen Johnson,Starter,ATL,202412290TOR
Trae Young,Starter,ATL,202412290TOR
Vit Krejci,Starter,ATL,202412290TOR
Zaccharie Risacher,Starter,ATL,202412290TOR
Clint Capela,Starter,ATL,202412290TOR
Garrison Mathews,Reserves,ATL,202412290TOR
De'Andre Hunter,Reserves,ATL,202412290TOR
Onyeka Okongwu,Reserves,ATL,202412290TOR
Keaton Wallace,Reserves,ATL,202412290TOR
David Roddy,Reserves,ATL,202412290TOR
Dominick Barlow,Reserves,ATL,202412290TOR
Bogdan Bogdanović,Reserves: Did Not Dress,ATL,202412290TOR
Scottie Barnes,Starter,TOR,202412290TOR
RJ Barrett,Starter,TOR,202412290TOR
Jakob Poeltl,Starter,TOR,202412290TOR
Gradey Dick,Starter,TOR,202412290TOR
Ochai Agbaji,Starter,TOR,202412290TOR
Jamal Shead,Reserves,TOR,202412290TOR
Bruce Brown,Reserves,TOR,202412290TOR
Ja'Kobe Walter,Reserves,TOR,202412290TOR
Chris Boucher,Reserves,TOR,202412290TOR
Kelly Olynyk,Reserves,TOR,202412290TOR
Jamison Battle,Reserves,TOR,202412290TOR
Jonathan Mogbo,Reserves,TOR,202412290TOR
Garrett Temple,Reserves,TOR,202412290TOR
LaMelo Ball,Starter,CHO,202501150UTA
Miles Bridges,Starter,CHO,202501150UTA
Mark Williams,Starter,CHO,202501150UTA
Brandon Miller,Starter,CHO,202501150UTA
Josh Green,Starter,CHO,202501150UTA
Cody Martin,Reserves,CHO,202501150UTA
Nick Smith Jr.,Reserves,CHO,202501150UTA
Tidjane Salaün,Reserves,CHO,202501150UTA
Vasilije Micić,Reserves,CHO,202501150UTA
Taj Gibson,Reserves,CHO,202501150UTA
Seth Curry,Reserves,CHO,202501150UTA
DaQuan Jeffries,Reserves: Did Not Play,CHO,202501150UTA
KJ Simpson,Reserves: Did Not Play,CHO,202501150UTA
Keyonte George,Starter,UTA,202501150UTA
Cody Williams,Starter,UTA,202501150UTA
Walker Kessler,Starter,UTA,202501150UTA
Isaiah Collier,Starter,UTA,202501150UTA
Micah Potter,Starter,UTA,202501150UTA
Brice Sensabaugh,Reserves,UTA,202501150UTA
Kyle Filipowski,Reserves,UTA,202501150UTA
Elijah Harkless,Reserves,UTA,202501150UTA
Drew Eubanks,Reserves,UTA,202501150UTA
Patty Mills,Reserves,UTA,202501150UTA
Svi Mykhailiuk,Reserves: Did Not Play,UTA,202501150UTA
Oscar Tshiebwe,Reserves: Did Not Play,UTA,202501150UTA
Anfernee Simons,Starter,POR,202501090DAL
Deni Avdija,Starter,POR,202501090DAL
Shaedon Sharpe,Starter,POR,202501090DAL
Toumani Camara,Starter,POR,202501090DAL
Deandre Ayton,Starter,POR,202501090DAL
Scoot Henderson,Reserves,POR,202501090DAL
Donovan Clingan,Reserves,POR,202501090DAL
Kris Murray,Reserves,POR,202501090DAL
Dalano Banton,Reserves,POR,202501090DAL
Jerami Grant,Reserves: Did Not Dress,POR,202501090DAL
Duop Reath,Reserves: Did Not Play,POR,202501090DAL
Rayan Rupert,Reserves: Did Not Play,POR,202501090DAL
Matisse Thybulle,Reserves: Did Not Dress,POR,202501090DAL
Jabari Walker,Reserves: Did Not Play,POR,202501090DAL
Robert Williams,Reserves: Did Not Dress,POR,202501090DAL
P.J. Washington,Starter,DAL,202501090DAL
Spencer Dinwiddie,Starter,DAL,202501090DAL
Dereck Lively II,Starter,DAL,202501090DAL
Naji Marshall,Starter,DAL,202501090DAL
Klay Thompson,Starter,DAL,202501090DAL
Jaden Hardy,Reserves,DAL,202501090DAL
Quentin Grimes,Reserves,DAL,202501090DAL
Maxi Kleber,Reserves,DAL,202501090DAL
Daniel Gafford,Reserves,DAL,202501090DAL
Olivier-Maxence Prosper,Reserves,DAL,202501090DAL
Dwight Powell,Reserves: Did Not Play,DAL,202501090DAL
Brandon Williams,Reserves: Did Not Play,DAL,202501090DAL
Cade Cunningham,Starter,DET,202412280DEN
Tobias Harris,Starter,DET,202412280DEN
Jaden Ivey,Starter,DET,202412280DEN
Jalen Duren,Starter,DET,202412280DEN
Tim Hardaway Jr.,Starter,DET,202412280DEN
Ausar Thompson,Reserves,DET,202412280DEN
Ron Holland,Reserves,DET,202412280DEN
Malik Beasley,Reserves,DET,202412280DEN
Isaiah Stewart,Reserves,DET,202412280DEN
Marcus Sasser,Reserves,DET,202412280DEN
Simone Fontecchio,Reserves,DET,202412280DEN
Paul Reed,Reserves,DET,202412280DEN
Wendell Moore Jr.,Reserves,DET,202412280DEN
Jamal Murray,Starter,DEN,202412280DEN
Nikola Jokić,Starter,DEN,202412280DEN
Michael Porter Jr.,Starter,DEN,202412280DEN
Russell Westbrook,Starter,DEN,202412280DEN
Christian Braun,Starter,DEN,202412280DEN
Peyton Watson,Reserves,DEN,202412280DEN
Julian Strawther,Reserves,DEN,202412280DEN
Hunter Tyson,Reserves,DEN,202412280DEN
DeAndre Jordan,Reserves,DEN,202412280DEN
Spencer Jones,Reserves: Did Not Play,DEN,202412280DEN
Zeke Nnaji,Reserves: Did Not Play,DEN,202412280DEN
Jalen Pickett,Reserves: Did Not Play,DEN,202412280DEN
Dario Šarić,Reserves: Did Not Play,DEN,202412280DEN
Jayson Tatum,Starter,BOS,202412010CLE
Sam Hauser,Starter,BOS,202412010CLE
Jrue Holiday,Starter,BOS,202412010CLE
Kristaps Porziņģis,Starter,BOS,202412010CLE
Al Horford,Starter,BOS,202412010CLE
Payton Pritchard,Reserves,BOS,202412010CLE
Drew Peterson,Reserves,BOS,202412010CLE
Luke Kornet,Reserves,BOS,202412010CLE
Jaden Springer,Reserves,BOS,202412010CLE
JD Davison,Reserves: Did Not Play,BOS,202412010CLE
Neemias Queta,Reserves: Did Not Play,BOS,202412010CLE
Baylor Scheierman,Reserves: Did Not Play,BOS,202412010CLE
Xavier Tillman Sr.,Reserves: Did Not Play,BOS,202412010CLE
Jordan Walsh,Reserves: Did Not Play,BOS,202412010CLE
Donovan Mitchell,Starter,CLE,202412010CLE
Evan Mobley,Starter,CLE,202412010CLE
Darius Garland,Starter,CLE,202412010CLE
Jarrett Allen,Starter,CLE,202412010CLE
Isaac Okoro,Starter,CLE,202412010CLE
Caris LeVert,Reserves,CLE,202412010CLE
Georges Niang,Reserves,CLE,202412010CLE
Sam Merrill,Reserves,CLE,202412010CLE
Ty Jerome,Reserves,CLE,202412010CLE
Jaylon Tyson,Reserves,CLE,202412010CLE
Craig Porter Jr.,Reserves: Did Not Play,CLE,202412010CLE
Tristan Thompson,Reserves: Did Not Play,CLE,202412010CLE
Brook Lopez,Starter,MIL,202412170OKC
Giannis Antetokounmpo,Starter,MIL,202412170OKC
Damian Lillard,Starter,MIL,202412170OKC
Andre Jackson Jr.,Starter,MIL,202412170OKC
Taurean Prince,Starter,MIL,202412170OKC
A.J. Green,Reserves,MIL,202412170OKC
Gary Trent Jr.,Reserves,MIL,202412170OKC
Bobby Portis,Reserves,MIL,202412170OKC
Pat Connaughton,Reserves,MIL,202412170OKC
MarJon Beauchamp,Reserves,MIL,202412170OKC
AJ Johnson,Reserves,MIL,202412170OKC
Chris Livingston,Reserves,MIL,202412170OKC
Tyler Smith,Reserves,MIL,202412170OKC
Ryan Rollins,Reserves: Did Not Play,MIL,202412170OKC
Delon Wright,Reserves: Did Not Play,MIL,202412170OKC
Shai Gilgeous-Alexander,Starter,OKC,202412170OKC
Jalen Williams,Starter,OKC,202412170OKC
Isaiah Hartenstein,Starter,OKC,202412170OKC
Luguentz Dort,Starter,OKC,202412170OKC
Isaiah Joe,Starter,OKC,202412170OKC
Alex Caruso,Reserves,OKC,202412170OKC
Cason Wallace,Reserves,OKC,202412170OKC
Ajay Mitchell,Reserves,OKC,202412170OKC
Kenrich Williams,Reserves,OKC,202412170OKC
Aaron Wiggins,Reserves,OKC,202412170OKC
Branden Carlson,Reserves,OKC,202412170OKC
Dillon Jones,Reserves,OKC,202412170OKC
Stephon Castle,Starter,SAS,202412030PHO
Victor Wembanyama,Starter,SAS,202412030PHO
Chris Paul,Starter,SAS,202412030PHO
Julian Champagnie,Starter,SAS,202412030PHO
Harrison Barnes,Starter,SAS,202412030PHO
Devin Vassell,Reserves,SAS,202412030PHO
Keldon Johnson,Reserves,SAS,202412030PHO
Jeremy Sochan,Reserves,SAS,202412030PHO
Zach Collins,Reserves,SAS,202412030PHO
Charles Bassey,Reserves: Did Not Play,SAS,202412030PHO
Malaki Branham,Reserves: Did Not Play,SAS,202412030PHO
Sidy Cissoko,Reserves: Did Not Play,SAS,202412030PHO
Sandro Mamukelashvili,Reserves: Did Not Play,SAS,202412030PHO
Blake Wesley,Reserves: Did Not Play,SAS,202412030PHO
Devin Booker,Starter,PHO,202412030PHO
Tyus Jones,Starter,PHO,202412030PHO
Bradley Beal,Starter,PHO,202412030PHO
Oso Ighodaro,Starter,PHO,202412030PHO
Kevin Durant,Starter,PHO,202412030PHO
Royce O'Neale,Reserves,PHO,202412030PHO
Grayson Allen,Reserves,PHO,202412030PHO
Mason Plumlee,Reserves,PHO,202412030PHO
Ryan Dunn,Reserves,PHO,202412030PHO
Monte Morris,Reserves,PHO,202412030PHO
Bol Bol,Reserves: Did Not Play,PHO,202412030PHO
Damion Lee,Reserves: Did Not Play,PHO,202412030PHO
Josh Okogie,Reserves: Did Not Play,PHO,202412030PHO
Shaedon Sharpe,Starter,POR,202501080NOP
Toumani Camara,Starter,POR,202501080NOP
Anfernee Simons,Starter,POR,202501080NOP
Deni Avdija,Starter,POR,202501080NOP
Deandre Ayton,Starter,POR,202501080NOP
Scoot Henderson,Reserves,POR,202501080NOP
Kris Murray,Reserves,POR,202501080NOP
Robert Williams,Reserves,POR,202501080NOP
Dalano Banton,Reserves,POR,202501080NOP
Rayan Rupert,Reserves,POR,202501080NOP
Jabari Walker,Reserves,POR,202501080NOP
Duop Reath,Reserves,POR,202501080NOP
Donovan Clingan,Reserves: Did Not Dress,POR,202501080NOP
Jerami Grant,Reserves: Did Not Dress,POR,202501080NOP
Matisse Thybulle,Reserves: Did Not Dress,POR,202501080NOP
CJ McCollum,Starter,NOP,202501080NOP
Dejounte Murray,Starter,NOP,202501080NOP
Yves Missi,Starter,NOP,202501080NOP
Jeremiah Robinson-Earl,Starter,NOP,202501080NOP
Herbert Jones,Starter,NOP,202501080NOP
Javonte Green,Reserves,NOP,202501080NOP
Jordan Hawkins,Reserves,NOP,202501080NOP
Brandon Boston Jr.,Reserves,NOP,202501080NOP
Jose Alvarado,Reserves,NOP,202501080NOP
Daniel Theis,Reserves,NOP,202501080NOP
Antonio Reeves,Reserves,NOP,202501080NOP
Karlo Matković,Reserves,NOP,202501080NOP
Tyrese Haliburton,Starter,IND,202412290BOS
Andrew Nembhard,Starter,IND,202412290BOS
Myles Turner,Starter,IND,202412290BOS
Pascal Siakam,Starter,IND,202412290BOS
Bennedict Mathurin,Starter,IND,202412290BOS
Jarace Walker,Reserves,IND,202412290BOS
Ben Sheppard,Reserves,IND,202412290BOS
Thomas Bryant,Reserves,IND,202412290BOS
T.J. McConnell,Reserves,IND,202412290BOS
Johnny Furphy,Reserves,IND,202412290BOS
Quenton Jackson,Reserves,IND,202412290BOS
Enrique Freeman,Reserves: Did Not Play,IND,202412290BOS
James Johnson,Reserves: Did Not Play,IND,202412290BOS
Jayson Tatum,Starter,BOS,202412290BOS
Derrick White,Starter,BOS,202412290BOS
Jaylen Brown,Starter,BOS,202412290BOS
Al Horford,Starter,BOS,202412290BOS
Sam Hauser,Starter,BOS,202412290BOS
Payton Pritchard,Reserves,BOS,202412290BOS
Jordan Walsh,Reserves,BOS,202412290BOS
Luke Kornet,Reserves,BOS,202412290BOS
Neemias Queta,Reserves,BOS,202412290BOS
Drew Peterson,Reserves,BOS,202412290BOS
Jaden Springer,Reserves,BOS,202412290BOS
Xavier Tillman Sr.,Reserves,BOS,202412290BOS
Jrue Holiday,Reserves: Did Not Dress,BOS,202412290BOS
Anthony Edwards,Starter,MIN,202501090ORL
Rudy Gobert,Starter,MIN,202501090ORL
Jaden McDaniels,Starter,MIN,202501090ORL
Julius Randle,Starter,MIN,202501090ORL
Donte DiVincenzo,Starter,MIN,202501090ORL
Naz Reid,Reserves,MIN,202501090ORL
Mike Conley,Reserves,MIN,202501090ORL
Nickeil Alexander-Walker,Reserves,MIN,202501090ORL
Josh Minott,Reserves,MIN,202501090ORL
Luka Garza,Reserves,MIN,202501090ORL
Jaylen Clark,Reserves,MIN,202501090ORL
Leonard Miller,Reserves,MIN,202501090ORL
Joe Ingles,Reserves: Did Not Play,MIN,202501090ORL
Caleb Houstan,Starter,ORL,202501090ORL
Kentavious Caldwell-Pope,Starter,ORL,202501090ORL
Goga Bitadze,Starter,ORL,202501090ORL
Cole Anthony,Starter,ORL,202501090ORL
Tristan Da Silva,Starter,ORL,202501090ORL
Jett Howard,Reserves,ORL,202501090ORL
Trevelin Queen,Reserves,ORL,202501090ORL
Wendell Carter Jr.,Reserves,ORL,202501090ORL
Jonathan Isaac,Reserves,ORL,202501090ORL
Anthony Black,Reserves,ORL,202501090ORL
Cory Joseph,Reserves,ORL,202501090ORL
Kyle Kuzma,Starter,WAS,202501190SAC
Bilal Coulibaly,Starter,WAS,202501190SAC
Jordan Poole,Starter,WAS,202501190SAC
Carlton Carrington,Starter,WAS,202501190SAC
Alex Sarr,Starter,WAS,202501190SAC
Kyshawn George,Reserves,WAS,202501190SAC
Corey Kispert,Reserves,WAS,202501190SAC
Jonas Valančiūnas,Reserves,WAS,202501190SAC
Justin Champagnie,Reserves,WAS,202501190SAC
Jared Butler,Reserves,WAS,202501190SAC
Johnny Davis,Reserves,WAS,202501190SAC
Anthony Gill,Reserves,WAS,202501190SAC
Tristan Vukcevic,Reserves,WAS,202501190SAC
Richaun Holmes,Reserves: Did Not Play,WAS,202501190SAC
DeMar DeRozan,Starter,SAC,202501190SAC
De'Aaron Fox,Starter,SAC,202501190SAC
Keegan Murray,Starter,SAC,202501190SAC
Domantas Sabonis,Starter,SAC,202501190SAC
Malik Monk,Starter,SAC,202501190SAC
Trey Lyles,Reserves,SAC,202501190SAC
Keon Ellis,Reserves,SAC,202501190SAC
Alex Len,Reserves,SAC,202501190SAC
Kevin Huerter,Reserves,SAC,202501190SAC
Doug McDermott,Reserves,SAC,202501190SAC
Jordan McLaughlin,Reserves,SAC,202501190SAC
Isaiah Crawford,Reserves,SAC,202501190SAC
Jae Crowder,Reserves: Did Not Play,SAC,202501190SAC
Colby Jones,Reserves: Did Not Play,SAC,202501190SAC
Bam Adebayo,Starter,MIA,202501250BRK
Tyler Herro,Starter,MIA,202501250BRK
Duncan Robinson,Starter,MIA,202501250BRK
Kel'el Ware,Starter,MIA,202501250BRK
Haywood Highsmith,Starter,MIA,202501250BRK
Nikola Jović,Reserves,MIA,202501250BRK
Terry Rozier,Reserves,MIA,202501250BRK
Jaime Jaquez Jr.,Reserves,MIA,202501250BRK
Pelle Larsson,Reserves,MIA,202501250BRK
Alec Burks,Reserves: Did Not Play,MIA,202501250BRK
Jimmy Butler,Reserves,MIA,202501250BRK
Josh Christopher,Reserves: Did Not Play,MIA,202501250BRK
Kevin Love,Reserves: Did Not Play,MIA,202501250BRK
Josh Richardson,Reserves,MIA,202501250BRK
Keon Johnson,Starter,BRK,202501250BRK
Jalen Wilson,Starter,BRK,202501250BRK
Noah Clowney,Starter,BRK,202501250BRK
D'Angelo Russell,Starter,BRK,202501250BRK
Nic Claxton,Starter,BRK,202501250BRK
Tyrese Martin,Reserves,BRK,202501250BRK
Tosan Evbuomwan,Reserves,BRK,202501250BRK
Ziaire Williams,Reserves,BRK,202501250BRK
Day'Ron Sharpe,Reserves,BRK,202501250BRK
Reece Beekman,Reserves: Did Not Play,BRK,202501250BRK
Ben Simmons,Reserves: Did Not Dress,BRK,202501250BRK
Dariq Whitehead,Reserves: Did Not Play,BRK,202501250BRK
Donovan Mitchell,Starter,CLE,202412160BRK
Darius Garland,Starter,CLE,202412160BRK
Jarrett Allen,Starter,CLE,202412160BRK
Evan Mobley,Starter,CLE,202412160BRK
Isaac Okoro,Starter,CLE,202412160BRK
Georges Niang,Reserves,CLE,202412160BRK
Sam Merrill,Reserves,CLE,202412160BRK
Dean Wade,Reserves,CLE,202412160BRK
Caris LeVert,Reserves,CLE,202412160BRK
Ty Jerome,Reserves,CLE,202412160BRK
Tristan Thompson,Reserves,CLE,202412160BRK
JT Thor,Reserves,CLE,202412160BRK
Ben Simmons,Starter,BRK,202412160BRK
Cameron Johnson,Starter,BRK,202412160BRK
Dorian Finney-Smith,Starter,BRK,202412160BRK
Keon Johnson,Starter,BRK,202412160BRK
Nic Claxton,Starter,BRK,202412160BRK
Jalen Wilson,Reserves,BRK,202412160BRK
Day'Ron Sharpe,Reserves,BRK,202412160BRK
Tyrese Martin,Reserves,BRK,202412160BRK
Shake Milton,Reserves,BRK,202412160BRK
Noah Clowney,Reserves,BRK,202412160BRK
Trendon Watford,Reserves,BRK,202412160BRK
Ziaire Williams,Reserves: Did Not Dress,BRK,202412160BRK
Tyrese Maxey,Starter,PHI,202501250CHI
Kelly Oubre Jr.,Starter,PHI,202501250CHI
Guerschon Yabusele,Starter,PHI,202501250CHI
Eric Gordon,Starter,PHI,202501250CHI
Paul George,Starter,PHI,202501250CHI
Justin Edwards,Reserves,PHI,202501250CHI
Adem Bona,Reserves,PHI,202501250CHI
Reggie Jackson,Reserves,PHI,202501250CHI
Kyle Lowry,Reserves,PHI,202501250CHI
Ricky Council IV,Reserves,PHI,202501250CHI
Andre Drummond,Reserves,PHI,202501250CHI
Pete Nance,Reserves: Did Not Play,PHI,202501250CHI
Josh Giddey,Starter,CHI,202501250CHI
Zach LaVine,Starter,CHI,202501250CHI
Nikola Vučević,Starter,CHI,202501250CHI
Patrick Williams,Starter,CHI,202501250CHI
Lonzo Ball,Starter,CHI,202501250CHI
Ayo Dosunmu,Reserves,CHI,202501250CHI
Jalen Smith,Reserves,CHI,202501250CHI
Matas Buzelis,Reserves,CHI,202501250CHI
Dalen Terry,Reserves,CHI,202501250CHI
Talen Horton-Tucker,Reserves,CHI,202501250CHI
Julian Phillips,Reserves,CHI,202501250CHI
Jevon Carter,Reserves: Did Not Play,CHI,202501250CHI
Jeremy Sochan,Starter,SAS,202412290MIN
Victor Wembanyama,Starter,SAS,202412290MIN
Devin Vassell,Starter,SAS,202412290MIN
Chris Paul,Starter,SAS,202412290MIN
Harrison Barnes,Starter,SAS,202412290MIN
Keldon Johnson,Reserves,SAS,202412290MIN
Tre Jones,Reserves,SAS,202412290MIN
Julian Champagnie,Reserves,SAS,202412290MIN
Stephon Castle,Reserves,SAS,202412290MIN
Zach Collins,Reserves,SAS,202412290MIN
Charles Bassey,Reserves,SAS,202412290MIN
Malaki Branham,Reserves: Did Not Play,SAS,202412290MIN
Sandro Mamukelashvili,Reserves: Did Not Play,SAS,202412290MIN
Blake Wesley,Reserves: Did Not Play,SAS,202412290MIN
Anthony Edwards,Starter,MIN,202412290MIN
Julius Randle,Starter,MIN,202412290MIN
Jaden McDaniels,Starter,MIN,202412290MIN
Rudy Gobert,Starter,MIN,202412290MIN
Mike Conley,Starter,MIN,202412290MIN
Donte DiVincenzo,Reserves,MIN,202412290MIN
Naz Reid,Reserves,MIN,202412290MIN
Nickeil Alexander-Walker,Reserves,MIN,202412290MIN
Josh Minott,Reserves,MIN,202412290MIN
Joe Ingles,Reserves: Did Not Play,MIN,202412290MIN
Leonard Miller,Reserves: Did Not Play,MIN,202412290MIN
Terrence Shannon Jr. ,Reserves: Did Not Play,MIN,202412290MIN
Miles Bridges,Starter,CHO,202501030DET
Josh Green,Starter,CHO,202501030DET
Mark Williams,Starter,CHO,202501030DET
Vasilije Micić,Starter,CHO,202501030DET
Seth Curry,Starter,CHO,202501030DET
KJ Simpson,Reserves,CHO,202501030DET
Cody Martin,Reserves,CHO,202501030DET
Tidjane Salaün,Reserves,CHO,202501030DET
Nick Richards,Reserves,CHO,202501030DET
Nick Smith Jr.,Reserves,CHO,202501030DET
Taj Gibson,Reserves: Did Not Play,CHO,202501030DET
Grant Williams,Reserves,CHO,202501030DET
Tobias Harris,Starter,DET,202501030DET
Tim Hardaway Jr.,Starter,DET,202501030DET
Cade Cunningham,Starter,DET,202501030DET
Jalen Duren,Starter,DET,202501030DET
Wendell Moore Jr.,Starter,DET,202501030DET
Malik Beasley,Reserves,DET,202501030DET
Marcus Sasser,Reserves,DET,202501030DET
Isaiah Stewart,Reserves,DET,202501030DET
Ausar Thompson,Reserves,DET,202501030DET
Ron Holland,Reserves,DET,202501030DET
Paul Reed,Reserves,DET,202501030DET
Daniss Jenkins,Reserves: Did Not Play,DET,202501030DET
Tyrese Haliburton,Starter,IND,202501020MIA
Myles Turner,Starter,IND,202501020MIA
Pascal Siakam,Starter,IND,202501020MIA
Bennedict Mathurin,Starter,IND,202501020MIA
Andrew Nembhard,Starter,IND,202501020MIA
Obi Toppin,Reserves,IND,202501020MIA
Ben Sheppard,Reserves,IND,202501020MIA
T.J. McConnell,Reserves,IND,202501020MIA
Jarace Walker,Reserves,IND,202501020MIA
Thomas Bryant,Reserves,IND,202501020MIA
Johnny Furphy,Reserves,IND,202501020MIA
James Johnson,Reserves: Did Not Play,IND,202501020MIA
Aaron Nesmith,Reserves: Did Not Dress,IND,202501020MIA
Tyler Herro,Starter,MIA,202501020MIA
Jimmy Butler,Starter,MIA,202501020MIA
Bam Adebayo,Starter,MIA,202501020MIA
Duncan Robinson,Starter,MIA,202501020MIA
Haywood Highsmith,Starter,MIA,202501020MIA
Terry Rozier,Reserves,MIA,202501020MIA
Nikola Jović,Reserves,MIA,202501020MIA
Kel'el Ware,Reserves,MIA,202501020MIA
Jaime Jaquez Jr.,Reserves,MIA,202501020MIA
Keshad Johnson,Reserves,MIA,202501020MIA
Alec Burks,Reserves,MIA,202501020MIA
Josh Christopher,Reserves,MIA,202501020MIA
Pelle Larsson,Reserves,MIA,202501020MIA
Kevin Love,Reserves: Did Not Play,MIA,202501020MIA
Tyrese Haliburton,Starter,IND,202412230GSW
Bennedict Mathurin,Starter,IND,202412230GSW
Myles Turner,Starter,IND,202412230GSW
Pascal Siakam,Starter,IND,202412230GSW
Andrew Nembhard,Starter,IND,202412230GSW
T.J. McConnell,Reserves,IND,202412230GSW
Obi Toppin,Reserves,IND,202412230GSW
Ben Sheppard,Reserves,IND,202412230GSW
Thomas Bryant,Reserves,IND,202412230GSW
Jarace Walker,Reserves,IND,202412230GSW
Johnny Furphy,Reserves: Did Not Play,IND,202412230GSW
James Johnson,Reserves: Did Not Play,IND,202412230GSW
Aaron Nesmith,Reserves: Did Not Dress,IND,202412230GSW
Stephen Curry,Starter,GSW,202412230GSW
Andrew Wiggins,Starter,GSW,202412230GSW
Dennis Schröder,Starter,GSW,202412230GSW
Draymond Green,Starter,GSW,202412230GSW
Trayce Jackson-Davis,Starter,GSW,202412230GSW
Jonathan Kuminga,Reserves,GSW,202412230GSW
Brandin Podziemski,Reserves,GSW,202412230GSW
Buddy Hield,Reserves,GSW,202412230GSW
Moses Moody,Reserves,GSW,202412230GSW
Kevon Looney,Reserves,GSW,202412230GSW
Kyle Anderson,Reserves: Did Not Play,GSW,202412230GSW
Gary Payton II,Reserves: Did Not Dress,GSW,202412230GSW
Gui Santos,Reserves: Did Not Play,GSW,202412230GSW
Lindy Waters III,Reserves: Did Not Play,GSW,202412230GSW
Terry Rozier,Starter,MIA,202412290HOU
Haywood Highsmith,Starter,MIA,202412290HOU
Tyler Herro,Starter,MIA,202412290HOU
Bam Adebayo,Starter,MIA,202412290HOU
Kevin Love,Starter,MIA,202412290HOU
Nikola Jović,Reserves,MIA,202412290HOU
Alec Burks,Reserves,MIA,202412290HOU
Jaime Jaquez Jr.,Reserves,MIA,202412290HOU
Kel'el Ware,Reserves,MIA,202412290HOU
Jimmy Butler,Reserves: Did Not Play,MIA,202412290HOU
Josh Christopher,Reserves: Did Not Play,MIA,202412290HOU
Keshad Johnson,Reserves: Did Not Play,MIA,202412290HOU
Pelle Larsson,Reserves: Did Not Play,MIA,202412290HOU
Duncan Robinson,Reserves: Did Not Dress,MIA,202412290HOU
Isaiah Stevens,Reserves: Did Not Play,MIA,202412290HOU
Dillon Brooks,Starter,HOU,202412290HOU
Fred VanVleet,Starter,HOU,202412290HOU
Alperen Şengün,Starter,HOU,202412290HOU
Jalen Green,Starter,HOU,202412290HOU
Jabari Smith Jr.,Starter,HOU,202412290HOU
Amen Thompson,Reserves,HOU,202412290HOU
Steven Adams,Reserves,HOU,202412290HOU
Cam Whitmore,Reserves,HOU,202412290HOU
Aaron Holiday,Reserves,HOU,202412290HOU
Tari Eason,Reserves: Did Not Dress,HOU,202412290HOU
Jeff Green,Reserves: Did Not Play,HOU,202412290HOU
Jock Landale,Reserves: Did Not Play,HOU,202412290HOU
Reed Sheppard,Reserves: Did Not Play,HOU,202412290HOU
Jae'Sean Tate,Reserves,HOU,202412290HOU
Scottie Barnes,Starter,TOR,202501290WAS
RJ Barrett,Starter,TOR,202501290WAS
Davion Mitchell,Starter,TOR,202501290WAS
Jakob Poeltl,Starter,TOR,202501290WAS
Ochai Agbaji,Starter,TOR,202501290WAS
Ja'Kobe Walter,Reserves,TOR,202501290WAS
Orlando Robinson,Reserves,TOR,202501290WAS
Jamal Shead,Reserves,TOR,202501290WAS
Bruce Brown,Reserves,TOR,202501290WAS
Chris Boucher,Reserves,TOR,202501290WAS
Garrett Temple,Reserves,TOR,202501290WAS
Kelly Olynyk,Reserves: Did Not Dress,TOR,202501290WAS
Kyle Kuzma,Starter,WAS,202501290WAS
Jordan Poole,Starter,WAS,202501290WAS
Bilal Coulibaly,Starter,WAS,202501290WAS
Jonas Valančiūnas,Starter,WAS,202501290WAS
Kyshawn George,Starter,WAS,202501290WAS
Corey Kispert,Reserves,WAS,202501290WAS
Bub Carrington,Reserves,WAS,202501290WAS
Richaun Holmes,Reserves,WAS,202501290WAS
Justin Champagnie,Reserves,WAS,202501290WAS
Tristan Vukcevic,Reserves,WAS,202501290WAS
Johnny Davis,Reserves,WAS,202501290WAS
Anthony Gill,Reserves,WAS,202501290WAS
Patrick Baldwin Jr.,Reserves,WAS,202501290WAS
Isaiah Collier,Starter,UTA,202501250MEM
Lauri Markkanen,Starter,UTA,202501250MEM
Collin Sexton,Starter,UTA,202501250MEM
Walker Kessler,Starter,UTA,202501250MEM
Svi Mykhailiuk,Starter,UTA,202501250MEM
Keyonte George,Reserves,UTA,202501250MEM
Elijah Harkless,Reserves,UTA,202501250MEM
Kyle Filipowski,Reserves,UTA,202501250MEM
Brice Sensabaugh,Reserves,UTA,202501250MEM
Drew Eubanks,Reserves,UTA,202501250MEM
Patty Mills,Reserves: Did Not Play,UTA,202501250MEM
Cody Williams,Reserves: Did Not Dress,UTA,202501250MEM
Jaren Jackson Jr.,Starter,MEM,202501250MEM
Desmond Bane,Starter,MEM,202501250MEM
Jaylen Wells,Starter,MEM,202501250MEM
Zach Edey,Starter,MEM,202501250MEM
Ja Morant,Starter,MEM,202501250MEM
GG Jackson II,Reserves,MEM,202501250MEM
Luke Kennard,Reserves,MEM,202501250MEM
Scotty Pippen Jr.,Reserves,MEM,202501250MEM
Brandon Clarke,Reserves,MEM,202501250MEM
John Konchar,Reserves,MEM,202501250MEM
Jay Huff,Reserves,MEM,202501250MEM
Jake LaRavia,Reserves: Did Not Play,MEM,202501250MEM
John Konchar,Starter,MEM,202412290OKC
Desmond Bane,Starter,MEM,202412290OKC
Jaren Jackson Jr.,Starter,MEM,202412290OKC
Jaylen Wells,Starter,MEM,202412290OKC
Scotty Pippen Jr.,Starter,MEM,202412290OKC
Luke Kennard,Reserves,MEM,202412290OKC
Cam Spencer,Reserves,MEM,202412290OKC
Jay Huff,Reserves,MEM,202412290OKC
Jake LaRavia,Reserves,MEM,202412290OKC
Yuki Kawamura,Reserves,MEM,202412290OKC
Colin Castleton,Reserves,MEM,202412290OKC
Brandon Clarke,Reserves: Did Not Play,MEM,202412290OKC
Cason Wallace,Starter,OKC,202412290OKC
Shai Gilgeous-Alexander,Starter,OKC,202412290OKC
Luguentz Dort,Starter,OKC,202412290OKC
Jalen Williams,Starter,OKC,202412290OKC
Isaiah Hartenstein,Starter,OKC,202412290OKC
Aaron Wiggins,Reserves,OKC,202412290OKC
Isaiah Joe,Reserves,OKC,202412290OKC
Ajay Mitchell,Reserves,OKC,202412290OKC
Kenrich Williams,Reserves,OKC,202412290OKC
Jaylin Williams,Reserves,OKC,202412290OKC
Dillon Jones,Reserves,OKC,202412290OKC
Ousmane Dieng,Reserves,OKC,202412290OKC
Branden Carlson,Reserves,OKC,202412290OKC
CJ McCollum,Starter,NOP,202501240MEM
Trey Murphy III,Starter,NOP,202501240MEM
Dejounte Murray,Starter,NOP,202501240MEM
Yves Missi,Starter,NOP,202501240MEM
Jeremiah Robinson-Earl,Starter,NOP,202501240MEM
Jordan Hawkins,Reserves,NOP,202501240MEM
Javonte Green,Reserves,NOP,202501240MEM
Jose Alvarado,Reserves,NOP,202501240MEM
Daniel Theis,Reserves,NOP,202501240MEM
Jamal Cain,Reserves,NOP,202501240MEM
Karlo Matković,Reserves,NOP,202501240MEM
Herbert Jones,Reserves: Did Not Dress,NOP,202501240MEM
Desmond Bane,Starter,MEM,202501240MEM
Jaren Jackson Jr.,Starter,MEM,202501240MEM
Jaylen Wells,Starter,MEM,202501240MEM
Luke Kennard,Starter,MEM,202501240MEM
Zach Edey,Starter,MEM,202501240MEM
Scotty Pippen Jr.,Reserves,MEM,202501240MEM
John Konchar,Reserves,MEM,202501240MEM
GG Jackson II,Reserves,MEM,202501240MEM
Brandon Clarke,Reserves,MEM,202501240MEM
Jay Huff,Reserves,MEM,202501240MEM
Jake LaRavia,Reserves: Did Not Dress,MEM,202501240MEM
Vince Williams Jr.,Reserves: Did Not Dress,MEM,202501240MEM
Devin Booker,Starter,PHO,202412050NOP
Bradley Beal,Starter,PHO,202412050NOP
Tyus Jones,Starter,PHO,202412050NOP
Royce O'Neale,Starter,PHO,202412050NOP
Mason Plumlee,Starter,PHO,202412050NOP
Grayson Allen,Reserves,PHO,202412050NOP
Oso Ighodaro,Reserves,PHO,202412050NOP
Monte Morris,Reserves,PHO,202412050NOP
Josh Okogie,Reserves,PHO,202412050NOP
Bol Bol,Reserves,PHO,202412050NOP
Damion Lee,Reserves: Did Not Play,PHO,202412050NOP
TyTy Washington Jr.,Reserves: Did Not Play,PHO,202412050NOP
CJ McCollum,Starter,NOP,202412050NOP
Brandon Ingram,Starter,NOP,202412050NOP
Dejounte Murray,Starter,NOP,202412050NOP
Herbert Jones,Starter,NOP,202412050NOP
Yves Missi,Starter,NOP,202412050NOP
Trey Murphy III,Reserves,NOP,202412050NOP
Brandon Boston Jr.,Reserves,NOP,202412050NOP
Javonte Green,Reserves,NOP,202412050NOP
Jeremiah Robinson-Earl,Reserves,NOP,202412050NOP
Jamal Cain,Reserves: Did Not Play,NOP,202412050NOP
Trey Jemison,Reserves: Did Not Play,NOP,202412050NOP
Karlo Matković,Reserves: Did Not Play,NOP,202412050NOP
Daniel Theis,Reserves: Did Not Dress,NOP,202412050NOP
Ayo Dosunmu,Starter,CHI,202412160TOR
Coby White,Starter,CHI,202412160TOR
Nikola Vučević,Starter,CHI,202412160TOR
Josh Giddey,Starter,CHI,202412160TOR
Patrick Williams,Starter,CHI,202412160TOR
Talen Horton-Tucker,Reserves,CHI,202412160TOR
Lonzo Ball,Reserves,CHI,202412160TOR
Jalen Smith,Reserves,CHI,202412160TOR
Matas Buzelis,Reserves,CHI,202412160TOR
Julian Phillips,Reserves,CHI,202412160TOR
Jevon Carter,Reserves: Did Not Play,CHI,202412160TOR
Torrey Craig,Reserves: Did Not Play,CHI,202412160TOR
Chris Duarte,Reserves: Did Not Play,CHI,202412160TOR
RJ Barrett,Starter,TOR,202412160TOR
Gradey Dick,Starter,TOR,202412160TOR
Ochai Agbaji,Starter,TOR,202412160TOR
Jonathan Mogbo,Starter,TOR,202412160TOR
Jakob Poeltl,Starter,TOR,202412160TOR
Ja'Kobe Walter,Reserves,TOR,202412160TOR
Chris Boucher,Reserves,TOR,202412160TOR
Davion Mitchell,Reserves,TOR,202412160TOR
Kelly Olynyk,Reserves,TOR,202412160TOR
Jamal Shead,Reserves,TOR,202412160TOR
Garrett Temple,Reserves,TOR,202412160TOR
Bruno Fernando,Reserves: Did Not Play,TOR,202412160TOR
A.J. Lawson,Reserves: Did Not Play,TOR,202412160TOR
Josh Hart,Starter,NYK,202501150PHI
Jalen Brunson,Starter,NYK,202501150PHI
OG Anunoby,Starter,NYK,202501150PHI
Mikal Bridges,Starter,NYK,202501150PHI
Jericho Sims,Starter,NYK,202501150PHI
Precious Achiuwa,Reserves,NYK,202501150PHI
Miles McBride,Reserves,NYK,202501150PHI
Cameron Payne,Reserves,NYK,202501150PHI
Ariel Hukporti,Reserves: Did Not Play,NYK,202501150PHI
Tyler Kolek,Reserves: Did Not Play,NYK,202501150PHI
Matt Ryan,Reserves: Did Not Play,NYK,202501150PHI
Landry Shamet,Reserves: Did Not Play,NYK,202501150PHI
Jacob Toppin,Reserves: Did Not Play,NYK,202501150PHI
Tyrese Maxey,Starter,PHI,202501150PHI
Kelly Oubre Jr.,Starter,PHI,202501150PHI
Paul George,Starter,PHI,202501150PHI
Guerschon Yabusele,Starter,PHI,202501150PHI
Eric Gordon,Starter,PHI,202501150PHI
Justin Edwards,Reserves,PHI,202501150PHI
Adem Bona,Reserves,PHI,202501150PHI
Jeff Dowtin,Reserves,PHI,202501150PHI
Ricky Council IV,Reserves,PHI,202501150PHI
Andre Drummond,Reserves: Did Not Dress,PHI,202501150PHI
Reggie Jackson,Reserves: Did Not Play,PHI,202501150PHI
Pete Nance,Reserves: Did Not Play,PHI,202501150PHI
Cason Wallace,Starter,OKC,202501140PHI
Jalen Williams,Starter,OKC,202501140PHI
Shai Gilgeous-Alexander,Starter,OKC,202501140PHI
Isaiah Hartenstein,Starter,OKC,202501140PHI
Luguentz Dort,Starter,OKC,202501140PHI
Isaiah Joe,Reserves,OKC,202501140PHI
Alex Caruso,Reserves,OKC,202501140PHI
Aaron Wiggins,Reserves,OKC,202501140PHI
Jaylin Williams,Reserves,OKC,202501140PHI
Kenrich Williams,Reserves,OKC,202501140PHI
Branden Carlson,Reserves,OKC,202501140PHI
Alex Ducas,Reserves,OKC,202501140PHI
Ricky Council IV,Starter,PHI,202501140PHI
Guerschon Yabusele,Starter,PHI,202501140PHI
Kelly Oubre Jr.,Starter,PHI,202501140PHI
Eric Gordon,Starter,PHI,202501140PHI
Reggie Jackson,Starter,PHI,202501140PHI
Justin Edwards,Reserves,PHI,202501140PHI
Jeff Dowtin,Reserves,PHI,202501140PHI
Pete Nance,Reserves,PHI,202501140PHI
Adem Bona,Reserves,PHI,202501140PHI
Paul George,Reserves: Did Not Dress,PHI,202501140PHI
Caleb Martin,Reserves: Did Not Dress,PHI,202501140PHI
Tyrese Maxey,Reserves: Did Not Dress,PHI,202501140PHI
Rui Hachimura,Starter,LAL,202412210SAC
Anthony Davis,Starter,LAL,202412210SAC
Austin Reaves,Starter,LAL,202412210SAC
LeBron James,Starter,LAL,202412210SAC
Max Christie,Starter,LAL,202412210SAC
D'Angelo Russell,Reserves,LAL,202412210SAC
Cam Reddish,Reserves,LAL,202412210SAC
Gabe Vincent,Reserves,LAL,202412210SAC
Dalton Knecht,Reserves,LAL,202412210SAC
Christian Koloko,Reserves,LAL,202412210SAC
Armel Traoré,Reserves: Did Not Play,LAL,202412210SAC
Jalen Hood-Schifino,Reserves: Did Not Dress,LAL,202412210SAC
De'Aaron Fox,Starter,SAC,202412210SAC
DeMar DeRozan,Starter,SAC,202412210SAC
Domantas Sabonis,Starter,SAC,202412210SAC
Malik Monk,Starter,SAC,202412210SAC
Keegan Murray,Starter,SAC,202412210SAC
Kevin Huerter,Reserves,SAC,202412210SAC
Trey Lyles,Reserves,SAC,202412210SAC
Keon Ellis,Reserves,SAC,202412210SAC
Isaac Jones,Reserves,SAC,202412210SAC
Alex Len,Reserves,SAC,202412210SAC
Jae Crowder,Reserves: Did Not Play,SAC,202412210SAC
Colby Jones,Reserves: Did Not Play,SAC,202412210SAC
Doug McDermott,Reserves: Did Not Play,SAC,202412210SAC
Jordan McLaughlin,Reserves: Did Not Play,SAC,202412210SAC
Orlando Robinson,Reserves: Did Not Play,SAC,202412210SAC
Jordan Poole,Starter,WAS,202501230LAC
Bilal Coulibaly,Starter,WAS,202501230LAC
Carlton Carrington,Starter,WAS,202501230LAC
Alex Sarr,Starter,WAS,202501230LAC
Kyle Kuzma,Starter,WAS,202501230LAC
Kyshawn George,Reserves,WAS,202501230LAC
Corey Kispert,Reserves,WAS,202501230LAC
Jonas Valančiūnas,Reserves,WAS,202501230LAC
Justin Champagnie,Reserves,WAS,202501230LAC
Johnny Davis,Reserves,WAS,202501230LAC
Anthony Gill,Reserves,WAS,202501230LAC
Tristan Vukcevic,Reserves,WAS,202501230LAC
Richaun Holmes,Reserves: Did Not Play,WAS,202501230LAC
James Harden,Starter,LAC,202501230LAC
Norman Powell,Starter,LAC,202501230LAC
Ivica Zubac,Starter,LAC,202501230LAC
Derrick Jones Jr.,Starter,LAC,202501230LAC
Kawhi Leonard,Starter,LAC,202501230LAC
Amir Coffey,Reserves,LAC,202501230LAC
Terance Mann,Reserves,LAC,202501230LAC
Mo Bamba,Reserves,LAC,202501230LAC
Kevin Porter Jr.,Reserves,LAC,202501230LAC
Nicolas Batum,Reserves,LAC,202501230LAC
Kobe Brown,Reserves,LAC,202501230LAC
Cam Christie,Reserves,LAC,202501230LAC
Kai Jones,Reserves,LAC,202501230LAC
Bones Hyland,Reserves: Did Not Play,LAC,202501230LAC
Jordan Miller,Reserves: Did Not Play,LAC,202501230LAC
Jayson Tatum,Starter,BOS,202501220LAC
Derrick White,Starter,BOS,202501220LAC
Jaylen Brown,Starter,BOS,202501220LAC
Luke Kornet,Starter,BOS,202501220LAC
Sam Hauser,Starter,BOS,202501220LAC
Payton Pritchard,Reserves,BOS,202501220LAC
Neemias Queta,Reserves,BOS,202501220LAC
Jaden Springer,Reserves,BOS,202501220LAC
Jordan Walsh,Reserves,BOS,202501220LAC
Baylor Scheierman,Reserves,BOS,202501220LAC
Jrue Holiday,Reserves: Did Not Dress,BOS,202501220LAC
Al Horford,Reserves: Did Not Dress,BOS,202501220LAC
Kristaps Porziņģis,Reserves: Did Not Dress,BOS,202501220LAC
Xavier Tillman Sr.,Reserves: Did Not Play,BOS,202501220LAC
Terance Mann,Starter,LAC,202501220LAC
Amir Coffey,Starter,LAC,202501220LAC
Derrick Jones Jr.,Starter,LAC,202501220LAC
Kevin Porter Jr.,Starter,LAC,202501220LAC
Mo Bamba,Starter,LAC,202501220LAC
Kobe Brown,Reserves,LAC,202501220LAC
Bones Hyland,Reserves,LAC,202501220LAC
Jordan Miller,Reserves,LAC,202501220LAC
Cam Christie,Reserves,LAC,202501220LAC
Kris Dunn,Reserves: Did Not Dress,LAC,202501220LAC
Trentyn Flowers,Reserves: Did Not Play,LAC,202501220LAC
Kai Jones,Reserves: Did Not Play,LAC,202501220LAC
DeMar DeRozan,Starter,SAC,202501100BOS
Domantas Sabonis,Starter,SAC,202501100BOS
Keegan Murray,Starter,SAC,202501100BOS
Malik Monk,Starter,SAC,202501100BOS
Keon Ellis,Starter,SAC,202501100BOS
Trey Lyles,Reserves,SAC,202501100BOS
Kevin Huerter,Reserves,SAC,202501100BOS
Devin Carter,Reserves,SAC,202501100BOS
Jae Crowder,Reserves: Did Not Play,SAC,202501100BOS
Colby Jones,Reserves: Did Not Play,SAC,202501100BOS
Isaac Jones,Reserves: Did Not Play,SAC,202501100BOS
Alex Len,Reserves: Did Not Play,SAC,202501100BOS
Doug McDermott,Reserves: Did Not Play,SAC,202501100BOS
Jordan McLaughlin,Reserves: Did Not Play,SAC,202501100BOS
Jaylen Brown,Starter,BOS,202501100BOS
Jayson Tatum,Starter,BOS,202501100BOS
Kristaps Porziņģis,Starter,BOS,202501100BOS
Jrue Holiday,Starter,BOS,202501100BOS
Derrick White,Starter,BOS,202501100BOS
Payton Pritchard,Reserves,BOS,202501100BOS
Al Horford,Reserves,BOS,202501100BOS
Luke Kornet,Reserves,BOS,202501100BOS
Sam Hauser,Reserves,BOS,202501100BOS
Neemias Queta,Reserves,BOS,202501100BOS
Jaden Springer,Reserves,BOS,202501100BOS
Xavier Tillman Sr.,Reserves,BOS,202501100BOS
Jordan Walsh,Reserves: Did Not Dress,BOS,202501100BOS
Bennedict Mathurin,Starter,IND,202412130PHI
Tyrese Haliburton,Starter,IND,202412130PHI
Andrew Nembhard,Starter,IND,202412130PHI
Pascal Siakam,Starter,IND,202412130PHI
Myles Turner,Starter,IND,202412130PHI
Obi Toppin,Reserves,IND,202412130PHI
T.J. McConnell,Reserves,IND,202412130PHI
Jarace Walker,Reserves,IND,202412130PHI
Johnny Furphy,Reserves,IND,202412130PHI
Enrique Freeman,Reserves,IND,202412130PHI
Quenton Jackson,Reserves,IND,202412130PHI
James Johnson,Reserves: Did Not Play,IND,202412130PHI
Aaron Nesmith,Reserves: Did Not Dress,IND,202412130PHI
Ben Sheppard,Reserves: Did Not Dress,IND,202412130PHI
Tyrese Maxey,Starter,PHI,202412130PHI
Paul George,Starter,PHI,202412130PHI
Kelly Oubre Jr.,Starter,PHI,202412130PHI
Joel Embiid,Starter,PHI,202412130PHI
Guerschon Yabusele,Starter,PHI,202412130PHI
Jared McCain,Reserves,PHI,202412130PHI
KJ Martin,Reserves,PHI,202412130PHI
Andre Drummond,Reserves,PHI,202412130PHI
Ricky Council IV,Reserves,PHI,202412130PHI
Reggie Jackson,Reserves,PHI,202412130PHI
Eric Gordon,Reserves: Did Not Play,PHI,202412130PHI
Kyle Lowry,Reserves: Did Not Dress,PHI,202412130PHI
Bradley Beal,Starter,PHO,202412230DEN
Kevin Durant,Starter,PHO,202412230DEN
Royce O'Neale,Starter,PHO,202412230DEN
Tyus Jones,Starter,PHO,202412230DEN
Jusuf Nurkić,Starter,PHO,202412230DEN
Ryan Dunn,Reserves,PHO,202412230DEN
Monte Morris,Reserves,PHO,202412230DEN
Oso Ighodaro,Reserves,PHO,202412230DEN
Mason Plumlee,Reserves,PHO,202412230DEN
Josh Okogie,Reserves,PHO,202412230DEN
Damion Lee,Reserves,PHO,202412230DEN
Jalen Bridges,Reserves,PHO,202412230DEN
Nikola Jokić,Starter,DEN,202412230DEN
Michael Porter Jr.,Starter,DEN,202412230DEN
Christian Braun,Starter,DEN,202412230DEN
Russell Westbrook,Starter,DEN,202412230DEN
Aaron Gordon,Starter,DEN,202412230DEN
Jalen Pickett,Reserves,DEN,202412230DEN
Peyton Watson,Reserves,DEN,202412230DEN
Julian Strawther,Reserves,DEN,202412230DEN
Hunter Tyson,Reserves,DEN,202412230DEN
DeAndre Jordan,Reserves,DEN,202412230DEN
Trey Alexander,Reserves,DEN,202412230DEN
Spencer Jones,Reserves,DEN,202412230DEN
Zeke Nnaji,Reserves,DEN,202412230DEN
PJ Hall,Reserves,DEN,202412230DEN
Dario Šarić,Reserves: Did Not Play,DEN,202412230DEN
Norman Powell,Starter,LAC,202412300NOP
Ivica Zubac,Starter,LAC,202412300NOP
James Harden,Starter,LAC,202412300NOP
Kris Dunn,Starter,LAC,202412300NOP
Derrick Jones Jr.,Starter,LAC,202412300NOP
Amir Coffey,Reserves,LAC,202412300NOP
Nicolas Batum,Reserves,LAC,202412300NOP
Kevin Porter Jr.,Reserves,LAC,202412300NOP
Mo Bamba,Reserves,LAC,202412300NOP
Kobe Brown,Reserves: Did Not Play,LAC,202412300NOP
Bones Hyland,Reserves: Did Not Play,LAC,202412300NOP
Kai Jones,Reserves: Did Not Play,LAC,202412300NOP
Jordan Miller,Reserves: Did Not Play,LAC,202412300NOP
Dejounte Murray,Starter,NOP,202412300NOP
CJ McCollum,Starter,NOP,202412300NOP
Trey Murphy III,Starter,NOP,202412300NOP
Yves Missi,Starter,NOP,202412300NOP
Herbert Jones,Starter,NOP,202412300NOP
Jordan Hawkins,Reserves,NOP,202412300NOP
Javonte Green,Reserves,NOP,202412300NOP
Brandon Boston Jr.,Reserves,NOP,202412300NOP
Daniel Theis,Reserves,NOP,202412300NOP
Jose Alvarado,Reserves: Did Not Dress,NOP,202412300NOP
Antonio Reeves,Reserves: Did Not Play,NOP,202412300NOP
Jeremiah Robinson-Earl,Reserves: Did Not Play,NOP,202412300NOP
Ivica Zubac,Starter,LAC,202412230MEM
Norman Powell,Starter,LAC,202412230MEM
James Harden,Starter,LAC,202412230MEM
Kris Dunn,Starter,LAC,202412230MEM
Derrick Jones Jr.,Starter,LAC,202412230MEM
Nicolas Batum,Reserves,LAC,202412230MEM
Amir Coffey,Reserves,LAC,202412230MEM
Kevin Porter Jr.,Reserves,LAC,202412230MEM
Mo Bamba,Reserves,LAC,202412230MEM
Cam Christie,Reserves: Did Not Play,LAC,202412230MEM
Bones Hyland,Reserves: Did Not Play,LAC,202412230MEM
Kai Jones,Reserves: Did Not Play,LAC,202412230MEM
Jordan Miller,Reserves: Did Not Play,LAC,202412230MEM
Desmond Bane,Starter,MEM,202412230MEM
Jaren Jackson Jr.,Starter,MEM,202412230MEM
Ja Morant,Starter,MEM,202412230MEM
Jaylen Wells,Starter,MEM,202412230MEM
Zach Edey,Starter,MEM,202412230MEM
Santi Aldama,Reserves,MEM,202412230MEM
Jake LaRavia,Reserves,MEM,202412230MEM
Scotty Pippen Jr.,Reserves,MEM,202412230MEM
Luke Kennard,Reserves,MEM,202412230MEM
Brandon Clarke,Reserves,MEM,202412230MEM
Yuki Kawamura,Reserves: Did Not Play,MEM,202412230MEM
John Konchar,Reserves: Did Not Play,MEM,202412230MEM
Cam Spencer,Reserves: Did Not Play,MEM,202412230MEM
Carlton Carrington,Starter,WAS,202501030NOP
Jordan Poole,Starter,WAS,202501030NOP
Justin Champagnie,Starter,WAS,202501030NOP
Kyle Kuzma,Starter,WAS,202501030NOP
Alex Sarr,Starter,WAS,202501030NOP
Malcolm Brogdon,Reserves,WAS,202501030NOP
Corey Kispert,Reserves,WAS,202501030NOP
Jonas Valančiūnas,Reserves,WAS,202501030NOP
Kyshawn George,Reserves,WAS,202501030NOP
Patrick Baldwin Jr.,Reserves,WAS,202501030NOP
Jared Butler,Reserves,WAS,202501030NOP
Johnny Davis,Reserves,WAS,202501030NOP
Anthony Gill,Reserves,WAS,202501030NOP
Richaun Holmes,Reserves: Did Not Play,WAS,202501030NOP
Trey Murphy III,Starter,NOP,202501030NOP
Herbert Jones,Starter,NOP,202501030NOP
Yves Missi,Starter,NOP,202501030NOP
CJ McCollum,Starter,NOP,202501030NOP
Dejounte Murray,Starter,NOP,202501030NOP
Brandon Boston Jr.,Reserves,NOP,202501030NOP
Jose Alvarado,Reserves,NOP,202501030NOP
Jordan Hawkins,Reserves,NOP,202501030NOP
Daniel Theis,Reserves,NOP,202501030NOP
Jeremiah Robinson-Earl,Reserves,NOP,202501030NOP
Javonte Green,Reserves: Did Not Play,NOP,202501030NOP
Antonio Reeves,Reserves: Did Not Play,NOP,202501030NOP
Keon Johnson,Starter,BRK,202501100DEN
Noah Clowney,Starter,BRK,202501100DEN
Nic Claxton,Starter,BRK,202501100DEN
Ziaire Williams,Starter,BRK,202501100DEN
Ben Simmons,Starter,BRK,202501100DEN
Tyrese Martin,Reserves,BRK,202501100DEN
Tosan Evbuomwan,Reserves,BRK,202501100DEN
Day'Ron Sharpe,Reserves,BRK,202501100DEN
Jalen Wilson,Reserves,BRK,202501100DEN
Reece Beekman,Reserves,BRK,202501100DEN
Cameron Johnson,Reserves: Did Not Play,BRK,202501100DEN
D'Angelo Russell,Reserves: Did Not Play,BRK,202501100DEN
Nikola Jokić,Starter,DEN,202501100DEN
Russell Westbrook,Starter,DEN,202501100DEN
Michael Porter Jr.,Starter,DEN,202501100DEN
Christian Braun,Starter,DEN,202501100DEN
Jamal Murray,Starter,DEN,202501100DEN
Peyton Watson,Reserves,DEN,202501100DEN
Julian Strawther,Reserves,DEN,202501100DEN
DeAndre Jordan,Reserves,DEN,202501100DEN
Jalen Pickett,Reserves,DEN,202501100DEN
Hunter Tyson,Reserves,DEN,202501100DEN
Trey Alexander,Reserves: Did Not Play,DEN,202501100DEN
Zeke Nnaji,Reserves: Did Not Play,DEN,202501100DEN
Dario Šarić,Reserves: Did Not Play,DEN,202501100DEN
Fred VanVleet,Starter,HOU,202412220TOR
Jabari Smith Jr.,Starter,HOU,202412220TOR
Dillon Brooks,Starter,HOU,202412220TOR
Jalen Green,Starter,HOU,202412220TOR
Alperen Şengün,Starter,HOU,202412220TOR
Amen Thompson,Reserves,HOU,202412220TOR
Jae'Sean Tate,Reserves,HOU,202412220TOR
Cam Whitmore,Reserves,HOU,202412220TOR
Reed Sheppard,Reserves,HOU,202412220TOR
Jock Landale,Reserves,HOU,202412220TOR
Steven Adams,Reserves: Did Not Play,HOU,202412220TOR
Jeff Green,Reserves: Did Not Play,HOU,202412220TOR
Aaron Holiday,Reserves: Did Not Play,HOU,202412220TOR
Jack McVeigh,Reserves: Did Not Play,HOU,202412220TOR
Scottie Barnes,Starter,TOR,202412220TOR
Ochai Agbaji,Starter,TOR,202412220TOR
Gradey Dick,Starter,TOR,202412220TOR
Ja'Kobe Walter,Starter,TOR,202412220TOR
Jonathan Mogbo,Starter,TOR,202412220TOR
Jamal Shead,Reserves,TOR,202412220TOR
Kelly Olynyk,Reserves,TOR,202412220TOR
Chris Boucher,Reserves,TOR,202412220TOR
Jamison Battle,Reserves,TOR,202412220TOR
RJ Barrett,Reserves,TOR,202412220TOR
Ulrich Chomche,Reserves: Did Not Play,TOR,202412220TOR
Bruno Fernando,Reserves: Did Not Play,TOR,202412220TOR
A.J. Lawson,Reserves: Did Not Play,TOR,202412220TOR
Davion Mitchell,Reserves: Did Not Play,TOR,202412220TOR
Garrett Temple,Reserves: Did Not Play,TOR,202412220TOR
Deandre Ayton,Starter,POR,202412080LAL
Shaedon Sharpe,Starter,POR,202412080LAL
Jerami Grant,Starter,POR,202412080LAL
Anfernee Simons,Starter,POR,202412080LAL
Toumani Camara,Starter,POR,202412080LAL
Deni Avdija,Reserves,POR,202412080LAL
Scoot Henderson,Reserves,POR,202412080LAL
Dalano Banton,Reserves,POR,202412080LAL
Jabari Walker,Reserves,POR,202412080LAL
Bryce McGowens,Reserves,POR,202412080LAL
Rayan Rupert,Reserves,POR,202412080LAL
Kris Murray,Reserves,POR,202412080LAL
Donovan Clingan,Reserves: Did Not Play,POR,202412080LAL
Duop Reath,Reserves: Did Not Play,POR,202412080LAL
Matisse Thybulle,Reserves: Did Not Play,POR,202412080LAL
Rui Hachimura,Starter,LAL,202412080LAL
Anthony Davis,Starter,LAL,202412080LAL
Max Christie,Starter,LAL,202412080LAL
Gabe Vincent,Starter,LAL,202412080LAL
Dalton Knecht,Starter,LAL,202412080LAL
D'Angelo Russell,Reserves,LAL,202412080LAL
Cam Reddish,Reserves,LAL,202412080LAL
Christian Koloko,Reserves,LAL,202412080LAL
Quincy Olivari,Reserves,LAL,202412080LAL
Armel Traoré,Reserves,LAL,202412080LAL
Bronny James,Reserves,LAL,202412080LAL
Maxwell Lewis,Reserves,LAL,202412080LAL
Myles Turner,Starter,IND,202501250SAS
Andrew Nembhard,Starter,IND,202501250SAS
Pascal Siakam,Starter,IND,202501250SAS
Tyrese Haliburton,Starter,IND,202501250SAS
Bennedict Mathurin,Starter,IND,202501250SAS
Aaron Nesmith,Reserves,IND,202501250SAS
Ben Sheppard,Reserves,IND,202501250SAS
T.J. McConnell,Reserves,IND,202501250SAS
Obi Toppin,Reserves,IND,202501250SAS
Thomas Bryant,Reserves,IND,202501250SAS
Jarace Walker,Reserves,IND,202501250SAS
Johnny Furphy,Reserves,IND,202501250SAS
RayJ Dennis,Reserves,IND,202501250SAS
James Johnson,Reserves: Did Not Play,IND,202501250SAS
Victor Wembanyama,Starter,SAS,202501250SAS
Devin Vassell,Starter,SAS,202501250SAS
Stephon Castle,Starter,SAS,202501250SAS
Chris Paul,Starter,SAS,202501250SAS
Harrison Barnes,Starter,SAS,202501250SAS
Tre Jones,Reserves,SAS,202501250SAS
Jeremy Sochan,Reserves,SAS,202501250SAS
Sandro Mamukelashvili,Reserves,SAS,202501250SAS
Julian Champagnie,Reserves,SAS,202501250SAS
Keldon Johnson,Reserves,SAS,202501250SAS
Malaki Branham,Reserves,SAS,202501250SAS
Zach Collins,Reserves,SAS,202501250SAS
Charles Bassey,Reserves,SAS,202501250SAS
Blake Wesley,Reserves,SAS,202501250SAS
Sidy Cissoko,Reserves,SAS,202501250SAS
Evan Mobley,Starter,CLE,202501030DAL
Darius Garland,Starter,CLE,202501030DAL
Donovan Mitchell,Starter,CLE,202501030DAL
Dean Wade,Starter,CLE,202501030DAL
Jarrett Allen,Starter,CLE,202501030DAL
Caris LeVert,Reserves,CLE,202501030DAL
Max Strus,Reserves,CLE,202501030DAL
Georges Niang,Reserves,CLE,202501030DAL
Ty Jerome,Reserves,CLE,202501030DAL
JT Thor,Reserves,CLE,202501030DAL
Craig Porter Jr.,Reserves,CLE,202501030DAL
Tristan Thompson,Reserves,CLE,202501030DAL
Jaylon Tyson,Reserves,CLE,202501030DAL
Quentin Grimes,Starter,DAL,202501030DAL
P.J. Washington,Starter,DAL,202501030DAL
Klay Thompson,Starter,DAL,202501030DAL
Dereck Lively II,Starter,DAL,202501030DAL
Spencer Dinwiddie,Starter,DAL,202501030DAL
Jaden Hardy,Reserves,DAL,202501030DAL
Brandon Williams,Reserves,DAL,202501030DAL
Daniel Gafford,Reserves,DAL,202501030DAL
Maxi Kleber,Reserves,DAL,202501030DAL
Olivier-Maxence Prosper,Reserves,DAL,202501030DAL
Markieff Morris,Reserves,DAL,202501030DAL
Jazian Gortman,Reserves,DAL,202501030DAL
Dwight Powell,Reserves,DAL,202501030DAL
Naji Marshall,Reserves,DAL,202501030DAL
Anthony Davis,Starter,LAL,202412040MIA
D'Angelo Russell,Starter,LAL,202412040MIA
LeBron James,Starter,LAL,202412040MIA
Rui Hachimura,Starter,LAL,202412040MIA
Dalton Knecht,Starter,LAL,202412040MIA
Max Christie,Reserves,LAL,202412040MIA
Gabe Vincent,Reserves,LAL,202412040MIA
Cam Reddish,Reserves,LAL,202412040MIA
Christian Koloko,Reserves,LAL,202412040MIA
Armel Traoré,Reserves,LAL,202412040MIA
Maxwell Lewis,Reserves,LAL,202412040MIA
Bronny James,Reserves: Did Not Dress,LAL,202412040MIA
Haywood Highsmith,Starter,MIA,202412040MIA
Jimmy Butler,Starter,MIA,202412040MIA
Duncan Robinson,Starter,MIA,202412040MIA
Tyler Herro,Starter,MIA,202412040MIA
Bam Adebayo,Starter,MIA,202412040MIA
Terry Rozier,Reserves,MIA,202412040MIA
Pelle Larsson,Reserves,MIA,202412040MIA
Jaime Jaquez Jr.,Reserves,MIA,202412040MIA
Kevin Love,Reserves,MIA,202412040MIA
Dru Smith,Reserves,MIA,202412040MIA
Thomas Bryant,Reserves,MIA,202412040MIA
Keshad Johnson,Reserves,MIA,202412040MIA
Alec Burks,Reserves: Did Not Play,MIA,202412040MIA
Nikola Jović,Reserves: Did Not Play,MIA,202412040MIA
Josh Richardson,Reserves: Did Not Play,MIA,202412040MIA
Damian Lillard,Starter,MIL,202501280POR
Giannis Antetokounmpo,Starter,MIL,202501280POR
Brook Lopez,Starter,MIL,202501280POR
Andre Jackson Jr.,Starter,MIL,202501280POR
Taurean Prince,Starter,MIL,202501280POR
Gary Trent Jr.,Reserves,MIL,202501280POR
Khris Middleton,Reserves,MIL,202501280POR
Ryan Rollins,Reserves,MIL,202501280POR
Pat Connaughton,Reserves,MIL,202501280POR
MarJon Beauchamp,Reserves,MIL,202501280POR
Stanley Umude,Reserves,MIL,202501280POR
Chris Livingston,Reserves,MIL,202501280POR
Delon Wright,Reserves: Did Not Play,MIL,202501280POR
Toumani Camara,Starter,POR,202501280POR
Anfernee Simons,Starter,POR,202501280POR
Deni Avdija,Starter,POR,202501280POR
Deandre Ayton,Starter,POR,202501280POR
Jerami Grant,Starter,POR,202501280POR
Shaedon Sharpe,Reserves,POR,202501280POR
Scoot Henderson,Reserves,POR,202501280POR
Donovan Clingan,Reserves,POR,202501280POR
Bryce McGowens,Reserves,POR,202501280POR
Kris Murray,Reserves,POR,202501280POR
Duop Reath,Reserves,POR,202501280POR
Rayan Rupert,Reserves,POR,202501280POR
Jabari Walker,Reserves,POR,202501280POR
Dalano Banton,Reserves: Did Not Play,POR,202501280POR
Robert Williams,Reserves: Did Not Play,POR,202501280POR
Austin Reaves,Starter,LAL,202501250GSW
Anthony Davis,Starter,LAL,202501250GSW
LeBron James,Starter,LAL,202501250GSW
Max Christie,Starter,LAL,202501250GSW
Dorian Finney-Smith,Starter,LAL,202501250GSW
Gabe Vincent,Reserves,LAL,202501250GSW
Dalton Knecht,Reserves,LAL,202501250GSW
Jarred Vanderbilt,Reserves,LAL,202501250GSW
Jaxson Hayes,Reserves,LAL,202501250GSW
Christian Koloko,Reserves,LAL,202501250GSW
Shake Milton,Reserves: Did Not Play,LAL,202501250GSW
Cam Reddish,Reserves: Did Not Play,LAL,202501250GSW
Andrew Wiggins,Starter,GSW,202501250GSW
Stephen Curry,Starter,GSW,202501250GSW
Buddy Hield,Starter,GSW,202501250GSW
Gary Payton II,Starter,GSW,202501250GSW
Trayce Jackson-Davis,Starter,GSW,202501250GSW
Brandin Podziemski,Reserves,GSW,202501250GSW
Quinten Post,Reserves,GSW,202501250GSW
Dennis Schröder,Reserves,GSW,202501250GSW
Moses Moody,Reserves,GSW,202501250GSW
Gui Santos,Reserves,GSW,202501250GSW
Kevon Looney,Reserves,GSW,202501250GSW
Lindy Waters III,Reserves,GSW,202501250GSW
Kyle Anderson,Reserves: Did Not Play,GSW,202501250GSW
Jalen Suggs,Starter,ORL,202412030NYK
Franz Wagner,Starter,ORL,202412030NYK
Kentavious Caldwell-Pope,Starter,ORL,202412030NYK
Tristan Da Silva,Starter,ORL,202412030NYK
Wendell Carter Jr.,Starter,ORL,202412030NYK
Moritz Wagner,Reserves,ORL,202412030NYK
Anthony Black,Reserves,ORL,202412030NYK
Cole Anthony,Reserves,ORL,202412030NYK
Jonathan Isaac,Reserves,ORL,202412030NYK
Jett Howard,Reserves,ORL,202412030NYK
Caleb Houstan,Reserves,ORL,202412030NYK
Goga Bitadze,Reserves: Did Not Play,ORL,202412030NYK
Cory Joseph,Reserves: Did Not Play,ORL,202412030NYK
Josh Hart,Starter,NYK,202412030NYK
Karl-Anthony Towns,Starter,NYK,202412030NYK
Mikal Bridges,Starter,NYK,202412030NYK
OG Anunoby,Starter,NYK,202412030NYK
Jalen Brunson,Starter,NYK,202412030NYK
Miles McBride,Reserves,NYK,202412030NYK
Cameron Payne,Reserves,NYK,202412030NYK
Jericho Sims,Reserves,NYK,202412030NYK
Matt Ryan,Reserves,NYK,202412030NYK
Pacome Dadiet,Reserves,NYK,202412030NYK
Ariel Hukporti,Reserves,NYK,202412030NYK
Tyler Kolek,Reserves,NYK,202412030NYK
Jacob Toppin,Reserves: Did Not Play,NYK,202412030NYK
Brook Lopez,Starter,MIL,202412230CHI
Bobby Portis,Starter,MIL,202412230CHI
Khris Middleton,Starter,MIL,202412230CHI
Andre Jackson Jr.,Starter,MIL,202412230CHI
Ryan Rollins,Starter,MIL,202412230CHI
Delon Wright,Reserves,MIL,202412230CHI
A.J. Green,Reserves,MIL,202412230CHI
Taurean Prince,Reserves,MIL,202412230CHI
Gary Trent Jr.,Reserves,MIL,202412230CHI
Tyler Smith,Reserves,MIL,202412230CHI
MarJon Beauchamp,Reserves,MIL,202412230CHI
Liam Robbins,Reserves,MIL,202412230CHI
Stanley Umude,Reserves,MIL,202412230CHI
Pat Connaughton,Reserves: Did Not Play,MIL,202412230CHI
Coby White,Starter,CHI,202412230CHI
Ayo Dosunmu,Starter,CHI,202412230CHI
Zach LaVine,Starter,CHI,202412230CHI
Nikola Vučević,Starter,CHI,202412230CHI
Patrick Williams,Starter,CHI,202412230CHI
Jalen Smith,Reserves,CHI,202412230CHI
Dalen Terry,Reserves,CHI,202412230CHI
Matas Buzelis,Reserves,CHI,202412230CHI
Julian Phillips,Reserves,CHI,202412230CHI
Talen Horton-Tucker,Reserves,CHI,202412230CHI
Chris Duarte,Reserves,CHI,202412230CHI
Jevon Carter,Reserves,CHI,202412230CHI
Torrey Craig,Reserves: Did Not Play,CHI,202412230CHI
E.J. Liddell,Reserves: Did Not Play,CHI,202412230CHI
Bilal Coulibaly,Starter,WAS,202501100CHI
Alex Sarr,Starter,WAS,202501100CHI
Jordan Poole,Starter,WAS,202501100CHI
Carlton Carrington,Starter,WAS,202501100CHI
Kyle Kuzma,Starter,WAS,202501100CHI
Kyshawn George,Reserves,WAS,202501100CHI
Corey Kispert,Reserves,WAS,202501100CHI
Jared Butler,Reserves,WAS,202501100CHI
Jonas Valančiūnas,Reserves,WAS,202501100CHI
Justin Champagnie,Reserves,WAS,202501100CHI
Johnny Davis,Reserves,WAS,202501100CHI
Patrick Baldwin Jr.,Reserves,WAS,202501100CHI
Richaun Holmes,Reserves,WAS,202501100CHI
Anthony Gill,Reserves,WAS,202501100CHI
Zach LaVine,Starter,CHI,202501100CHI
Josh Giddey,Starter,CHI,202501100CHI
Coby White,Starter,CHI,202501100CHI
Nikola Vučević,Starter,CHI,202501100CHI
Patrick Williams,Starter,CHI,202501100CHI
Lonzo Ball,Reserves,CHI,202501100CHI
Jalen Smith,Reserves,CHI,202501100CHI
Matas Buzelis,Reserves,CHI,202501100CHI
Talen Horton-Tucker,Reserves,CHI,202501100CHI
Julian Phillips,Reserves,CHI,202501100CHI
Dalen Terry,Reserves,CHI,202501100CHI
Jevon Carter,Reserves,CHI,202501100CHI
Chris Duarte,Reserves,CHI,202501100CHI
Devin Booker,Starter,PHO,202412130UTA
Kevin Durant,Starter,PHO,202412130UTA
Tyus Jones,Starter,PHO,202412130UTA
Jusuf Nurkić,Starter,PHO,202412130UTA
Royce O'Neale,Starter,PHO,202412130UTA
Grayson Allen,Reserves,PHO,202412130UTA
Monte Morris,Reserves,PHO,202412130UTA
Ryan Dunn,Reserves,PHO,202412130UTA
Mason Plumlee,Reserves,PHO,202412130UTA
Oso Ighodaro,Reserves,PHO,202412130UTA
Josh Okogie,Reserves,PHO,202412130UTA
Bol Bol,Reserves: Did Not Play,PHO,202412130UTA
Damion Lee,Reserves: Did Not Play,PHO,202412130UTA
John Collins,Starter,UTA,202412130UTA
Lauri Markkanen,Starter,UTA,202412130UTA
Walker Kessler,Starter,UTA,202412130UTA
Keyonte George,Starter,UTA,202412130UTA
Collin Sexton,Starter,UTA,202412130UTA
Jordan Clarkson,Reserves,UTA,202412130UTA
Kyle Filipowski,Reserves,UTA,202412130UTA
Johnny Juzang,Reserves,UTA,202412130UTA
Brice Sensabaugh,Reserves,UTA,202412130UTA
Isaiah Collier,Reserves,UTA,202412130UTA
Drew Eubanks,Reserves: Did Not Play,UTA,202412130UTA
Patty Mills,Reserves: Did Not Play,UTA,202412130UTA
Micah Potter,Reserves: Did Not Play,UTA,202412130UTA
Jordan Poole,Starter,WAS,202412230OKC
Carlton Carrington,Starter,WAS,202412230OKC
Justin Champagnie,Starter,WAS,202412230OKC
Jonas Valančiūnas,Starter,WAS,202412230OKC
Malcolm Brogdon,Starter,WAS,202412230OKC
Kyshawn George,Reserves,WAS,202412230OKC
Corey Kispert,Reserves,WAS,202412230OKC
Marvin Bagley III,Reserves,WAS,202412230OKC
Jared Butler,Reserves,WAS,202412230OKC
Johnny Davis,Reserves,WAS,202412230OKC
Richaun Holmes,Reserves,WAS,202412230OKC
Tristan Vukcevic,Reserves,WAS,202412230OKC
Patrick Baldwin Jr.,Reserves,WAS,202412230OKC
Anthony Gill,Reserves: Did Not Play,WAS,202412230OKC
Shai Gilgeous-Alexander,Starter,OKC,202412230OKC
Jalen Williams,Starter,OKC,202412230OKC
Isaiah Hartenstein,Starter,OKC,202412230OKC
Luguentz Dort,Starter,OKC,202412230OKC
Isaiah Joe,Starter,OKC,202412230OKC
Cason Wallace,Reserves,OKC,202412230OKC
Ajay Mitchell,Reserves,OKC,202412230OKC
Alex Caruso,Reserves,OKC,202412230OKC
Aaron Wiggins,Reserves,OKC,202412230OKC
Kenrich Williams,Reserves,OKC,202412230OKC
Jaylin Williams,Reserves,OKC,202412230OKC
Ousmane Dieng,Reserves,OKC,202412230OKC
Dillon Jones,Reserves,OKC,202412230OKC
Bradley Beal,Starter,PHO,202412280GSW
Kevin Durant,Starter,PHO,202412280GSW
Tyus Jones,Starter,PHO,202412280GSW
Ryan Dunn,Starter,PHO,202412280GSW
Mason Plumlee,Starter,PHO,202412280GSW
Josh Okogie,Reserves,PHO,202412280GSW
Oso Ighodaro,Reserves,PHO,202412280GSW
Monte Morris,Reserves,PHO,202412280GSW
Royce O'Neale,Reserves,PHO,202412280GSW
Jalen Bridges,Reserves: Did Not Play,PHO,202412280GSW
Damion Lee,Reserves: Did Not Play,PHO,202412280GSW
Jusuf Nurkić,Reserves,PHO,202412280GSW
Andrew Wiggins,Starter,GSW,202412280GSW
Stephen Curry,Starter,GSW,202412280GSW
Draymond Green,Starter,GSW,202412280GSW
Dennis Schröder,Starter,GSW,202412280GSW
Trayce Jackson-Davis,Starter,GSW,202412280GSW
Jonathan Kuminga,Reserves,GSW,202412280GSW
Buddy Hield,Reserves,GSW,202412280GSW
Lindy Waters III,Reserves,GSW,202412280GSW
Brandin Podziemski,Reserves,GSW,202412280GSW
Kyle Anderson,Reserves: Did Not Play,GSW,202412280GSW
Kevon Looney,Reserves: Did Not Play,GSW,202412280GSW
Moses Moody,Reserves: Did Not Play,GSW,202412280GSW
Gary Payton II,Reserves: Did Not Dress,GSW,202412280GSW
Gui Santos,Reserves: Did Not Play,GSW,202412280GSW
Pat Spencer,Reserves: Did Not Play,GSW,202412280GSW
James Harden,Starter,LAC,202501160POR
Ivica Zubac,Starter,LAC,202501160POR
Norman Powell,Starter,LAC,202501160POR
Derrick Jones Jr.,Starter,LAC,202501160POR
Kris Dunn,Starter,LAC,202501160POR
Amir Coffey,Reserves,LAC,202501160POR
Terance Mann,Reserves,LAC,202501160POR
Mo Bamba,Reserves,LAC,202501160POR
Nicolas Batum,Reserves,LAC,202501160POR
Kevin Porter Jr.,Reserves,LAC,202501160POR
Bones Hyland,Reserves,LAC,202501160POR
Jordan Miller,Reserves,LAC,202501160POR
Kobe Brown,Reserves,LAC,202501160POR
Kai Jones,Reserves,LAC,202501160POR
Scoot Henderson,Starter,POR,202501160POR
Anfernee Simons,Starter,POR,202501160POR
Toumani Camara,Starter,POR,202501160POR
Deandre Ayton,Starter,POR,202501160POR
Shaedon Sharpe,Starter,POR,202501160POR
Kris Murray,Reserves,POR,202501160POR
Dalano Banton,Reserves,POR,202501160POR
Jabari Walker,Reserves,POR,202501160POR
Robert Williams,Reserves,POR,202501160POR
Rayan Rupert,Reserves,POR,202501160POR
Justin Minaya,Reserves,POR,202501160POR
Duop Reath,Reserves,POR,202501160POR
Deni Avdija,Reserves: Did Not Dress,POR,202501160POR
Donovan Clingan,Reserves: Did Not Dress,POR,202501160POR
Matisse Thybulle,Reserves: Did Not Dress,POR,202501160POR
Donovan Mitchell,Starter,CLE,202412070CHO
Evan Mobley,Starter,CLE,202412070CHO
Darius Garland,Starter,CLE,202412070CHO
Jarrett Allen,Starter,CLE,202412070CHO
Dean Wade,Starter,CLE,202412070CHO
Caris LeVert,Reserves,CLE,202412070CHO
Sam Merrill,Reserves,CLE,202412070CHO
Georges Niang,Reserves,CLE,202412070CHO
Ty Jerome,Reserves,CLE,202412070CHO
Jaylon Tyson,Reserves,CLE,202412070CHO
Tristan Thompson,Reserves: Did Not Play,CLE,202412070CHO
JT Thor,Reserves: Did Not Play,CLE,202412070CHO
Luke Travers,Reserves: Did Not Play,CLE,202412070CHO
Josh Green,Starter,CHO,202412070CHO
Cody Martin,Starter,CHO,202412070CHO
Vasilije Micić,Starter,CHO,202412070CHO
Brandon Miller,Starter,CHO,202412070CHO
Taj Gibson,Starter,CHO,202412070CHO
DaQuan Jeffries,Reserves,CHO,202412070CHO
Nick Smith Jr.,Reserves,CHO,202412070CHO
KJ Simpson,Reserves,CHO,202412070CHO
Isaiah Wong,Reserves,CHO,202412070CHO
Mark Williams,Reserves,CHO,202412070CHO
Seth Curry,Reserves,CHO,202412070CHO
Stephen Curry,Starter,GSW,202501090DET
Dennis Schröder,Starter,GSW,202501090DET
Draymond Green,Starter,GSW,202501090DET
Buddy Hield,Starter,GSW,202501090DET
Trayce Jackson-Davis,Starter,GSW,202501090DET
Gui Santos,Reserves,GSW,202501090DET
Kevon Looney,Reserves,GSW,202501090DET
Lindy Waters III,Reserves,GSW,202501090DET
Kyle Anderson,Reserves,GSW,202501090DET
Pat Spencer,Reserves,GSW,202501090DET
Moses Moody,Reserves: Did Not Play,GSW,202501090DET
Cade Cunningham,Starter,DET,202501090DET
Malik Beasley,Starter,DET,202501090DET
Tobias Harris,Starter,DET,202501090DET
Jalen Duren,Starter,DET,202501090DET
Ausar Thompson,Starter,DET,202501090DET
Simone Fontecchio,Reserves,DET,202501090DET
Ron Holland,Reserves,DET,202501090DET
Isaiah Stewart,Reserves,DET,202501090DET
Marcus Sasser,Reserves,DET,202501090DET
Wendell Moore Jr.,Reserves,DET,202501090DET
Tim Hardaway Jr.,Reserves: Did Not Play,DET,202501090DET
Paul Reed,Reserves: Did Not Play,DET,202501090DET
Jaren Jackson Jr.,Starter,MEM,202501110MIN
Desmond Bane,Starter,MEM,202501110MIN
Jaylen Wells,Starter,MEM,202501110MIN
Ja Morant,Starter,MEM,202501110MIN
Zach Edey,Starter,MEM,202501110MIN
Luke Kennard,Reserves,MEM,202501110MIN
Brandon Clarke,Reserves,MEM,202501110MIN
Santi Aldama,Reserves,MEM,202501110MIN
Scotty Pippen Jr.,Reserves,MEM,202501110MIN
Jake LaRavia,Reserves,MEM,202501110MIN
Jay Huff,Reserves,MEM,202501110MIN
Yuki Kawamura,Reserves: Did Not Play,MEM,202501110MIN
John Konchar,Reserves: Did Not Play,MEM,202501110MIN
Anthony Edwards,Starter,MIN,202501110MIN
Donte DiVincenzo,Starter,MIN,202501110MIN
Julius Randle,Starter,MIN,202501110MIN
Jaden McDaniels,Starter,MIN,202501110MIN
Rudy Gobert,Starter,MIN,202501110MIN
Naz Reid,Reserves,MIN,202501110MIN
Nickeil Alexander-Walker,Reserves,MIN,202501110MIN
Mike Conley,Reserves,MIN,202501110MIN
Josh Minott,Reserves,MIN,202501110MIN
Jaylen Clark,Reserves: Did Not Play,MIN,202501110MIN
Luka Garza,Reserves: Did Not Play,MIN,202501110MIN
Joe Ingles,Reserves: Did Not Play,MIN,202501110MIN
Leonard Miller,Reserves: Did Not Play,MIN,202501110MIN
Fred VanVleet,Starter,HOU,202412050GSW
Jabari Smith Jr.,Starter,HOU,202412050GSW
Jalen Green,Starter,HOU,202412050GSW
Dillon Brooks,Starter,HOU,202412050GSW
Alperen Şengün,Starter,HOU,202412050GSW
Amen Thompson,Reserves,HOU,202412050GSW
Steven Adams,Reserves,HOU,202412050GSW
Aaron Holiday,Reserves,HOU,202412050GSW
Reed Sheppard,Reserves,HOU,202412050GSW
Jeff Green,Reserves: Did Not Play,HOU,202412050GSW
Jock Landale,Reserves: Did Not Play,HOU,202412050GSW
Jack McVeigh,Reserves: Did Not Play,HOU,202412050GSW
Jae'Sean Tate,Reserves: Did Not Play,HOU,202412050GSW
Brandin Podziemski,Starter,GSW,202412050GSW
Andrew Wiggins,Starter,GSW,202412050GSW
Jonathan Kuminga,Starter,GSW,202412050GSW
Buddy Hield,Starter,GSW,202412050GSW
Kevon Looney,Starter,GSW,202412050GSW
Moses Moody,Reserves,GSW,202412050GSW
Trayce Jackson-Davis,Reserves,GSW,202412050GSW
Gary Payton II,Reserves,GSW,202412050GSW
Kyle Anderson,Reserves,GSW,202412050GSW
Pat Spencer,Reserves,GSW,202412050GSW
Gui Santos,Reserves: Did Not Play,GSW,202412050GSW
Lindy Waters III,Reserves: Did Not Play,GSW,202412050GSW
Jalen Johnson,Starter,ATL,202412110NYK
Trae Young,Starter,ATL,202412110NYK
Dyson Daniels,Starter,ATL,202412110NYK
Clint Capela,Starter,ATL,202412110NYK
Zaccharie Risacher,Starter,ATL,202412110NYK
De'Andre Hunter,Reserves,ATL,202412110NYK
Bogdan Bogdanović,Reserves,ATL,202412110NYK
Onyeka Okongwu,Reserves,ATL,202412110NYK
Vit Krejci,Reserves,ATL,202412110NYK
Kobe Bufkin,Reserves: Did Not Play,ATL,202412110NYK
Garrison Mathews,Reserves: Did Not Play,ATL,202412110NYK
Larry Nance Jr.,Reserves: Did Not Play,ATL,202412110NYK
David Roddy,Reserves: Did Not Play,ATL,202412110NYK
OG Anunoby,Starter,NYK,202412110NYK
Mikal Bridges,Starter,NYK,202412110NYK
Karl-Anthony Towns,Starter,NYK,202412110NYK
Jalen Brunson,Starter,NYK,202412110NYK
Josh Hart,Starter,NYK,202412110NYK
Miles McBride,Reserves,NYK,202412110NYK
Precious Achiuwa,Reserves,NYK,202412110NYK
Cameron Payne,Reserves,NYK,202412110NYK
Jericho Sims,Reserves,NYK,202412110NYK
Boo Buie,Reserves: Did Not Play,NYK,202412110NYK
Pacome Dadiet,Reserves: Did Not Play,NYK,202412110NYK
Tyler Kolek,Reserves: Did Not Play,NYK,202412110NYK
Matt Ryan,Reserves: Did Not Play,NYK,202412110NYK
Jacob Toppin,Reserves: Did Not Play,NYK,202412110NYK
Jimmy Butler,Starter,MIA,202412160DET
Bam Adebayo,Starter,MIA,202412160DET
Tyler Herro,Starter,MIA,202412160DET
Duncan Robinson,Starter,MIA,202412160DET
Haywood Highsmith,Starter,MIA,202412160DET
Terry Rozier,Reserves,MIA,202412160DET
Dru Smith,Reserves,MIA,202412160DET
Jaime Jaquez Jr.,Reserves,MIA,202412160DET
Kevin Love,Reserves,MIA,202412160DET
Alec Burks,Reserves: Did Not Play,MIA,202412160DET
Keshad Johnson,Reserves: Did Not Play,MIA,202412160DET
Nikola Jović,Reserves,MIA,202412160DET
Pelle Larsson,Reserves,MIA,202412160DET
Kel'el Ware,Reserves: Did Not Play,MIA,202412160DET
Cade Cunningham,Starter,DET,202412160DET
Malik Beasley,Starter,DET,202412160DET
Tim Hardaway Jr.,Starter,DET,202412160DET
Jalen Duren,Starter,DET,202412160DET
Ausar Thompson,Starter,DET,202412160DET
Simone Fontecchio,Reserves,DET,202412160DET
Ron Holland,Reserves,DET,202412160DET
Marcus Sasser,Reserves,DET,202412160DET
Paul Reed,Reserves,DET,202412160DET
Isaiah Stewart,Reserves,DET,202412160DET
Jaden Ivey,Reserves: Did Not Play,DET,202412160DET
Wendell Moore Jr.,Reserves: Did Not Play,DET,202412160DET
Tyrese Maxey,Starter,PHI,202501180IND
Kelly Oubre Jr.,Starter,PHI,202501180IND
Ricky Council IV,Starter,PHI,202501180IND
Eric Gordon,Starter,PHI,202501180IND
Andre Drummond,Starter,PHI,202501180IND
Jeff Dowtin,Reserves,PHI,202501180IND
Justin Edwards,Reserves,PHI,202501180IND
Adem Bona,Reserves,PHI,202501180IND
Pete Nance,Reserves,PHI,202501180IND
Paul George,Reserves: Did Not Dress,PHI,202501180IND
Reggie Jackson,Reserves: Did Not Play,PHI,202501180IND
Guerschon Yabusele,Reserves: Did Not Dress,PHI,202501180IND
Pascal Siakam,Starter,IND,202501180IND
Tyrese Haliburton,Starter,IND,202501180IND
Andrew Nembhard,Starter,IND,202501180IND
Myles Turner,Starter,IND,202501180IND
Bennedict Mathurin,Starter,IND,202501180IND
Ben Sheppard,Reserves,IND,202501180IND
Thomas Bryant,Reserves,IND,202501180IND
T.J. McConnell,Reserves,IND,202501180IND
Obi Toppin,Reserves,IND,202501180IND
Aaron Nesmith,Reserves,IND,202501180IND
Jarace Walker,Reserves,IND,202501180IND
RayJ Dennis,Reserves,IND,202501180IND
Johnny Furphy,Reserves,IND,202501180IND
James Johnson,Reserves: Did Not Play,IND,202501180IND
Damian Lillard,Starter,MIL,202501100ORL
Giannis Antetokounmpo,Starter,MIL,202501100ORL
Brook Lopez,Starter,MIL,202501100ORL
Taurean Prince,Starter,MIL,202501100ORL
Andre Jackson Jr.,Starter,MIL,202501100ORL
Bobby Portis,Reserves,MIL,202501100ORL
Gary Trent Jr.,Reserves,MIL,202501100ORL
Khris Middleton,Reserves,MIL,202501100ORL
A.J. Green,Reserves,MIL,202501100ORL
MarJon Beauchamp,Reserves: Did Not Play,MIL,202501100ORL
Pat Connaughton,Reserves: Did Not Play,MIL,202501100ORL
Liam Robbins,Reserves: Did Not Play,MIL,202501100ORL
Ryan Rollins,Reserves: Did Not Play,MIL,202501100ORL
Stanley Umude,Reserves: Did Not Play,MIL,202501100ORL
Delon Wright,Reserves: Did Not Play,MIL,202501100ORL
Tristan Da Silva,Starter,ORL,202501100ORL
Cole Anthony,Starter,ORL,202501100ORL
Paolo Banchero,Starter,ORL,202501100ORL
Goga Bitadze,Starter,ORL,202501100ORL
Kentavious Caldwell-Pope,Starter,ORL,202501100ORL
Caleb Houstan,Reserves,ORL,202501100ORL
Wendell Carter Jr.,Reserves,ORL,202501100ORL
Anthony Black,Reserves,ORL,202501100ORL
Jonathan Isaac,Reserves,ORL,202501100ORL
Jett Howard,Reserves,ORL,202501100ORL
Trevelin Queen,Reserves,ORL,202501100ORL
Cory Joseph,Reserves: Did Not Play,ORL,202501100ORL
Scottie Barnes,Starter,TOR,202412310BOS
Jakob Poeltl,Starter,TOR,202412310BOS
Davion Mitchell,Starter,TOR,202412310BOS
Ochai Agbaji,Starter,TOR,202412310BOS
Ja'Kobe Walter,Starter,TOR,202412310BOS
Jamal Shead,Reserves,TOR,202412310BOS
Bruce Brown,Reserves,TOR,202412310BOS
Jamison Battle,Reserves,TOR,202412310BOS
Chris Boucher,Reserves,TOR,202412310BOS
Kelly Olynyk,Reserves,TOR,202412310BOS
Jonathan Mogbo,Reserves,TOR,202412310BOS
Ulrich Chomche,Reserves,TOR,202412310BOS
A.J. Lawson,Reserves,TOR,202412310BOS
Bruno Fernando,Reserves,TOR,202412310BOS
Garrett Temple,Reserves: Did Not Play,TOR,202412310BOS
Jayson Tatum,Starter,BOS,202412310BOS
Derrick White,Starter,BOS,202412310BOS
Jaylen Brown,Starter,BOS,202412310BOS
Jrue Holiday,Starter,BOS,202412310BOS
Al Horford,Starter,BOS,202412310BOS
Payton Pritchard,Reserves,BOS,202412310BOS
Neemias Queta,Reserves,BOS,202412310BOS
Sam Hauser,Reserves,BOS,202412310BOS
Luke Kornet,Reserves,BOS,202412310BOS
Jordan Walsh,Reserves,BOS,202412310BOS
Drew Peterson,Reserves,BOS,202412310BOS
Xavier Tillman Sr.,Reserves,BOS,202412310BOS
Jaden Springer,Reserves,BOS,202412310BOS
Derrick White,Starter,BOS,202412230ORL
Kristaps Porziņģis,Starter,BOS,202412230ORL
Jaylen Brown,Starter,BOS,202412230ORL
Al Horford,Starter,BOS,202412230ORL
Jrue Holiday,Starter,BOS,202412230ORL
Payton Pritchard,Reserves,BOS,202412230ORL
Luke Kornet,Reserves,BOS,202412230ORL
Sam Hauser,Reserves,BOS,202412230ORL
JD Davison,Reserves: Did Not Play,BOS,202412230ORL
Neemias Queta,Reserves: Did Not Play,BOS,202412230ORL
Baylor Scheierman,Reserves: Did Not Play,BOS,202412230ORL
Jaden Springer,Reserves: Did Not Play,BOS,202412230ORL
Jayson Tatum,Reserves: Did Not Play,BOS,202412230ORL
Xavier Tillman Sr.,Reserves: Did Not Play,BOS,202412230ORL
Jordan Walsh,Reserves: Did Not Play,BOS,202412230ORL
Tristan Da Silva,Starter,ORL,202412230ORL
Trevelin Queen,Starter,ORL,202412230ORL
Kentavious Caldwell-Pope,Starter,ORL,202412230ORL
Jalen Suggs,Starter,ORL,202412230ORL
Goga Bitadze,Starter,ORL,202412230ORL
Wendell Carter Jr.,Reserves,ORL,202412230ORL
Anthony Black,Reserves,ORL,202412230ORL
Cole Anthony,Reserves,ORL,202412230ORL
Jonathan Isaac,Reserves,ORL,202412230ORL
Jett Howard,Reserves,ORL,202412230ORL
Caleb Houstan,Reserves: Did Not Play,ORL,202412230ORL
Cory Joseph,Reserves: Did Not Play,ORL,202412230ORL
Duncan Robinson,Starter,MIA,202412280ATL
Bam Adebayo,Starter,MIA,202412280ATL
Haywood Highsmith,Starter,MIA,202412280ATL
Tyler Herro,Starter,MIA,202412280ATL
Jaime Jaquez Jr.,Starter,MIA,202412280ATL
Terry Rozier,Reserves,MIA,202412280ATL
Alec Burks,Reserves,MIA,202412280ATL
Nikola Jović,Reserves,MIA,202412280ATL
Kel'el Ware,Reserves,MIA,202412280ATL
Pelle Larsson,Reserves,MIA,202412280ATL
Jimmy Butler,Reserves: Did Not Play,MIA,202412280ATL
Josh Christopher,Reserves: Did Not Play,MIA,202412280ATL
Keshad Johnson,Reserves: Did Not Play,MIA,202412280ATL
Kevin Love,Reserves: Did Not Play,MIA,202412280ATL
Isaiah Stevens,Reserves: Did Not Play,MIA,202412280ATL
Trae Young,Starter,ATL,202412280ATL
Jalen Johnson,Starter,ATL,202412280ATL
Zaccharie Risacher,Starter,ATL,202412280ATL
Vit Krejci,Starter,ATL,202412280ATL
Clint Capela,Starter,ATL,202412280ATL
De'Andre Hunter,Reserves,ATL,202412280ATL
Garrison Mathews,Reserves,ATL,202412280ATL
Larry Nance Jr.,Reserves,ATL,202412280ATL
Keaton Wallace,Reserves,ATL,202412280ATL
Dominick Barlow,Reserves: Did Not Play,ATL,202412280ATL
Bogdan Bogdanović,Reserves: Did Not Dress,ATL,202412280ATL
David Roddy,Reserves: Did Not Play,ATL,202412280ATL
Jerami Grant,Starter,POR,202412030LAC
Deandre Ayton,Starter,POR,202412030LAC
Anfernee Simons,Starter,POR,202412030LAC
Toumani Camara,Starter,POR,202412030LAC
Shaedon Sharpe,Starter,POR,202412030LAC
Deni Avdija,Reserves,POR,202412030LAC
Dalano Banton,Reserves,POR,202412030LAC
Jabari Walker,Reserves,POR,202412030LAC
Rayan Rupert,Reserves,POR,202412030LAC
Duop Reath,Reserves,POR,202412030LAC
Kris Murray,Reserves,POR,202412030LAC
Donovan Clingan,Reserves: Did Not Dress,POR,202412030LAC
Scoot Henderson,Reserves: Did Not Dress,POR,202412030LAC
Matisse Thybulle,Reserves: Did Not Dress,POR,202412030LAC
Robert Williams,Reserves,POR,202412030LAC
James Harden,Starter,LAC,202412030LAC
Ivica Zubac,Starter,LAC,202412030LAC
Norman Powell,Starter,LAC,202412030LAC
Derrick Jones Jr.,Starter,LAC,202412030LAC
Kris Dunn,Starter,LAC,202412030LAC
Jordan Miller,Reserves,LAC,202412030LAC
Amir Coffey,Reserves,LAC,202412030LAC
Nicolas Batum,Reserves,LAC,202412030LAC
Mo Bamba,Reserves,LAC,202412030LAC
Terance Mann,Reserves,LAC,202412030LAC
Bones Hyland,Reserves,LAC,202412030LAC
Kai Jones,Reserves,LAC,202412030LAC
Tyrese Maxey,Starter,PHI,202501010SAC
Caleb Martin,Starter,PHI,202501010SAC
Paul George,Starter,PHI,202501010SAC
Guerschon Yabusele,Starter,PHI,202501010SAC
Kyle Lowry,Starter,PHI,202501010SAC
Eric Gordon,Reserves,PHI,202501010SAC
Andre Drummond,Reserves,PHI,202501010SAC
Reggie Jackson,Reserves,PHI,202501010SAC
Ricky Council IV,Reserves,PHI,202501010SAC
Justin Edwards,Reserves,PHI,202501010SAC
Adem Bona,Reserves: Did Not Play,PHI,202501010SAC
Jeff Dowtin,Reserves: Did Not Play,PHI,202501010SAC
Kelly Oubre Jr.,Reserves: Did Not Dress,PHI,202501010SAC
Keon Ellis,Starter,SAC,202501010SAC
De'Aaron Fox,Starter,SAC,202501010SAC
Domantas Sabonis,Starter,SAC,202501010SAC
Malik Monk,Starter,SAC,202501010SAC
DeMar DeRozan,Starter,SAC,202501010SAC
Trey Lyles,Reserves,SAC,202501010SAC
Kevin Huerter,Reserves,SAC,202501010SAC
Doug McDermott,Reserves,SAC,202501010SAC
Alex Len,Reserves,SAC,202501010SAC
Isaiah Crawford,Reserves: Did Not Play,SAC,202501010SAC
Jae Crowder,Reserves: Did Not Play,SAC,202501010SAC
Colby Jones,Reserves: Did Not Play,SAC,202501010SAC
Isaac Jones,Reserves: Did Not Play,SAC,202501010SAC
Jordan McLaughlin,Reserves: Did Not Play,SAC,202501010SAC
Orlando Robinson,Reserves: Did Not Play,SAC,202501010SAC
Tristan Da Silva,Starter,ORL,202501030TOR
Kentavious Caldwell-Pope,Starter,ORL,202501030TOR
Goga Bitadze,Starter,ORL,202501030TOR
Caleb Houstan,Starter,ORL,202501030TOR
Jalen Suggs,Starter,ORL,202501030TOR
Cole Anthony,Reserves,ORL,202501030TOR
Wendell Carter Jr.,Reserves,ORL,202501030TOR
Cory Joseph,Reserves,ORL,202501030TOR
Jonathan Isaac,Reserves,ORL,202501030TOR
Trevelin Queen,Reserves,ORL,202501030TOR
Jett Howard,Reserves,ORL,202501030TOR
Scottie Barnes,Starter,TOR,202501030TOR
Jakob Poeltl,Starter,TOR,202501030TOR
Immanuel Quickley,Starter,TOR,202501030TOR
Ochai Agbaji,Starter,TOR,202501030TOR
Gradey Dick,Starter,TOR,202501030TOR
Ja'Kobe Walter,Reserves,TOR,202501030TOR
Kelly Olynyk,Reserves,TOR,202501030TOR
Jamal Shead,Reserves,TOR,202501030TOR
Davion Mitchell,Reserves,TOR,202501030TOR
Bruce Brown,Reserves,TOR,202501030TOR
Chris Boucher,Reserves: Did Not Play,TOR,202501030TOR
Bruno Fernando,Reserves: Did Not Play,TOR,202501030TOR
Garrett Temple,Reserves: Did Not Play,TOR,202501030TOR
Ayo Dosunmu,Starter,CHI,202412050SAS
Nikola Vučević,Starter,CHI,202412050SAS
Zach LaVine,Starter,CHI,202412050SAS
Julian Phillips,Starter,CHI,202412050SAS
Josh Giddey,Starter,CHI,202412050SAS
Dalen Terry,Reserves,CHI,202412050SAS
Talen Horton-Tucker,Reserves,CHI,202412050SAS
Matas Buzelis,Reserves,CHI,202412050SAS
Jalen Smith,Reserves,CHI,202412050SAS
Chris Duarte,Reserves,CHI,202412050SAS
Jevon Carter,Reserves,CHI,202412050SAS
Torrey Craig,Reserves: Did Not Play,CHI,202412050SAS
Jeremy Sochan,Starter,SAS,202412050SAS
Chris Paul,Starter,SAS,202412050SAS
Julian Champagnie,Starter,SAS,202412050SAS
Stephon Castle,Starter,SAS,202412050SAS
Harrison Barnes,Starter,SAS,202412050SAS
Keldon Johnson,Reserves,SAS,202412050SAS
Devin Vassell,Reserves,SAS,202412050SAS
Zach Collins,Reserves,SAS,202412050SAS
Charles Bassey,Reserves,SAS,202412050SAS
Blake Wesley,Reserves,SAS,202412050SAS
Sandro Mamukelashvili,Reserves,SAS,202412050SAS
Malaki Branham,Reserves,SAS,202412050SAS
Sidy Cissoko,Reserves,SAS,202412050SAS
Toumani Camara,Starter,POR,202412230DAL
Anfernee Simons,Starter,POR,202412230DAL
Deandre Ayton,Starter,POR,202412230DAL
Shaedon Sharpe,Starter,POR,202412230DAL
Jerami Grant,Starter,POR,202412230DAL
Scoot Henderson,Reserves,POR,202412230DAL
Deni Avdija,Reserves,POR,202412230DAL
Kris Murray,Reserves,POR,202412230DAL
Donovan Clingan,Reserves,POR,202412230DAL
Dalano Banton,Reserves,POR,202412230DAL
Jabari Walker,Reserves,POR,202412230DAL
Rayan Rupert,Reserves,POR,202412230DAL
Duop Reath,Reserves: Did Not Play,POR,202412230DAL
Matisse Thybulle,Reserves: Did Not Dress,POR,202412230DAL
Robert Williams,Reserves: Did Not Dress,POR,202412230DAL
Luka Dončić,Starter,DAL,202412230DAL
Kyrie Irving,Starter,DAL,202412230DAL
P.J. Washington,Starter,DAL,202412230DAL
Klay Thompson,Starter,DAL,202412230DAL
Dereck Lively II,Starter,DAL,202412230DAL
Daniel Gafford,Reserves,DAL,202412230DAL
Quentin Grimes,Reserves,DAL,202412230DAL
Maxi Kleber,Reserves,DAL,202412230DAL
Naji Marshall,Reserves,DAL,202412230DAL
Spencer Dinwiddie,Reserves,DAL,202412230DAL
Olivier-Maxence Prosper,Reserves,DAL,202412230DAL
Dwight Powell,Reserves,DAL,202412230DAL
Jazian Gortman,Reserves,DAL,202412230DAL
Kessler Edwards,Reserves,DAL,202412230DAL
Markieff Morris,Reserves: Did Not Play,DAL,202412230DAL
Devin Vassell,Starter,SAS,202501030DEN
Victor Wembanyama,Starter,SAS,202501030DEN
Harrison Barnes,Starter,SAS,202501030DEN
Chris Paul,Starter,SAS,202501030DEN
Stephon Castle,Starter,SAS,202501030DEN
Keldon Johnson,Reserves,SAS,202501030DEN
Julian Champagnie,Reserves,SAS,202501030DEN
Tre Jones,Reserves,SAS,202501030DEN
Zach Collins,Reserves,SAS,202501030DEN
Charles Bassey,Reserves: Did Not Play,SAS,202501030DEN
Malaki Branham,Reserves: Did Not Play,SAS,202501030DEN
Sidy Cissoko,Reserves: Did Not Play,SAS,202501030DEN
Sandro Mamukelashvili,Reserves: Did Not Play,SAS,202501030DEN
Blake Wesley,Reserves: Did Not Play,SAS,202501030DEN
Christian Braun,Starter,DEN,202501030DEN
Michael Porter Jr.,Starter,DEN,202501030DEN
Nikola Jokić,Starter,DEN,202501030DEN
Jamal Murray,Starter,DEN,202501030DEN
Russell Westbrook,Starter,DEN,202501030DEN
Julian Strawther,Reserves,DEN,202501030DEN
Peyton Watson,Reserves,DEN,202501030DEN
Hunter Tyson,Reserves,DEN,202501030DEN
DeAndre Jordan,Reserves,DEN,202501030DEN
Spencer Jones,Reserves: Did Not Play,DEN,202501030DEN
Zeke Nnaji,Reserves: Did Not Play,DEN,202501030DEN
Jalen Pickett,Reserves: Did Not Play,DEN,202501030DEN
Dario Šarić,Reserves: Did Not Play,DEN,202501030DEN
Anthony Edwards,Starter,MIN,202501290PHO
Jaden McDaniels,Starter,MIN,202501290PHO
Julius Randle,Starter,MIN,202501290PHO
Rudy Gobert,Starter,MIN,202501290PHO
Mike Conley,Starter,MIN,202501290PHO
Nickeil Alexander-Walker,Reserves,MIN,202501290PHO
Rob Dillingham,Reserves,MIN,202501290PHO
Jaylen Clark,Reserves,MIN,202501290PHO
Luka Garza,Reserves,MIN,202501290PHO
Josh Minott,Reserves,MIN,202501290PHO
Joe Ingles,Reserves: Did Not Play,MIN,202501290PHO
Leonard Miller,Reserves: Did Not Play,MIN,202501290PHO
Devin Booker,Starter,PHO,202501290PHO
Kevin Durant,Starter,PHO,202501290PHO
Royce O'Neale,Starter,PHO,202501290PHO
Nick Richards,Starter,PHO,202501290PHO
Tyus Jones,Starter,PHO,202501290PHO
Grayson Allen,Reserves,PHO,202501290PHO
Bradley Beal,Reserves,PHO,202501290PHO
Mason Plumlee,Reserves,PHO,202501290PHO
Ryan Dunn,Reserves,PHO,202501290PHO
Collin Gillespie,Reserves,PHO,202501290PHO
Oso Ighodaro,Reserves,PHO,202501290PHO
Bol Bol,Reserves: Did Not Play,PHO,202501290PHO
Damion Lee,Reserves: Did Not Play,PHO,202501290PHO
Monte Morris,Reserves: Did Not Play,PHO,202501290PHO
Jusuf Nurkić,Reserves: Did Not Play,PHO,202501290PHO
Nikola Jokić,Starter,DEN,202412220NOP
Jamal Murray,Starter,DEN,202412220NOP
Christian Braun,Starter,DEN,202412220NOP
Aaron Gordon,Starter,DEN,202412220NOP
Michael Porter Jr.,Starter,DEN,202412220NOP
Russell Westbrook,Reserves,DEN,202412220NOP
Julian Strawther,Reserves,DEN,202412220NOP
Peyton Watson,Reserves,DEN,202412220NOP
DeAndre Jordan,Reserves,DEN,202412220NOP
PJ Hall,Reserves: Did Not Play,DEN,202412220NOP
Spencer Jones,Reserves: Did Not Play,DEN,202412220NOP
Zeke Nnaji,Reserves: Did Not Play,DEN,202412220NOP
Jalen Pickett,Reserves: Did Not Play,DEN,202412220NOP
Dario Šarić,Reserves: Did Not Play,DEN,202412220NOP
Hunter Tyson,Reserves: Did Not Play,DEN,202412220NOP
Dejounte Murray,Starter,NOP,202412220NOP
Yves Missi,Starter,NOP,202412220NOP
Herbert Jones,Starter,NOP,202412220NOP
CJ McCollum,Starter,NOP,202412220NOP
Trey Murphy III,Starter,NOP,202412220NOP
Jordan Hawkins,Reserves,NOP,202412220NOP
Brandon Boston Jr.,Reserves,NOP,202412220NOP
Javonte Green,Reserves,NOP,202412220NOP
Daniel Theis,Reserves,NOP,202412220NOP
Jose Alvarado,Reserves: Did Not Dress,NOP,202412220NOP
Antonio Reeves,Reserves: Did Not Play,NOP,202412220NOP
Jeremiah Robinson-Earl,Reserves: Did Not Play,NOP,202412220NOP
Max Christie,Starter,LAL,202501270CHO
Austin Reaves,Starter,LAL,202501270CHO
Anthony Davis,Starter,LAL,202501270CHO
LeBron James,Starter,LAL,202501270CHO
Dorian Finney-Smith,Starter,LAL,202501270CHO
Dalton Knecht,Reserves,LAL,202501270CHO
Jaxson Hayes,Reserves,LAL,202501270CHO
Jarred Vanderbilt,Reserves,LAL,202501270CHO
Shake Milton,Reserves,LAL,202501270CHO
Rui Hachimura,Reserves: Did Not Dress,LAL,202501270CHO
Christian Koloko,Reserves: Did Not Play,LAL,202501270CHO
Cam Reddish,Reserves: Did Not Play,LAL,202501270CHO
Miles Bridges,Starter,CHO,202501270CHO
Mark Williams,Starter,CHO,202501270CHO
Josh Green,Starter,CHO,202501270CHO
Nick Smith Jr.,Starter,CHO,202501270CHO
LaMelo Ball,Starter,CHO,202501270CHO
Vasilije Micić,Reserves,CHO,202501270CHO
Josh Okogie,Reserves,CHO,202501270CHO
DaQuan Jeffries,Reserves,CHO,202501270CHO
Seth Curry,Reserves,CHO,202501270CHO
Moussa Diabaté,Reserves,CHO,202501270CHO
Isaiah Wong,Reserves,CHO,202501270CHO
Taj Gibson,Reserves,CHO,202501270CHO
Austin Reaves,Starter,LAL,202501300WAS
Max Christie,Starter,LAL,202501300WAS
LeBron James,Starter,LAL,202501300WAS
Rui Hachimura,Starter,LAL,202501300WAS
Jaxson Hayes,Starter,LAL,202501300WAS
Shake Milton,Reserves,LAL,202501300WAS
Dalton Knecht,Reserves,LAL,202501300WAS
Trey Jemison,Reserves,LAL,202501300WAS
Jarred Vanderbilt,Reserves,LAL,202501300WAS
Bronny James,Reserves,LAL,202501300WAS
Christian Koloko,Reserves,LAL,202501300WAS
Cam Reddish,Reserves: Did Not Play,LAL,202501300WAS
Kyshawn George,Starter,WAS,202501300WAS
Bilal Coulibaly,Starter,WAS,202501300WAS
Jordan Poole,Starter,WAS,202501300WAS
Kyle Kuzma,Starter,WAS,202501300WAS
Jonas Valančiūnas,Starter,WAS,202501300WAS
Bub Carrington,Reserves,WAS,202501300WAS
Corey Kispert,Reserves,WAS,202501300WAS
Jared Butler,Reserves,WAS,202501300WAS
Justin Champagnie,Reserves,WAS,202501300WAS
Richaun Holmes,Reserves,WAS,202501300WAS
Tristan Vukcevic,Reserves,WAS,202501300WAS
Johnny Davis,Reserves,WAS,202501300WAS
Patrick Baldwin Jr.,Reserves,WAS,202501300WAS
Anthony Gill,Reserves,WAS,202501300WAS
Derrick White,Starter,BOS,202501030HOU
Jayson Tatum,Starter,BOS,202501030HOU
Jrue Holiday,Starter,BOS,202501030HOU
Kristaps Porziņģis,Starter,BOS,202501030HOU
Sam Hauser,Starter,BOS,202501030HOU
Payton Pritchard,Reserves,BOS,202501030HOU
Luke Kornet,Reserves,BOS,202501030HOU
Neemias Queta,Reserves,BOS,202501030HOU
Jordan Walsh,Reserves,BOS,202501030HOU
Drew Peterson,Reserves,BOS,202501030HOU
Xavier Tillman Sr.,Reserves,BOS,202501030HOU
Jaden Springer,Reserves,BOS,202501030HOU
Al Horford,Reserves: Did Not Dress,BOS,202501030HOU
Jalen Green,Starter,HOU,202501030HOU
Fred VanVleet,Starter,HOU,202501030HOU
Dillon Brooks,Starter,HOU,202501030HOU
Alperen Şengün,Starter,HOU,202501030HOU
Jeff Green,Starter,HOU,202501030HOU
Cam Whitmore,Reserves,HOU,202501030HOU
Aaron Holiday,Reserves,HOU,202501030HOU
Jae'Sean Tate,Reserves,HOU,202501030HOU
Steven Adams,Reserves,HOU,202501030HOU
Jock Landale,Reserves,HOU,202501030HOU
Reed Sheppard,Reserves,HOU,202501030HOU
Tari Eason,Reserves: Did Not Dress,HOU,202501030HOU
Jabari Smith Jr.,Reserves: Did Not Dress,HOU,202501030HOU
Amen Thompson,Reserves,HOU,202501030HOU
Jrue Holiday,Starter,BOS,202501020MIN
Jayson Tatum,Starter,BOS,202501020MIN
Derrick White,Starter,BOS,202501020MIN
Al Horford,Starter,BOS,202501020MIN
Sam Hauser,Starter,BOS,202501020MIN
Payton Pritchard,Reserves,BOS,202501020MIN
Neemias Queta,Reserves,BOS,202501020MIN
Luke Kornet,Reserves,BOS,202501020MIN
Jordan Walsh,Reserves,BOS,202501020MIN
Jaylen Brown,Reserves: Did Not Dress,BOS,202501020MIN
Drew Peterson,Reserves: Did Not Play,BOS,202501020MIN
Jaden Springer,Reserves: Did Not Play,BOS,202501020MIN
Xavier Tillman Sr.,Reserves: Did Not Play,BOS,202501020MIN
Julius Randle,Starter,MIN,202501020MIN
Anthony Edwards,Starter,MIN,202501020MIN
Jaden McDaniels,Starter,MIN,202501020MIN
Rudy Gobert,Starter,MIN,202501020MIN
Mike Conley,Starter,MIN,202501020MIN
Donte DiVincenzo,Reserves,MIN,202501020MIN
Naz Reid,Reserves,MIN,202501020MIN
Nickeil Alexander-Walker,Reserves,MIN,202501020MIN
Josh Minott,Reserves,MIN,202501020MIN
Joe Ingles,Reserves: Did Not Play,MIN,202501020MIN
Leonard Miller,Reserves: Did Not Play,MIN,202501020MIN
Daishen Nix,Reserves: Did Not Play,MIN,202501020MIN
Terrence Shannon Jr. ,Reserves: Did Not Play,MIN,202501020MIN
Scottie Barnes,Starter,TOR,202501250ATL
RJ Barrett,Starter,TOR,202501250ATL
Jakob Poeltl,Starter,TOR,202501250ATL
Davion Mitchell,Starter,TOR,202501250ATL
Gradey Dick,Starter,TOR,202501250ATL
Bruce Brown,Reserves,TOR,202501250ATL
Jamal Shead,Reserves,TOR,202501250ATL
Chris Boucher,Reserves,TOR,202501250ATL
Orlando Robinson,Reserves,TOR,202501250ATL
Ja'Kobe Walter,Reserves,TOR,202501250ATL
Garrett Temple,Reserves,TOR,202501250ATL
Kelly Olynyk,Reserves: Did Not Dress,TOR,202501250ATL
Trae Young,Starter,ATL,202501250ATL
Vit Krejci,Starter,ATL,202501250ATL
Dyson Daniels,Starter,ATL,202501250ATL
Onyeka Okongwu,Starter,ATL,202501250ATL
Larry Nance Jr.,Starter,ATL,202501250ATL
Bogdan Bogdanović,Reserves,ATL,202501250ATL
Garrison Mathews,Reserves,ATL,202501250ATL
Clint Capela,Reserves,ATL,202501250ATL
Daeqwon Plowden,Reserves,ATL,202501250ATL
David Roddy,Reserves,ATL,202501250ATL
Dominick Barlow,Reserves,ATL,202501250ATL
Zaccharie Risacher,Reserves: Did Not Dress,ATL,202501250ATL
Herbert Jones,Starter,NOP,202412150IND
Trey Murphy III,Starter,NOP,202412150IND
Dejounte Murray,Starter,NOP,202412150IND
Yves Missi,Starter,NOP,202412150IND
CJ McCollum,Starter,NOP,202412150IND
Brandon Boston Jr.,Reserves,NOP,202412150IND
Javonte Green,Reserves,NOP,202412150IND
Daniel Theis,Reserves,NOP,202412150IND
Jamal Cain,Reserves,NOP,202412150IND
Jordan Hawkins,Reserves: Did Not Dress,NOP,202412150IND
Trey Jemison,Reserves: Did Not Play,NOP,202412150IND
Antonio Reeves,Reserves: Did Not Play,NOP,202412150IND
Pascal Siakam,Starter,IND,202412150IND
Tyrese Haliburton,Starter,IND,202412150IND
Bennedict Mathurin,Starter,IND,202412150IND
Myles Turner,Starter,IND,202412150IND
Andrew Nembhard,Starter,IND,202412150IND
Jarace Walker,Reserves,IND,202412150IND
Obi Toppin,Reserves,IND,202412150IND
T.J. McConnell,Reserves,IND,202412150IND
Johnny Furphy,Reserves,IND,202412150IND
Thomas Bryant,Reserves,IND,202412150IND
Enrique Freeman,Reserves: Did Not Play,IND,202412150IND
Quenton Jackson,Reserves: Did Not Play,IND,202412150IND
James Johnson,Reserves: Did Not Play,IND,202412150IND
Aaron Nesmith,Reserves: Did Not Dress,IND,202412150IND
Ben Sheppard,Reserves: Did Not Dress,IND,202412150IND
Josh Hart,Starter,NYK,202501030OKC
OG Anunoby,Starter,NYK,202501030OKC
Karl-Anthony Towns,Starter,NYK,202501030OKC
Mikal Bridges,Starter,NYK,202501030OKC
Jalen Brunson,Starter,NYK,202501030OKC
Landry Shamet,Reserves,NYK,202501030OKC
Precious Achiuwa,Reserves,NYK,202501030OKC
Cameron Payne,Reserves,NYK,202501030OKC
Tyler Kolek,Reserves: Did Not Play,NYK,202501030OKC
Miles McBride,Reserves: Did Not Dress,NYK,202501030OKC
Matt Ryan,Reserves: Did Not Play,NYK,202501030OKC
Jericho Sims,Reserves: Did Not Play,NYK,202501030OKC
Jacob Toppin,Reserves: Did Not Play,NYK,202501030OKC
Jalen Williams,Starter,OKC,202501030OKC
Shai Gilgeous-Alexander,Starter,OKC,202501030OKC
Luguentz Dort,Starter,OKC,202501030OKC
Cason Wallace,Starter,OKC,202501030OKC
Isaiah Hartenstein,Starter,OKC,202501030OKC
Aaron Wiggins,Reserves,OKC,202501030OKC
Isaiah Joe,Reserves,OKC,202501030OKC
Ajay Mitchell,Reserves,OKC,202501030OKC
Kenrich Williams,Reserves,OKC,202501030OKC
Jaylin Williams,Reserves,OKC,202501030OKC
Branden Carlson,Reserves: Did Not Play,OKC,202501030OKC
Ousmane Dieng,Reserves: Did Not Play,OKC,202501030OKC
Dillon Jones,Reserves: Did Not Play,OKC,202501030OKC
Amir Coffey,Starter,LAC,202501020OKC
Kris Dunn,Starter,LAC,202501020OKC
Norman Powell,Starter,LAC,202501020OKC
Derrick Jones Jr.,Starter,LAC,202501020OKC
Ivica Zubac,Starter,LAC,202501020OKC
Kevin Porter Jr.,Reserves,LAC,202501020OKC
Jordan Miller,Reserves,LAC,202501020OKC
Nicolas Batum,Reserves,LAC,202501020OKC
Mo Bamba,Reserves,LAC,202501020OKC
Kobe Brown,Reserves,LAC,202501020OKC
Kai Jones,Reserves,LAC,202501020OKC
Bones Hyland,Reserves,LAC,202501020OKC
Shai Gilgeous-Alexander,Starter,OKC,202501020OKC
Jalen Williams,Starter,OKC,202501020OKC
Aaron Wiggins,Starter,OKC,202501020OKC
Isaiah Hartenstein,Starter,OKC,202501020OKC
Luguentz Dort,Starter,OKC,202501020OKC
Ajay Mitchell,Reserves,OKC,202501020OKC
Jaylin Williams,Reserves,OKC,202501020OKC
Isaiah Joe,Reserves,OKC,202501020OKC
Cason Wallace,Reserves,OKC,202501020OKC
Kenrich Williams,Reserves,OKC,202501020OKC
Dillon Jones,Reserves,OKC,202501020OKC
Ousmane Dieng,Reserves,OKC,202501020OKC
Branden Carlson,Reserves,OKC,202501020OKC
Jamal Murray,Starter,DEN,202412250PHO
Nikola Jokić,Starter,DEN,202412250PHO
Michael Porter Jr.,Starter,DEN,202412250PHO
Christian Braun,Starter,DEN,202412250PHO
Aaron Gordon,Starter,DEN,202412250PHO
Russell Westbrook,Reserves,DEN,202412250PHO
Peyton Watson,Reserves,DEN,202412250PHO
Julian Strawther,Reserves,DEN,202412250PHO
DeAndre Jordan,Reserves,DEN,202412250PHO
Trey Alexander,Reserves: Did Not Play,DEN,202412250PHO
Spencer Jones,Reserves: Did Not Play,DEN,202412250PHO
Zeke Nnaji,Reserves: Did Not Play,DEN,202412250PHO
Jalen Pickett,Reserves: Did Not Play,DEN,202412250PHO
Dario Šarić,Reserves: Did Not Play,DEN,202412250PHO
Hunter Tyson,Reserves: Did Not Play,DEN,202412250PHO
Bradley Beal,Starter,PHO,202412250PHO
Kevin Durant,Starter,PHO,202412250PHO
Tyus Jones,Starter,PHO,202412250PHO
Jusuf Nurkić,Starter,PHO,202412250PHO
Ryan Dunn,Starter,PHO,202412250PHO
Royce O'Neale,Reserves,PHO,202412250PHO
Monte Morris,Reserves,PHO,202412250PHO
Josh Okogie,Reserves,PHO,202412250PHO
Mason Plumlee,Reserves,PHO,202412250PHO
Oso Ighodaro,Reserves,PHO,202412250PHO
Jalen Bridges,Reserves: Did Not Play,PHO,202412250PHO
Damion Lee,Reserves: Did Not Play,PHO,202412250PHO
Anthony Edwards,Starter,MIN,202412310OKC
Rudy Gobert,Starter,MIN,202412310OKC
Jaden McDaniels,Starter,MIN,202412310OKC
Julius Randle,Starter,MIN,202412310OKC
Mike Conley,Starter,MIN,202412310OKC
Naz Reid,Reserves,MIN,202412310OKC
Donte DiVincenzo,Reserves,MIN,202412310OKC
Nickeil Alexander-Walker,Reserves,MIN,202412310OKC
Josh Minott,Reserves,MIN,202412310OKC
Joe Ingles,Reserves: Did Not Play,MIN,202412310OKC
Leonard Miller,Reserves: Did Not Play,MIN,202412310OKC
Daishen Nix,Reserves: Did Not Play,MIN,202412310OKC
Terrence Shannon Jr. ,Reserves: Did Not Play,MIN,202412310OKC
Jalen Williams,Starter,OKC,202412310OKC
Luguentz Dort,Starter,OKC,202412310OKC
Shai Gilgeous-Alexander,Starter,OKC,202412310OKC
Isaiah Hartenstein,Starter,OKC,202412310OKC
Cason Wallace,Starter,OKC,202412310OKC
Ajay Mitchell,Reserves,OKC,202412310OKC
Kenrich Williams,Reserves,OKC,202412310OKC
Aaron Wiggins,Reserves,OKC,202412310OKC
Isaiah Joe,Reserves,OKC,202412310OKC
Jaylin Williams,Reserves,OKC,202412310OKC
Branden Carlson,Reserves: Did Not Play,OKC,202412310OKC
Ousmane Dieng,Reserves: Did Not Play,OKC,202412310OKC
Dillon Jones,Reserves: Did Not Play,OKC,202412310OKC
Rui Hachimura,Starter,LAL,202412010UTA
Anthony Davis,Starter,LAL,202412010UTA
LeBron James,Starter,LAL,202412010UTA
Gabe Vincent,Starter,LAL,202412010UTA
Dalton Knecht,Starter,LAL,202412010UTA
Max Christie,Reserves,LAL,202412010UTA
Jalen Hood-Schifino,Reserves,LAL,202412010UTA
Armel Traoré,Reserves,LAL,202412010UTA
Christian Koloko,Reserves,LAL,202412010UTA
Bronny James,Reserves: Did Not Dress,LAL,202412010UTA
Maxwell Lewis,Reserves: Did Not Play,LAL,202412010UTA
Cam Reddish,Reserves: Did Not Dress,LAL,202412010UTA
Lauri Markkanen,Starter,UTA,202412010UTA
John Collins,Starter,UTA,202412010UTA
Walker Kessler,Starter,UTA,202412010UTA
Keyonte George,Starter,UTA,202412010UTA
Collin Sexton,Starter,UTA,202412010UTA
Brice Sensabaugh,Reserves,UTA,202412010UTA
Johnny Juzang,Reserves,UTA,202412010UTA
Micah Potter,Reserves,UTA,202412010UTA
Isaiah Collier,Reserves,UTA,202412010UTA
Drew Eubanks,Reserves,UTA,202412010UTA
Patty Mills,Reserves: Did Not Play,UTA,202412010UTA
Svi Mykhailiuk,Reserves: Did Not Play,UTA,202412010UTA
Noah Clowney,Starter,BRK,202501170LAL
Nic Claxton,Starter,BRK,202501170LAL
Ben Simmons,Starter,BRK,202501170LAL
Ziaire Williams,Starter,BRK,202501170LAL
Keon Johnson,Starter,BRK,202501170LAL
D'Angelo Russell,Reserves,BRK,202501170LAL
Tosan Evbuomwan,Reserves,BRK,202501170LAL
Jalen Wilson,Reserves,BRK,202501170LAL
Tyrese Martin,Reserves,BRK,202501170LAL
Day'Ron Sharpe,Reserves,BRK,202501170LAL
Reece Beekman,Reserves: Did Not Play,BRK,202501170LAL
Cameron Johnson,Reserves: Did Not Dress,BRK,202501170LAL
Austin Reaves,Starter,LAL,202501170LAL
LeBron James,Starter,LAL,202501170LAL
Max Christie,Starter,LAL,202501170LAL
Jaxson Hayes,Starter,LAL,202501170LAL
Rui Hachimura,Starter,LAL,202501170LAL
Gabe Vincent,Reserves,LAL,202501170LAL
Dalton Knecht,Reserves,LAL,202501170LAL
Trey Jemison,Reserves,LAL,202501170LAL
Shake Milton,Reserves,LAL,202501170LAL
Anthony Davis,Reserves: Did Not Dress,LAL,202501170LAL
Bronny James,Reserves: Did Not Play,LAL,202501170LAL
Cam Reddish,Reserves: Did Not Play,LAL,202501170LAL
Devin Booker,Starter,PHO,202501200CLE
Kevin Durant,Starter,PHO,202501200CLE
Tyus Jones,Starter,PHO,202501200CLE
Nick Richards,Starter,PHO,202501200CLE
Ryan Dunn,Starter,PHO,202501200CLE
Grayson Allen,Reserves,PHO,202501200CLE
Bradley Beal,Reserves,PHO,202501200CLE
Royce O'Neale,Reserves,PHO,202501200CLE
Damion Lee,Reserves,PHO,202501200CLE
Monte Morris,Reserves,PHO,202501200CLE
Bol Bol,Reserves,PHO,202501200CLE
Oso Ighodaro,Reserves,PHO,202501200CLE
Mason Plumlee,Reserves,PHO,202501200CLE
Donovan Mitchell,Starter,CLE,202501200CLE
Darius Garland,Starter,CLE,202501200CLE
Jarrett Allen,Starter,CLE,202501200CLE
Max Strus,Starter,CLE,202501200CLE
Dean Wade,Starter,CLE,202501200CLE
Tristan Thompson,Reserves,CLE,202501200CLE
Georges Niang,Reserves,CLE,202501200CLE
Sam Merrill,Reserves,CLE,202501200CLE
Ty Jerome,Reserves,CLE,202501200CLE
Jaylon Tyson,Reserves,CLE,202501200CLE
Craig Porter Jr.,Reserves,CLE,202501200CLE
JT Thor,Reserves,CLE,202501200CLE
Emoni Bates,Reserves,CLE,202501200CLE
Fred VanVleet,Starter,HOU,202501090MEM
Jalen Green,Starter,HOU,202501090MEM
Amen Thompson,Starter,HOU,202501090MEM
Alperen Şengün,Starter,HOU,202501090MEM
Dillon Brooks,Starter,HOU,202501090MEM
Jae'Sean Tate,Reserves,HOU,202501090MEM
Cam Whitmore,Reserves,HOU,202501090MEM
Steven Adams,Reserves,HOU,202501090MEM
Aaron Holiday,Reserves,HOU,202501090MEM
Tari Eason,Reserves: Did Not Dress,HOU,202501090MEM
Jeff Green,Reserves: Did Not Play,HOU,202501090MEM
Jock Landale,Reserves: Did Not Play,HOU,202501090MEM
Jabari Smith Jr.,Reserves: Did Not Dress,HOU,202501090MEM
Jeenathan Williams,Reserves: Did Not Play,HOU,202501090MEM
Jaren Jackson Jr.,Starter,MEM,202501090MEM
Ja Morant,Starter,MEM,202501090MEM
Desmond Bane,Starter,MEM,202501090MEM
Jaylen Wells,Starter,MEM,202501090MEM
Zach Edey,Starter,MEM,202501090MEM
Luke Kennard,Reserves,MEM,202501090MEM
Santi Aldama,Reserves,MEM,202501090MEM
Jake LaRavia,Reserves,MEM,202501090MEM
Brandon Clarke,Reserves,MEM,202501090MEM
Scotty Pippen Jr.,Reserves,MEM,202501090MEM
Jay Huff,Reserves,MEM,202501090MEM
Colin Castleton,Reserves: Did Not Play,MEM,202501090MEM
Yuki Kawamura,Reserves: Did Not Play,MEM,202501090MEM
John Konchar,Reserves: Did Not Play,MEM,202501090MEM
Ivica Zubac,Starter,LAC,202501080DEN
Norman Powell,Starter,LAC,202501080DEN
James Harden,Starter,LAC,202501080DEN
Kris Dunn,Starter,LAC,202501080DEN
Derrick Jones Jr.,Starter,LAC,202501080DEN
Amir Coffey,Reserves,LAC,202501080DEN
Mo Bamba,Reserves,LAC,202501080DEN
Jordan Miller,Reserves,LAC,202501080DEN
Kevin Porter Jr.,Reserves,LAC,202501080DEN
Terance Mann,Reserves,LAC,202501080DEN
Kobe Brown,Reserves,LAC,202501080DEN
Bones Hyland,Reserves,LAC,202501080DEN
Nicolas Batum,Reserves,LAC,202501080DEN
Jamal Murray,Starter,DEN,202501080DEN
Russell Westbrook,Starter,DEN,202501080DEN
Christian Braun,Starter,DEN,202501080DEN
Michael Porter Jr.,Starter,DEN,202501080DEN
DeAndre Jordan,Starter,DEN,202501080DEN
Julian Strawther,Reserves,DEN,202501080DEN
Peyton Watson,Reserves,DEN,202501080DEN
Dario Šarić,Reserves,DEN,202501080DEN
Hunter Tyson,Reserves,DEN,202501080DEN
Jalen Pickett,Reserves,DEN,202501080DEN
Zeke Nnaji,Reserves,DEN,202501080DEN
Trey Alexander,Reserves,DEN,202501080DEN
Bilal Coulibaly,Starter,WAS,202412130CLE
Jordan Poole,Starter,WAS,202412130CLE
Justin Champagnie,Starter,WAS,202412130CLE
Carlton Carrington,Starter,WAS,202412130CLE
Alex Sarr,Starter,WAS,202412130CLE
Johnny Davis,Reserves,WAS,202412130CLE
Jared Butler,Reserves,WAS,202412130CLE
Jonas Valančiūnas,Reserves,WAS,202412130CLE
Anthony Gill,Reserves,WAS,202412130CLE
Marvin Bagley III,Reserves,WAS,202412130CLE
Richaun Holmes,Reserves: Did Not Play,WAS,202412130CLE
Corey Kispert,Reserves: Did Not Dress,WAS,202412130CLE
Donovan Mitchell,Starter,CLE,202412130CLE
Darius Garland,Starter,CLE,202412130CLE
Jarrett Allen,Starter,CLE,202412130CLE
Isaac Okoro,Starter,CLE,202412130CLE
Dean Wade,Starter,CLE,202412130CLE
Caris LeVert,Reserves,CLE,202412130CLE
Sam Merrill,Reserves,CLE,202412130CLE
Georges Niang,Reserves,CLE,202412130CLE
Tristan Thompson,Reserves,CLE,202412130CLE
Ty Jerome,Reserves,CLE,202412130CLE
JT Thor,Reserves: Did Not Play,CLE,202412130CLE
Jaylon Tyson,Reserves: Did Not Play,CLE,202412130CLE
Jaylen Brown,Starter,BOS,202501230LAL
Jayson Tatum,Starter,BOS,202501230LAL
Kristaps Porziņģis,Starter,BOS,202501230LAL
Jrue Holiday,Starter,BOS,202501230LAL
Derrick White,Starter,BOS,202501230LAL
Payton Pritchard,Reserves,BOS,202501230LAL
Al Horford,Reserves,BOS,202501230LAL
Sam Hauser,Reserves,BOS,202501230LAL
Luke Kornet,Reserves,BOS,202501230LAL
Jaden Springer,Reserves,BOS,202501230LAL
Neemias Queta,Reserves,BOS,202501230LAL
Jordan Walsh,Reserves,BOS,202501230LAL
Baylor Scheierman,Reserves,BOS,202501230LAL
Xavier Tillman Sr.,Reserves: Did Not Play,BOS,202501230LAL
Austin Reaves,Starter,LAL,202501230LAL
Anthony Davis,Starter,LAL,202501230LAL
LeBron James,Starter,LAL,202501230LAL
Max Christie,Starter,LAL,202501230LAL
Rui Hachimura,Starter,LAL,202501230LAL
Gabe Vincent,Reserves,LAL,202501230LAL
Dorian Finney-Smith,Reserves,LAL,202501230LAL
Jaxson Hayes,Reserves,LAL,202501230LAL
Dalton Knecht,Reserves,LAL,202501230LAL
Christian Koloko,Reserves,LAL,202501230LAL
Bronny James,Reserves,LAL,202501230LAL
Shake Milton,Reserves,LAL,202501230LAL
Cam Reddish,Reserves,LAL,202501230LAL
Trae Young,Starter,ATL,202501070UTA
Dyson Daniels,Starter,ATL,202501070UTA
Clint Capela,Starter,ATL,202501070UTA
Zaccharie Risacher,Starter,ATL,202501070UTA
Vit Krejci,Starter,ATL,202501070UTA
Bogdan Bogdanović,Reserves,ATL,202501070UTA
De'Andre Hunter,Reserves,ATL,202501070UTA
Onyeka Okongwu,Reserves,ATL,202501070UTA
Garrison Mathews,Reserves,ATL,202501070UTA
Dominick Barlow,Reserves: Did Not Play,ATL,202501070UTA
Kobe Bufkin,Reserves,ATL,202501070UTA
David Roddy,Reserves: Did Not Play,ATL,202501070UTA
Lauri Markkanen,Starter,UTA,202501070UTA
Collin Sexton,Starter,UTA,202501070UTA
Walker Kessler,Starter,UTA,202501070UTA
Isaiah Collier,Starter,UTA,202501070UTA
Johnny Juzang,Starter,UTA,202501070UTA
Cody Williams,Reserves,UTA,202501070UTA
Patty Mills,Reserves,UTA,202501070UTA
Drew Eubanks,Reserves,UTA,202501070UTA
Kyle Filipowski,Reserves,UTA,202501070UTA
Micah Potter,Reserves,UTA,202501070UTA
Keyonte George,Reserves: Did Not Dress,UTA,202501070UTA
Svi Mykhailiuk,Reserves: Did Not Play,UTA,202501070UTA
Julius Randle,Starter,MIN,202412230ATL
Anthony Edwards,Starter,MIN,202412230ATL
Rudy Gobert,Starter,MIN,202412230ATL
Mike Conley,Starter,MIN,202412230ATL
Jaden McDaniels,Starter,MIN,202412230ATL
Naz Reid,Reserves,MIN,202412230ATL
Nickeil Alexander-Walker,Reserves,MIN,202412230ATL
Donte DiVincenzo,Reserves,MIN,202412230ATL
Josh Minott,Reserves,MIN,202412230ATL
Leonard Miller,Reserves,MIN,202412230ATL
Terrence Shannon Jr. ,Reserves,MIN,202412230ATL
Rob Dillingham,Reserves,MIN,202412230ATL
PJ Dozier,Reserves,MIN,202412230ATL
Jaylen Clark,Reserves: Did Not Play,MIN,202412230ATL
Jesse Edwards,Reserves: Did Not Play,MIN,202412230ATL
Jalen Johnson,Starter,ATL,202412230ATL
Dyson Daniels,Starter,ATL,202412230ATL
Trae Young,Starter,ATL,202412230ATL
Clint Capela,Starter,ATL,202412230ATL
Zaccharie Risacher,Starter,ATL,202412230ATL
De'Andre Hunter,Reserves,ATL,202412230ATL
Garrison Mathews,Reserves,ATL,202412230ATL
Larry Nance Jr.,Reserves,ATL,202412230ATL
Vit Krejci,Reserves,ATL,202412230ATL
David Roddy,Reserves,ATL,202412230ATL
Keaton Wallace,Reserves,ATL,202412230ATL
Bogdan Bogdanović,Reserves: Did Not Dress,ATL,202412230ATL
Amen Thompson,Starter,HOU,202412080LAC
Dillon Brooks,Starter,HOU,202412080LAC
Alperen Şengün,Starter,HOU,202412080LAC
Jalen Green,Starter,HOU,202412080LAC
Jabari Smith Jr.,Starter,HOU,202412080LAC
Aaron Holiday,Reserves,HOU,202412080LAC
Jae'Sean Tate,Reserves,HOU,202412080LAC
Reed Sheppard,Reserves,HOU,202412080LAC
Steven Adams,Reserves,HOU,202412080LAC
Jeff Green,Reserves: Did Not Play,HOU,202412080LAC
Jock Landale,Reserves: Did Not Play,HOU,202412080LAC
Jack McVeigh,Reserves: Did Not Play,HOU,202412080LAC
Kevin Porter Jr.,Starter,LAC,202412080LAC
Ivica Zubac,Starter,LAC,202412080LAC
Norman Powell,Starter,LAC,202412080LAC
Kris Dunn,Starter,LAC,202412080LAC
Derrick Jones Jr.,Starter,LAC,202412080LAC
Jordan Miller,Reserves,LAC,202412080LAC
Bones Hyland,Reserves,LAC,202412080LAC
Nicolas Batum,Reserves,LAC,202412080LAC
Kai Jones,Reserves,LAC,202412080LAC
Cam Christie,Reserves: Did Not Play,LAC,202412080LAC
Amir Coffey,Reserves: Did Not Dress,LAC,202412080LAC
Trentyn Flowers,Reserves: Did Not Play,LAC,202412080LAC
Keon Johnson,Starter,BRK,202412290ORL
Nic Claxton,Starter,BRK,202412290ORL
Ben Simmons,Starter,BRK,202412290ORL
Noah Clowney,Starter,BRK,202412290ORL
Cameron Johnson,Starter,BRK,202412290ORL
Jalen Wilson,Reserves,BRK,202412290ORL
Cam Thomas,Reserves,BRK,202412290ORL
Tyrese Martin,Reserves,BRK,202412290ORL
Day'Ron Sharpe,Reserves,BRK,202412290ORL
Reece Beekman,Reserves: Did Not Play,BRK,202412290ORL
Trendon Watford,Reserves: Did Not Dress,BRK,202412290ORL
Ziaire Williams,Reserves: Did Not Dress,BRK,202412290ORL
Tristan Da Silva,Starter,ORL,202412290ORL
Kentavious Caldwell-Pope,Starter,ORL,202412290ORL
Goga Bitadze,Starter,ORL,202412290ORL
Wendell Carter Jr.,Starter,ORL,202412290ORL
Jalen Suggs,Starter,ORL,202412290ORL
Jonathan Isaac,Reserves,ORL,202412290ORL
Cole Anthony,Reserves,ORL,202412290ORL
Caleb Houstan,Reserves,ORL,202412290ORL
Gary Harris,Reserves,ORL,202412290ORL
Cory Joseph,Reserves,ORL,202412290ORL
Jett Howard,Reserves,ORL,202412290ORL
Trevelin Queen,Reserves,ORL,202412290ORL
Anthony Black,Reserves: Did Not Play,ORL,202412290ORL
Malik Beasley,Starter,DET,202501080BRK
Tobias Harris,Starter,DET,202501080BRK
Cade Cunningham,Starter,DET,202501080BRK
Tim Hardaway Jr.,Starter,DET,202501080BRK
Jalen Duren,Starter,DET,202501080BRK
Ron Holland,Reserves,DET,202501080BRK
Simone Fontecchio,Reserves,DET,202501080BRK
Marcus Sasser,Reserves,DET,202501080BRK
Isaiah Stewart,Reserves,DET,202501080BRK
Wendell Moore Jr.,Reserves,DET,202501080BRK
Paul Reed,Reserves,DET,202501080BRK
Bobi Klintman,Reserves,DET,202501080BRK
Daniss Jenkins,Reserves,DET,202501080BRK
Noah Clowney,Starter,BRK,202501080BRK
Tyrese Martin,Starter,BRK,202501080BRK
Nic Claxton,Starter,BRK,202501080BRK
Ziaire Williams,Starter,BRK,202501080BRK
Keon Johnson,Starter,BRK,202501080BRK
Jalen Wilson,Reserves,BRK,202501080BRK
Tosan Evbuomwan,Reserves,BRK,202501080BRK
Reece Beekman,Reserves,BRK,202501080BRK
Cameron Johnson,Reserves: Did Not Dress,BRK,202501080BRK
D'Angelo Russell,Reserves: Did Not Dress,BRK,202501080BRK
Day'Ron Sharpe,Reserves: Did Not Dress,BRK,202501080BRK
Trendon Watford,Reserves: Did Not Dress,BRK,202501080BRK
Herbert Jones,Starter,NOP,202501050WAS
CJ McCollum,Starter,NOP,202501050WAS
Dejounte Murray,Starter,NOP,202501050WAS
Yves Missi,Starter,NOP,202501050WAS
Trey Murphy III,Starter,NOP,202501050WAS
Brandon Boston Jr.,Reserves,NOP,202501050WAS
Daniel Theis,Reserves,NOP,202501050WAS
Jose Alvarado,Reserves,NOP,202501050WAS
Jordan Hawkins,Reserves,NOP,202501050WAS
Jeremiah Robinson-Earl,Reserves,NOP,202501050WAS
Javonte Green,Reserves: Did Not Play,NOP,202501050WAS
Antonio Reeves,Reserves: Did Not Play,NOP,202501050WAS
Carlton Carrington,Starter,WAS,202501050WAS
Kyle Kuzma,Starter,WAS,202501050WAS
Alex Sarr,Starter,WAS,202501050WAS
Justin Champagnie,Starter,WAS,202501050WAS
Malcolm Brogdon,Starter,WAS,202501050WAS
Kyshawn George,Reserves,WAS,202501050WAS
Corey Kispert,Reserves,WAS,202501050WAS
Jared Butler,Reserves,WAS,202501050WAS
Jonas Valančiūnas,Reserves,WAS,202501050WAS
Anthony Gill,Reserves,WAS,202501050WAS
Johnny Davis,Reserves,WAS,202501050WAS
Patrick Baldwin Jr.,Reserves: Did Not Play,WAS,202501050WAS
Richaun Holmes,Reserves: Did Not Play,WAS,202501050WAS
Russell Westbrook,Starter,DEN,202501290NYK
Jamal Murray,Starter,DEN,202501290NYK
Nikola Jokić,Starter,DEN,202501290NYK
Aaron Gordon,Starter,DEN,202501290NYK
Michael Porter Jr.,Starter,DEN,202501290NYK
Christian Braun,Reserves,DEN,202501290NYK
Peyton Watson,Reserves,DEN,202501290NYK
Julian Strawther,Reserves,DEN,202501290NYK
DeAndre Jordan,Reserves,DEN,202501290NYK
PJ Hall,Reserves: Did Not Play,DEN,202501290NYK
Zeke Nnaji,Reserves: Did Not Play,DEN,202501290NYK
Jalen Pickett,Reserves: Did Not Play,DEN,202501290NYK
Dario Šarić,Reserves: Did Not Play,DEN,202501290NYK
Hunter Tyson,Reserves: Did Not Play,DEN,202501290NYK
OG Anunoby,Starter,NYK,202501290NYK
Mikal Bridges,Starter,NYK,202501290NYK
Jalen Brunson,Starter,NYK,202501290NYK
Josh Hart,Starter,NYK,202501290NYK
Karl-Anthony Towns,Starter,NYK,202501290NYK
Precious Achiuwa,Reserves,NYK,202501290NYK
Miles McBride,Reserves,NYK,202501290NYK
Cameron Payne,Reserves,NYK,202501290NYK
Landry Shamet,Reserves,NYK,202501290NYK
Ariel Hukporti,Reserves: Did Not Play,NYK,202501290NYK
Tyler Kolek,Reserves: Did Not Play,NYK,202501290NYK
Matt Ryan,Reserves: Did Not Play,NYK,202501290NYK
Jericho Sims,Reserves: Did Not Play,NYK,202501290NYK
Jacob Toppin,Reserves: Did Not Play,NYK,202501290NYK
Paolo Banchero,Starter,ORL,202501300POR
Franz Wagner,Starter,ORL,202501300POR
Kentavious Caldwell-Pope,Starter,ORL,202501300POR
Anthony Black,Starter,ORL,202501300POR
Goga Bitadze,Starter,ORL,202501300POR
Wendell Carter Jr.,Reserves,ORL,202501300POR
Cole Anthony,Reserves,ORL,202501300POR
Tristan Da Silva,Reserves,ORL,202501300POR
Jonathan Isaac,Reserves,ORL,202501300POR
Gary Harris,Reserves,ORL,202501300POR
Trevelin Queen,Reserves,ORL,202501300POR
Caleb Houstan,Reserves,ORL,202501300POR
Jett Howard,Reserves,ORL,202501300POR
Cory Joseph,Reserves: Did Not Play,ORL,202501300POR
Jalen Suggs,Reserves: Did Not Dress,ORL,202501300POR
Toumani Camara,Starter,POR,202501300POR
Deandre Ayton,Starter,POR,202501300POR
Scoot Henderson,Starter,POR,202501300POR
Deni Avdija,Starter,POR,202501300POR
Anfernee Simons,Starter,POR,202501300POR
Shaedon Sharpe,Reserves,POR,202501300POR
Jabari Walker,Reserves,POR,202501300POR
Dalano Banton,Reserves,POR,202501300POR
Donovan Clingan,Reserves,POR,202501300POR
Kris Murray,Reserves,POR,202501300POR
Rayan Rupert,Reserves,POR,202501300POR
Duop Reath,Reserves,POR,202501300POR
Bryce McGowens,Reserves,POR,202501300POR
Taze Moore,Reserves: Did Not Play,POR,202501300POR
Robert Williams,Reserves: Did Not Play,POR,202501300POR
Norman Powell,Starter,LAC,202412310SAS
James Harden,Starter,LAC,202412310SAS
Kris Dunn,Starter,LAC,202412310SAS
Ivica Zubac,Starter,LAC,202412310SAS
Derrick Jones Jr.,Starter,LAC,202412310SAS
Amir Coffey,Reserves,LAC,202412310SAS
Bones Hyland,Reserves,LAC,202412310SAS
Kai Jones,Reserves,LAC,202412310SAS
Jordan Miller,Reserves,LAC,202412310SAS
Kevin Porter Jr.,Reserves,LAC,202412310SAS
Nicolas Batum,Reserves,LAC,202412310SAS
Kobe Brown,Reserves,LAC,202412310SAS
Mo Bamba,Reserves,LAC,202412310SAS
Devin Vassell,Starter,SAS,202412310SAS
Victor Wembanyama,Starter,SAS,202412310SAS
Harrison Barnes,Starter,SAS,202412310SAS
Chris Paul,Starter,SAS,202412310SAS
Jeremy Sochan,Starter,SAS,202412310SAS
Stephon Castle,Reserves,SAS,202412310SAS
Keldon Johnson,Reserves,SAS,202412310SAS
Tre Jones,Reserves,SAS,202412310SAS
Zach Collins,Reserves,SAS,202412310SAS
Julian Champagnie,Reserves,SAS,202412310SAS
Blake Wesley,Reserves,SAS,202412310SAS
Sandro Mamukelashvili,Reserves,SAS,202412310SAS
Malaki Branham,Reserves,SAS,202412310SAS
Charles Bassey,Reserves,SAS,202412310SAS
Sidy Cissoko,Reserves,SAS,202412310SAS
Shai Gilgeous-Alexander,Starter,OKC,202412050TOR
Jalen Williams,Starter,OKC,202412050TOR
Luguentz Dort,Starter,OKC,202412050TOR
Isaiah Hartenstein,Starter,OKC,202412050TOR
Isaiah Joe,Starter,OKC,202412050TOR
Cason Wallace,Reserves,OKC,202412050TOR
Aaron Wiggins,Reserves,OKC,202412050TOR
Ajay Mitchell,Reserves,OKC,202412050TOR
Alex Caruso,Reserves,OKC,202412050TOR
Kenrich Williams,Reserves,OKC,202412050TOR
Branden Carlson,Reserves,OKC,202412050TOR
Adam Flagler,Reserves,OKC,202412050TOR
RJ Barrett,Starter,TOR,202412050TOR
Scottie Barnes,Starter,TOR,202412050TOR
Gradey Dick,Starter,TOR,202412050TOR
Ochai Agbaji,Starter,TOR,202412050TOR
Bruno Fernando,Starter,TOR,202412050TOR
Davion Mitchell,Reserves,TOR,202412050TOR
Ja'Kobe Walter,Reserves,TOR,202412050TOR
Jonathan Mogbo,Reserves,TOR,202412050TOR
Chris Boucher,Reserves,TOR,202412050TOR
Jamison Battle,Reserves,TOR,202412050TOR
Jamal Shead,Reserves,TOR,202412050TOR
Garrett Temple,Reserves,TOR,202412050TOR
Derrick White,Starter,BOS,202501250DAL
Jayson Tatum,Starter,BOS,202501250DAL
Jaylen Brown,Starter,BOS,202501250DAL
Jrue Holiday,Starter,BOS,202501250DAL
Kristaps Porziņģis,Starter,BOS,202501250DAL
Payton Pritchard,Reserves,BOS,202501250DAL
Al Horford,Reserves,BOS,202501250DAL
Luke Kornet,Reserves,BOS,202501250DAL
Sam Hauser,Reserves,BOS,202501250DAL
Jaden Springer,Reserves,BOS,202501250DAL
Jordan Walsh,Reserves,BOS,202501250DAL
Neemias Queta,Reserves: Did Not Play,BOS,202501250DAL
Baylor Scheierman,Reserves: Did Not Play,BOS,202501250DAL
Xavier Tillman Sr.,Reserves: Did Not Play,BOS,202501250DAL
Kyrie Irving,Starter,DAL,202501250DAL
P.J. Washington,Starter,DAL,202501250DAL
Daniel Gafford,Starter,DAL,202501250DAL
Klay Thompson,Starter,DAL,202501250DAL
Spencer Dinwiddie,Starter,DAL,202501250DAL
Quentin Grimes,Reserves,DAL,202501250DAL
Jaden Hardy,Reserves,DAL,202501250DAL
Kessler Edwards,Reserves,DAL,202501250DAL
Maxi Kleber,Reserves,DAL,202501250DAL
Olivier-Maxence Prosper,Reserves,DAL,202501250DAL
Jazian Gortman,Reserves,DAL,202501250DAL
Brandon Williams,Reserves,DAL,202501250DAL
Markieff Morris,Reserves: Did Not Play,DAL,202501250DAL
Keegan Murray,Starter,SAC,202412050MEM
De'Aaron Fox,Starter,SAC,202412050MEM
Domantas Sabonis,Starter,SAC,202412050MEM
DeMar DeRozan,Starter,SAC,202412050MEM
Malik Monk,Starter,SAC,202412050MEM
Kevin Huerter,Reserves,SAC,202412050MEM
Isaac Jones,Reserves,SAC,202412050MEM
Jae Crowder,Reserves,SAC,202412050MEM
Jordan McLaughlin,Reserves,SAC,202412050MEM
Keon Ellis,Reserves,SAC,202412050MEM
Colby Jones,Reserves: Did Not Play,SAC,202412050MEM
Mason Jones,Reserves: Did Not Play,SAC,202412050MEM
Alex Len,Reserves: Did Not Play,SAC,202412050MEM
Doug McDermott,Reserves: Did Not Play,SAC,202412050MEM
Orlando Robinson,Reserves: Did Not Play,SAC,202412050MEM
Desmond Bane,Starter,MEM,202412050MEM
Ja Morant,Starter,MEM,202412050MEM
Jaren Jackson Jr.,Starter,MEM,202412050MEM
Jaylen Wells,Starter,MEM,202412050MEM
Brandon Clarke,Starter,MEM,202412050MEM
Santi Aldama,Reserves,MEM,202412050MEM
Jake LaRavia,Reserves,MEM,202412050MEM
Marcus Smart,Reserves,MEM,202412050MEM
Jay Huff,Reserves,MEM,202412050MEM
Scotty Pippen Jr.,Reserves,MEM,202412050MEM
Colin Castleton,Reserves: Did Not Play,MEM,202412050MEM
Yuki Kawamura,Reserves: Did Not Play,MEM,202412050MEM
John Konchar,Reserves: Did Not Play,MEM,202412050MEM
Cade Cunningham,Starter,DET,202501250ORL
Tim Hardaway Jr.,Starter,DET,202501250ORL
Jalen Duren,Starter,DET,202501250ORL
Ausar Thompson,Starter,DET,202501250ORL
Tobias Harris,Starter,DET,202501250ORL
Malik Beasley,Reserves,DET,202501250ORL
Simone Fontecchio,Reserves,DET,202501250ORL
Isaiah Stewart,Reserves,DET,202501250ORL
Ron Holland,Reserves,DET,202501250ORL
Marcus Sasser,Reserves,DET,202501250ORL
Paul Reed,Reserves,DET,202501250ORL
Wendell Moore Jr.,Reserves: Did Not Play,DET,202501250ORL
Paolo Banchero,Starter,ORL,202501250ORL
Kentavious Caldwell-Pope,Starter,ORL,202501250ORL
Wendell Carter Jr.,Starter,ORL,202501250ORL
Franz Wagner,Starter,ORL,202501250ORL
Jalen Suggs,Starter,ORL,202501250ORL
Tristan Da Silva,Reserves,ORL,202501250ORL
Jonathan Isaac,Reserves,ORL,202501250ORL
Anthony Black,Reserves,ORL,202501250ORL
Cole Anthony,Reserves,ORL,202501250ORL
Jett Howard,Reserves,ORL,202501250ORL
Trevelin Queen,Reserves,ORL,202501250ORL
Caleb Houstan,Reserves: Did Not Play,ORL,202501250ORL
Cory Joseph,Reserves: Did Not Play,ORL,202501250ORL
Cade Cunningham,Starter,DET,202412040BOS
Tobias Harris,Starter,DET,202412040BOS
Tim Hardaway Jr.,Starter,DET,202412040BOS
Jalen Duren,Starter,DET,202412040BOS
Jaden Ivey,Starter,DET,202412040BOS
Malik Beasley,Reserves,DET,202412040BOS
Isaiah Stewart,Reserves,DET,202412040BOS
Marcus Sasser,Reserves,DET,202412040BOS
Ron Holland,Reserves,DET,202412040BOS
Simone Fontecchio,Reserves,DET,202412040BOS
Wendell Moore Jr.,Reserves: Did Not Play,DET,202412040BOS
Paul Reed,Reserves: Did Not Play,DET,202412040BOS
Cole Swider,Reserves: Did Not Play,DET,202412040BOS
Alondes Williams,Reserves: Did Not Play,DET,202412040BOS
Jaylen Brown,Starter,BOS,202412040BOS
Derrick White,Starter,BOS,202412040BOS
Sam Hauser,Starter,BOS,202412040BOS
Al Horford,Starter,BOS,202412040BOS
Kristaps Porziņģis,Starter,BOS,202412040BOS
Payton Pritchard,Reserves,BOS,202412040BOS
Luke Kornet,Reserves,BOS,202412040BOS
Xavier Tillman Sr.,Reserves,BOS,202412040BOS
Jordan Walsh,Reserves,BOS,202412040BOS
Drew Peterson,Reserves,BOS,202412040BOS
Neemias Queta,Reserves: Did Not Play,BOS,202412040BOS
Baylor Scheierman,Reserves: Did Not Play,BOS,202412040BOS
Jaden Springer,Reserves: Did Not Play,BOS,202412040BOS
Devin Booker,Starter,PHO,202501060PHI
Kevin Durant,Starter,PHO,202501060PHI
Ryan Dunn,Starter,PHO,202501060PHI
Tyus Jones,Starter,PHO,202501060PHI
Mason Plumlee,Starter,PHO,202501060PHI
Bradley Beal,Reserves,PHO,202501060PHI
Monte Morris,Reserves,PHO,202501060PHI
Oso Ighodaro,Reserves,PHO,202501060PHI
Grayson Allen,Reserves,PHO,202501060PHI
Jusuf Nurkić,Reserves,PHO,202501060PHI
Josh Okogie,Reserves,PHO,202501060PHI
Bol Bol,Reserves: Did Not Play,PHO,202501060PHI
Damion Lee,Reserves: Did Not Play,PHO,202501060PHI
Tyrese Maxey,Starter,PHI,202501060PHI
Kelly Oubre Jr.,Starter,PHI,202501060PHI
Paul George,Starter,PHI,202501060PHI
Caleb Martin,Starter,PHI,202501060PHI
Guerschon Yabusele,Starter,PHI,202501060PHI
Justin Edwards,Reserves,PHI,202501060PHI
Adem Bona,Reserves,PHI,202501060PHI
Eric Gordon,Reserves,PHI,202501060PHI
Reggie Jackson,Reserves,PHI,202501060PHI
Jeff Dowtin,Reserves,PHI,202501060PHI
Ricky Council IV,Reserves,PHI,202501060PHI
Andre Drummond,Reserves: Did Not Dress,PHI,202501060PHI
Trae Young,Starter,ATL,202501040LAC
Dyson Daniels,Starter,ATL,202501040LAC
Vit Krejci,Starter,ATL,202501040LAC
Zaccharie Risacher,Starter,ATL,202501040LAC
Clint Capela,Starter,ATL,202501040LAC
De'Andre Hunter,Reserves,ATL,202501040LAC
Garrison Mathews,Reserves,ATL,202501040LAC
Onyeka Okongwu,Reserves,ATL,202501040LAC
David Roddy,Reserves,ATL,202501040LAC
Dominick Barlow,Reserves,ATL,202501040LAC
Bogdan Bogdanović,Reserves: Did Not Dress,ATL,202501040LAC
Jalen Johnson,Reserves: Did Not Dress,ATL,202501040LAC
Ivica Zubac,Starter,LAC,202501040LAC
James Harden,Starter,LAC,202501040LAC
Norman Powell,Starter,LAC,202501040LAC
Kawhi Leonard,Starter,LAC,202501040LAC
Kris Dunn,Starter,LAC,202501040LAC
Amir Coffey,Reserves,LAC,202501040LAC
Derrick Jones Jr.,Reserves,LAC,202501040LAC
Kevin Porter Jr.,Reserves,LAC,202501040LAC
Terance Mann,Reserves,LAC,202501040LAC
Nicolas Batum,Reserves,LAC,202501040LAC
Kobe Brown,Reserves,LAC,202501040LAC
Kai Jones,Reserves,LAC,202501040LAC
Jordan Miller,Reserves,LAC,202501040LAC
Bones Hyland,Reserves,LAC,202501040LAC
Mo Bamba,Reserves: Did Not Play,LAC,202501040LAC
Pascal Siakam,Starter,IND,202412040BRK
Tyrese Haliburton,Starter,IND,202412040BRK
Bennedict Mathurin,Starter,IND,202412040BRK
Myles Turner,Starter,IND,202412040BRK
Quenton Jackson,Starter,IND,202412040BRK
T.J. McConnell,Reserves,IND,202412040BRK
Johnny Furphy,Reserves,IND,202412040BRK
Obi Toppin,Reserves,IND,202412040BRK
Jarace Walker,Reserves,IND,202412040BRK
Enrique Freeman,Reserves,IND,202412040BRK
Moses Brown,Reserves,IND,202412040BRK
Tristen Newton,Reserves,IND,202412040BRK
James Johnson,Reserves: Did Not Play,IND,202412040BRK
Andrew Nembhard,Reserves: Did Not Dress,IND,202412040BRK
Ben Sheppard,Reserves: Did Not Dress,IND,202412040BRK
Jalen Wilson,Starter,BRK,202412040BRK
Cameron Johnson,Starter,BRK,202412040BRK
Dennis Schröder,Starter,BRK,202412040BRK
Nic Claxton,Starter,BRK,202412040BRK
Keon Johnson,Starter,BRK,202412040BRK
Shake Milton,Reserves,BRK,202412040BRK
Trendon Watford,Reserves,BRK,202412040BRK
Ben Simmons,Reserves,BRK,202412040BRK
Day'Ron Sharpe,Reserves,BRK,202412040BRK
Cui Yongxi,Reserves: Did Not Play,BRK,202412040BRK
Tyrese Martin,Reserves: Did Not Play,BRK,202412040BRK
Dariq Whitehead,Reserves: Did Not Play,BRK,202412040BRK
Anthony Edwards,Starter,MIN,202501170NYK
Julius Randle,Starter,MIN,202501170NYK
Rudy Gobert,Starter,MIN,202501170NYK
Jaden McDaniels,Starter,MIN,202501170NYK
Mike Conley,Starter,MIN,202501170NYK
Nickeil Alexander-Walker,Reserves,MIN,202501170NYK
Naz Reid,Reserves,MIN,202501170NYK
Rob Dillingham,Reserves,MIN,202501170NYK
Josh Minott,Reserves,MIN,202501170NYK
Jaylen Clark,Reserves,MIN,202501170NYK
Luka Garza,Reserves,MIN,202501170NYK
Joe Ingles,Reserves: Did Not Play,MIN,202501170NYK
Mikal Bridges,Starter,NYK,202501170NYK
OG Anunoby,Starter,NYK,202501170NYK
Josh Hart,Starter,NYK,202501170NYK
Jalen Brunson,Starter,NYK,202501170NYK
Jericho Sims,Starter,NYK,202501170NYK
Precious Achiuwa,Reserves,NYK,202501170NYK
Miles McBride,Reserves,NYK,202501170NYK
Cameron Payne,Reserves,NYK,202501170NYK
Pacome Dadiet,Reserves,NYK,202501170NYK
Ariel Hukporti,Reserves,NYK,202501170NYK
Tyler Kolek,Reserves,NYK,202501170NYK
Matt Ryan,Reserves: Did Not Play,NYK,202501170NYK
Landry Shamet,Reserves: Did Not Play,NYK,202501170NYK
Jacob Toppin,Reserves: Did Not Play,NYK,202501170NYK
Karl-Anthony Towns,Reserves: Did Not Dress,NYK,202501170NYK
Paul George,Starter,PHI,202501020GSW
Tyrese Maxey,Starter,PHI,202501020GSW
Joel Embiid,Starter,PHI,202501020GSW
Caleb Martin,Starter,PHI,202501020GSW
Kyle Lowry,Starter,PHI,202501020GSW
Guerschon Yabusele,Reserves,PHI,202501020GSW
Ricky Council IV,Reserves,PHI,202501020GSW
Jeff Dowtin,Reserves,PHI,202501020GSW
Eric Gordon,Reserves,PHI,202501020GSW
Justin Edwards,Reserves,PHI,202501020GSW
Adem Bona,Reserves,PHI,202501020GSW
Reggie Jackson,Reserves,PHI,202501020GSW
Draymond Green,Starter,GSW,202501020GSW
Stephen Curry,Starter,GSW,202501020GSW
Andrew Wiggins,Starter,GSW,202501020GSW
Dennis Schröder,Starter,GSW,202501020GSW
Trayce Jackson-Davis,Starter,GSW,202501020GSW
Jonathan Kuminga,Reserves,GSW,202501020GSW
Buddy Hield,Reserves,GSW,202501020GSW
Lindy Waters III,Reserves,GSW,202501020GSW
Moses Moody,Reserves,GSW,202501020GSW
Kyle Anderson,Reserves,GSW,202501020GSW
Kevon Looney,Reserves,GSW,202501020GSW
Gui Santos,Reserves,GSW,202501020GSW
Pat Spencer,Reserves,GSW,202501020GSW
Darius Garland,Starter,CLE,202412300GSW
Donovan Mitchell,Starter,CLE,202412300GSW
Dean Wade,Starter,CLE,202412300GSW
Jarrett Allen,Starter,CLE,202412300GSW
Evan Mobley,Starter,CLE,202412300GSW
Caris LeVert,Reserves,CLE,202412300GSW
Georges Niang,Reserves,CLE,202412300GSW
Ty Jerome,Reserves,CLE,202412300GSW
Max Strus,Reserves,CLE,202412300GSW
Sam Merrill,Reserves,CLE,202412300GSW
Craig Porter Jr.,Reserves,CLE,202412300GSW
Tristan Thompson,Reserves,CLE,202412300GSW
JT Thor,Reserves,CLE,202412300GSW
Jaylon Tyson,Reserves,CLE,202412300GSW
Dennis Schröder,Starter,GSW,202412300GSW
Stephen Curry,Starter,GSW,202412300GSW
Trayce Jackson-Davis,Starter,GSW,202412300GSW
Andrew Wiggins,Starter,GSW,202412300GSW
Draymond Green,Starter,GSW,202412300GSW
Jonathan Kuminga,Reserves,GSW,202412300GSW
Moses Moody,Reserves,GSW,202412300GSW
Buddy Hield,Reserves,GSW,202412300GSW
Lindy Waters III,Reserves,GSW,202412300GSW
Quinten Post,Reserves,GSW,202412300GSW
Gui Santos,Reserves,GSW,202412300GSW
Pat Spencer,Reserves,GSW,202412300GSW
Kyle Anderson,Reserves: Did Not Play,GSW,202412300GSW
Kevon Looney,Reserves: Did Not Play,GSW,202412300GSW
Jaylen Wells,Starter,MEM,202412080WAS
Brandon Clarke,Starter,MEM,202412080WAS
Scotty Pippen Jr.,Starter,MEM,202412080WAS
Marcus Smart,Starter,MEM,202412080WAS
Jaren Jackson Jr.,Starter,MEM,202412080WAS
Cam Spencer,Reserves,MEM,202412080WAS
Jay Huff,Reserves,MEM,202412080WAS
Jake LaRavia,Reserves,MEM,202412080WAS
John Konchar,Reserves,MEM,202412080WAS
Santi Aldama,Reserves,MEM,202412080WAS
Colin Castleton,Reserves,MEM,202412080WAS
Yuki Kawamura,Reserves,MEM,202412080WAS
Justin Champagnie,Starter,WAS,202412080WAS
Carlton Carrington,Starter,WAS,202412080WAS
Jordan Poole,Starter,WAS,202412080WAS
Bilal Coulibaly,Starter,WAS,202412080WAS
Jonas Valančiūnas,Starter,WAS,202412080WAS
Jared Butler,Reserves,WAS,202412080WAS
Marvin Bagley III,Reserves,WAS,202412080WAS
Anthony Gill,Reserves,WAS,202412080WAS
Johnny Davis,Reserves,WAS,202412080WAS
Richaun Holmes,Reserves: Did Not Dress,WAS,202412080WAS
Corey Kispert,Reserves: Did Not Dress,WAS,202412080WAS
Alex Sarr,Reserves: Did Not Dress,WAS,202412080WAS
Victor Wembanyama,Starter,SAS,202412250NYK
Chris Paul,Starter,SAS,202412250NYK
Devin Vassell,Starter,SAS,202412250NYK
Jeremy Sochan,Starter,SAS,202412250NYK
Harrison Barnes,Starter,SAS,202412250NYK
Julian Champagnie,Reserves,SAS,202412250NYK
Keldon Johnson,Reserves,SAS,202412250NYK
Stephon Castle,Reserves,SAS,202412250NYK
Tre Jones,Reserves,SAS,202412250NYK
Charles Bassey,Reserves: Did Not Play,SAS,202412250NYK
Malaki Branham,Reserves: Did Not Play,SAS,202412250NYK
Sidy Cissoko,Reserves: Did Not Play,SAS,202412250NYK
Zach Collins,Reserves: Did Not Play,SAS,202412250NYK
Sandro Mamukelashvili,Reserves: Did Not Play,SAS,202412250NYK
Blake Wesley,Reserves: Did Not Play,SAS,202412250NYK
Mikal Bridges,Starter,NYK,202412250NYK
Josh Hart,Starter,NYK,202412250NYK
Jalen Brunson,Starter,NYK,202412250NYK
OG Anunoby,Starter,NYK,202412250NYK
Karl-Anthony Towns,Starter,NYK,202412250NYK
Miles McBride,Reserves,NYK,202412250NYK
Precious Achiuwa,Reserves,NYK,202412250NYK
Cameron Payne,Reserves,NYK,202412250NYK
Pacome Dadiet,Reserves: Did Not Play,NYK,202412250NYK
Ariel Hukporti,Reserves: Did Not Play,NYK,202412250NYK
Tyler Kolek,Reserves: Did Not Play,NYK,202412250NYK
Matt Ryan,Reserves: Did Not Play,NYK,202412250NYK
Landry Shamet,Reserves: Did Not Play,NYK,202412250NYK
Jericho Sims,Reserves: Did Not Play,NYK,202412250NYK
Jacob Toppin,Reserves: Did Not Play,NYK,202412250NYK
Cameron Johnson,Starter,BRK,202412230MIA
Ben Simmons,Starter,BRK,202412230MIA
Noah Clowney,Starter,BRK,202412230MIA
Nic Claxton,Starter,BRK,202412230MIA
Keon Johnson,Starter,BRK,202412230MIA
Jalen Wilson,Reserves,BRK,202412230MIA
Tyrese Martin,Reserves,BRK,202412230MIA
Shake Milton,Reserves,BRK,202412230MIA
Day'Ron Sharpe,Reserves,BRK,202412230MIA
Reece Beekman,Reserves,BRK,202412230MIA
Jaylen Martin,Reserves,BRK,202412230MIA
Dariq Whitehead,Reserves,BRK,202412230MIA
Tyler Herro,Starter,MIA,202412230MIA
Bam Adebayo,Starter,MIA,202412230MIA
Duncan Robinson,Starter,MIA,202412230MIA
Jaime Jaquez Jr.,Starter,MIA,202412230MIA
Haywood Highsmith,Starter,MIA,202412230MIA
Nikola Jović,Reserves,MIA,202412230MIA
Alec Burks,Reserves,MIA,202412230MIA
Kel'el Ware,Reserves,MIA,202412230MIA
Pelle Larsson,Reserves,MIA,202412230MIA
Dru Smith,Reserves,MIA,202412230MIA
Josh Christopher,Reserves,MIA,202412230MIA
Keshad Johnson,Reserves,MIA,202412230MIA
Jimmy Butler,Reserves,MIA,202412230MIA
Kevin Love,Reserves: Did Not Play,MIA,202412230MIA
Terry Rozier,Reserves: Did Not Dress,MIA,202412230MIA
Scottie Barnes,Starter,TOR,202501110DET
Jakob Poeltl,Starter,TOR,202501110DET
RJ Barrett,Starter,TOR,202501110DET
Immanuel Quickley,Starter,TOR,202501110DET
Gradey Dick,Starter,TOR,202501110DET
Chris Boucher,Reserves,TOR,202501110DET
Bruce Brown,Reserves,TOR,202501110DET
Jamal Shead,Reserves,TOR,202501110DET
Kelly Olynyk,Reserves,TOR,202501110DET
Ja'Kobe Walter,Reserves,TOR,202501110DET
Ochai Agbaji,Reserves: Did Not Play,TOR,202501110DET
Davion Mitchell,Reserves: Did Not Play,TOR,202501110DET
Garrett Temple,Reserves: Did Not Play,TOR,202501110DET
Cade Cunningham,Starter,DET,202501110DET
Tobias Harris,Starter,DET,202501110DET
Tim Hardaway Jr.,Starter,DET,202501110DET
Jalen Duren,Starter,DET,202501110DET
Ausar Thompson,Starter,DET,202501110DET
Malik Beasley,Reserves,DET,202501110DET
Isaiah Stewart,Reserves,DET,202501110DET
Simone Fontecchio,Reserves,DET,202501110DET
Ron Holland,Reserves,DET,202501110DET
Marcus Sasser,Reserves,DET,202501110DET
Wendell Moore Jr.,Reserves: Did Not Play,DET,202501110DET
Paul Reed,Reserves: Did Not Play,DET,202501110DET
Tyrese Maxey,Starter,PHI,202412280UTA
Caleb Martin,Starter,PHI,202412280UTA
Joel Embiid,Starter,PHI,202412280UTA
Paul George,Starter,PHI,202412280UTA
Kelly Oubre Jr.,Starter,PHI,202412280UTA
Guerschon Yabusele,Reserves,PHI,202412280UTA
Kyle Lowry,Reserves,PHI,202412280UTA
Reggie Jackson,Reserves,PHI,202412280UTA
Ricky Council IV,Reserves,PHI,202412280UTA
Adem Bona,Reserves: Did Not Play,PHI,202412280UTA
KJ Martin,Reserves: Did Not Dress,PHI,202412280UTA
Pete Nance,Reserves: Did Not Play,PHI,202412280UTA
Lauri Markkanen,Starter,UTA,202412280UTA
Collin Sexton,Starter,UTA,202412280UTA
Jordan Clarkson,Starter,UTA,202412280UTA
Walker Kessler,Starter,UTA,202412280UTA
Cody Williams,Starter,UTA,202412280UTA
Brice Sensabaugh,Reserves,UTA,202412280UTA
Isaiah Collier,Reserves,UTA,202412280UTA
Johnny Juzang,Reserves,UTA,202412280UTA
Micah Potter,Reserves,UTA,202412280UTA
Drew Eubanks,Reserves,UTA,202412280UTA
Kyle Filipowski,Reserves,UTA,202412280UTA
Patty Mills,Reserves: Did Not Play,UTA,202412280UTA
Svi Mykhailiuk,Reserves: Did Not Play,UTA,202412280UTA
Jayson Tatum,Starter,BOS,202501150TOR
Kristaps Porziņģis,Starter,BOS,202501150TOR
Jaylen Brown,Starter,BOS,202501150TOR
Jrue Holiday,Starter,BOS,202501150TOR
Derrick White,Starter,BOS,202501150TOR
Payton Pritchard,Reserves,BOS,202501150TOR
Al Horford,Reserves,BOS,202501150TOR
Sam Hauser,Reserves,BOS,202501150TOR
Luke Kornet,Reserves,BOS,202501150TOR
Jaden Springer,Reserves,BOS,202501150TOR
Neemias Queta,Reserves,BOS,202501150TOR
Xavier Tillman Sr.,Reserves,BOS,202501150TOR
Jordan Walsh,Reserves,BOS,202501150TOR
Scottie Barnes,Starter,TOR,202501150TOR
RJ Barrett,Starter,TOR,202501150TOR
Jakob Poeltl,Starter,TOR,202501150TOR
Davion Mitchell,Starter,TOR,202501150TOR
Gradey Dick,Starter,TOR,202501150TOR
Bruce Brown,Reserves,TOR,202501150TOR
Kelly Olynyk,Reserves,TOR,202501150TOR
Chris Boucher,Reserves,TOR,202501150TOR
Jamal Shead,Reserves,TOR,202501150TOR
Ochai Agbaji,Reserves,TOR,202501150TOR
Jamison Battle,Reserves,TOR,202501150TOR
Garrett Temple,Reserves: Did Not Play,TOR,202501150TOR
Anthony Davis,Starter,LAL,202501070DAL
LeBron James,Starter,LAL,202501070DAL
Austin Reaves,Starter,LAL,202501070DAL
Max Christie,Starter,LAL,202501070DAL
Rui Hachimura,Starter,LAL,202501070DAL
Dorian Finney-Smith,Reserves,LAL,202501070DAL
Gabe Vincent,Reserves,LAL,202501070DAL
Dalton Knecht,Reserves,LAL,202501070DAL
Jaxson Hayes,Reserves,LAL,202501070DAL
Bronny James,Reserves,LAL,202501070DAL
Shake Milton,Reserves: Did Not Play,LAL,202501070DAL
Cam Reddish,Reserves: Did Not Dress,LAL,202501070DAL
P.J. Washington,Starter,DAL,202501070DAL
Spencer Dinwiddie,Starter,DAL,202501070DAL
Naji Marshall,Starter,DAL,202501070DAL
Klay Thompson,Starter,DAL,202501070DAL
Dereck Lively II,Starter,DAL,202501070DAL
Maxi Kleber,Reserves,DAL,202501070DAL
Quentin Grimes,Reserves,DAL,202501070DAL
Jaden Hardy,Reserves,DAL,202501070DAL
Olivier-Maxence Prosper,Reserves,DAL,202501070DAL
Brandon Williams,Reserves,DAL,202501070DAL
Dwight Powell,Reserves,DAL,202501070DAL
Markieff Morris,Reserves: Did Not Play,DAL,202501070DAL
Darius Garland,Starter,CLE,202412270DEN
Evan Mobley,Starter,CLE,202412270DEN
Jarrett Allen,Starter,CLE,202412270DEN
Donovan Mitchell,Starter,CLE,202412270DEN
Dean Wade,Starter,CLE,202412270DEN
Max Strus,Reserves,CLE,202412270DEN
Caris LeVert,Reserves,CLE,202412270DEN
Sam Merrill,Reserves,CLE,202412270DEN
Georges Niang,Reserves,CLE,202412270DEN
Ty Jerome,Reserves,CLE,202412270DEN
Jaylon Tyson,Reserves,CLE,202412270DEN
Tristan Thompson,Reserves: Did Not Play,CLE,202412270DEN
Jamal Murray,Starter,DEN,202412270DEN
Nikola Jokić,Starter,DEN,202412270DEN
Michael Porter Jr.,Starter,DEN,202412270DEN
Christian Braun,Starter,DEN,202412270DEN
Russell Westbrook,Starter,DEN,202412270DEN
Peyton Watson,Reserves,DEN,202412270DEN
Julian Strawther,Reserves,DEN,202412270DEN
DeAndre Jordan,Reserves,DEN,202412270DEN
Hunter Tyson,Reserves,DEN,202412270DEN
Spencer Jones,Reserves,DEN,202412270DEN
Zeke Nnaji,Reserves,DEN,202412270DEN
Jalen Pickett,Reserves,DEN,202412270DEN
Dario Šarić,Reserves: Did Not Play,DEN,202412270DEN
Scottie Barnes,Starter,TOR,202412260MEM
RJ Barrett,Starter,TOR,202412260MEM
Ochai Agbaji,Starter,TOR,202412260MEM
Gradey Dick,Starter,TOR,202412260MEM
Kelly Olynyk,Starter,TOR,202412260MEM
Davion Mitchell,Reserves,TOR,202412260MEM
Chris Boucher,Reserves,TOR,202412260MEM
Jonathan Mogbo,Reserves,TOR,202412260MEM
Jamison Battle,Reserves,TOR,202412260MEM
A.J. Lawson,Reserves,TOR,202412260MEM
Garrett Temple,Reserves,TOR,202412260MEM
Ulrich Chomche,Reserves,TOR,202412260MEM
Bruno Fernando,Reserves: Did Not Play,TOR,202412260MEM
Jaren Jackson Jr.,Starter,MEM,202412260MEM
Zach Edey,Starter,MEM,202412260MEM
Ja Morant,Starter,MEM,202412260MEM
Jaylen Wells,Starter,MEM,202412260MEM
Desmond Bane,Starter,MEM,202412260MEM
Luke Kennard,Reserves,MEM,202412260MEM
Jake LaRavia,Reserves,MEM,202412260MEM
Scotty Pippen Jr.,Reserves,MEM,202412260MEM
Brandon Clarke,Reserves,MEM,202412260MEM
John Konchar,Reserves,MEM,202412260MEM
Santi Aldama,Reserves,MEM,202412260MEM
Cam Spencer,Reserves,MEM,202412260MEM
Anthony Edwards,Starter,MIN,202501070NOP
Rudy Gobert,Starter,MIN,202501070NOP
Julius Randle,Starter,MIN,202501070NOP
Jaden McDaniels,Starter,MIN,202501070NOP
Donte DiVincenzo,Starter,MIN,202501070NOP
Mike Conley,Reserves,MIN,202501070NOP
Naz Reid,Reserves,MIN,202501070NOP
Nickeil Alexander-Walker,Reserves,MIN,202501070NOP
Josh Minott,Reserves,MIN,202501070NOP
Jaylen Clark,Reserves: Did Not Play,MIN,202501070NOP
Luka Garza,Reserves: Did Not Play,MIN,202501070NOP
Joe Ingles,Reserves: Did Not Play,MIN,202501070NOP
Leonard Miller,Reserves: Did Not Play,MIN,202501070NOP
Terrence Shannon Jr. ,Reserves: Did Not Play,MIN,202501070NOP
Dejounte Murray,Starter,NOP,202501070NOP
Herbert Jones,Starter,NOP,202501070NOP
CJ McCollum,Starter,NOP,202501070NOP
Yves Missi,Starter,NOP,202501070NOP
Zion Williamson,Starter,NOP,202501070NOP
Brandon Boston Jr.,Reserves,NOP,202501070NOP
Jeremiah Robinson-Earl,Reserves,NOP,202501070NOP
Jose Alvarado,Reserves,NOP,202501070NOP
Daniel Theis,Reserves,NOP,202501070NOP
Jordan Hawkins,Reserves,NOP,202501070NOP
Javonte Green,Reserves: Did Not Play,NOP,202501070NOP
Karlo Matković,Reserves: Did Not Play,NOP,202501070NOP
Antonio Reeves,Reserves: Did Not Play,NOP,202501070NOP
Fred VanVleet,Starter,HOU,202501150DEN
Amen Thompson,Starter,HOU,202501150DEN
Jalen Green,Starter,HOU,202501150DEN
Dillon Brooks,Starter,HOU,202501150DEN
Alperen Şengün,Starter,HOU,202501150DEN
Cam Whitmore,Reserves,HOU,202501150DEN
Jeff Green,Reserves,HOU,202501150DEN
Jae'Sean Tate,Reserves,HOU,202501150DEN
Aaron Holiday,Reserves,HOU,202501150DEN
Steven Adams,Reserves,HOU,202501150DEN
Reed Sheppard,Reserves,HOU,202501150DEN
Jeenathan Williams,Reserves,HOU,202501150DEN
Tari Eason,Reserves: Did Not Dress,HOU,202501150DEN
Jock Landale,Reserves: Did Not Play,HOU,202501150DEN
Jabari Smith Jr.,Reserves: Did Not Dress,HOU,202501150DEN
Christian Braun,Starter,DEN,202501150DEN
Jamal Murray,Starter,DEN,202501150DEN
Russell Westbrook,Starter,DEN,202501150DEN
Michael Porter Jr.,Starter,DEN,202501150DEN
DeAndre Jordan,Starter,DEN,202501150DEN
Julian Strawther,Reserves,DEN,202501150DEN
Peyton Watson,Reserves,DEN,202501150DEN
Dario Šarić,Reserves,DEN,202501150DEN
Jalen Pickett,Reserves,DEN,202501150DEN
Hunter Tyson,Reserves,DEN,202501150DEN
Trey Alexander,Reserves,DEN,202501150DEN
Zeke Nnaji,Reserves,DEN,202501150DEN
Bennedict Mathurin,Starter,IND,202412270BOS
Tyrese Haliburton,Starter,IND,202412270BOS
Pascal Siakam,Starter,IND,202412270BOS
Myles Turner,Starter,IND,202412270BOS
Ben Sheppard,Starter,IND,202412270BOS
Jarace Walker,Reserves,IND,202412270BOS
Johnny Furphy,Reserves,IND,202412270BOS
T.J. McConnell,Reserves,IND,202412270BOS
Thomas Bryant,Reserves,IND,202412270BOS
Quenton Jackson,Reserves,IND,202412270BOS
James Johnson,Reserves,IND,202412270BOS
Enrique Freeman,Reserves,IND,202412270BOS
Jaylen Brown,Starter,BOS,202412270BOS
Jayson Tatum,Starter,BOS,202412270BOS
Derrick White,Starter,BOS,202412270BOS
Al Horford,Starter,BOS,202412270BOS
Sam Hauser,Starter,BOS,202412270BOS
Payton Pritchard,Reserves,BOS,202412270BOS
Jordan Walsh,Reserves,BOS,202412270BOS
Luke Kornet,Reserves,BOS,202412270BOS
Neemias Queta,Reserves,BOS,202412270BOS
Drew Peterson,Reserves,BOS,202412270BOS
Jaden Springer,Reserves,BOS,202412270BOS
Xavier Tillman Sr.,Reserves,BOS,202412270BOS
Jrue Holiday,Reserves: Did Not Dress,BOS,202412270BOS
Jarrett Allen,Starter,CLE,202501240PHI
Donovan Mitchell,Starter,CLE,202501240PHI
Darius Garland,Starter,CLE,202501240PHI
Max Strus,Starter,CLE,202501240PHI
Dean Wade,Starter,CLE,202501240PHI
Ty Jerome,Reserves,CLE,202501240PHI
Sam Merrill,Reserves,CLE,202501240PHI
Georges Niang,Reserves,CLE,202501240PHI
Jaylon Tyson,Reserves,CLE,202501240PHI
Tristan Thompson,Reserves,CLE,202501240PHI
Emoni Bates,Reserves: Did Not Play,CLE,202501240PHI
Craig Porter Jr.,Reserves: Did Not Play,CLE,202501240PHI
JT Thor,Reserves: Did Not Play,CLE,202501240PHI
Tyrese Maxey,Starter,PHI,202501240PHI
Kelly Oubre Jr.,Starter,PHI,202501240PHI
Eric Gordon,Starter,PHI,202501240PHI
Paul George,Starter,PHI,202501240PHI
Guerschon Yabusele,Starter,PHI,202501240PHI
Justin Edwards,Reserves,PHI,202501240PHI
Jeff Dowtin,Reserves,PHI,202501240PHI
Adem Bona,Reserves,PHI,202501240PHI
Ricky Council IV,Reserves: Did Not Play,PHI,202501240PHI
Andre Drummond,Reserves: Did Not Dress,PHI,202501240PHI
Reggie Jackson,Reserves: Did Not Play,PHI,202501240PHI
Pete Nance,Reserves: Did Not Play,PHI,202501240PHI
Amen Thompson,Starter,HOU,202501160SAC
Alperen Şengün,Starter,HOU,202501160SAC
Jalen Green,Starter,HOU,202501160SAC
Dillon Brooks,Starter,HOU,202501160SAC
Jeff Green,Starter,HOU,202501160SAC
Tari Eason,Reserves,HOU,202501160SAC
Cam Whitmore,Reserves,HOU,202501160SAC
Steven Adams,Reserves,HOU,202501160SAC
Aaron Holiday,Reserves,HOU,202501160SAC
Reed Sheppard,Reserves: Did Not Play,HOU,202501160SAC
Jabari Smith Jr.,Reserves: Did Not Dress,HOU,202501160SAC
Jae'Sean Tate,Reserves: Did Not Play,HOU,202501160SAC
Jeenathan Williams,Reserves: Did Not Play,HOU,202501160SAC
De'Aaron Fox,Starter,SAC,202501160SAC
Keegan Murray,Starter,SAC,202501160SAC
DeMar DeRozan,Starter,SAC,202501160SAC
Domantas Sabonis,Starter,SAC,202501160SAC
Malik Monk,Starter,SAC,202501160SAC
Trey Lyles,Reserves,SAC,202501160SAC
Keon Ellis,Reserves,SAC,202501160SAC
Kevin Huerter,Reserves,SAC,202501160SAC
Devin Carter,Reserves,SAC,202501160SAC
Jae Crowder,Reserves: Did Not Play,SAC,202501160SAC
Colby Jones,Reserves: Did Not Play,SAC,202501160SAC
Isaac Jones,Reserves: Did Not Play,SAC,202501160SAC
Alex Len,Reserves: Did Not Play,SAC,202501160SAC
Doug McDermott,Reserves: Did Not Play,SAC,202501160SAC
Keaton Wallace,Starter,ATL,202501150CHI
Dyson Daniels,Starter,ATL,202501150CHI
Vit Krejci,Starter,ATL,202501150CHI
David Roddy,Starter,ATL,202501150CHI
Clint Capela,Starter,ATL,202501150CHI
Onyeka Okongwu,Reserves,ATL,202501150CHI
Daeqwon Plowden,Reserves,ATL,202501150CHI
Garrison Mathews,Reserves,ATL,202501150CHI
Bogdan Bogdanović,Reserves,ATL,202501150CHI
Dominick Barlow,Reserves: Did Not Play,ATL,202501150CHI
Larry Nance Jr.,Reserves,ATL,202501150CHI
Zaccharie Risacher,Reserves: Did Not Dress,ATL,202501150CHI
Zach LaVine,Starter,CHI,202501150CHI
Nikola Vučević,Starter,CHI,202501150CHI
Coby White,Starter,CHI,202501150CHI
Josh Giddey,Starter,CHI,202501150CHI
Patrick Williams,Starter,CHI,202501150CHI
Ayo Dosunmu,Reserves,CHI,202501150CHI
Matas Buzelis,Reserves,CHI,202501150CHI
Julian Phillips,Reserves,CHI,202501150CHI
Jalen Smith,Reserves,CHI,202501150CHI
Dalen Terry,Reserves,CHI,202501150CHI
Jevon Carter,Reserves,CHI,202501150CHI
Talen Horton-Tucker,Reserves,CHI,202501150CHI
Chris Duarte,Reserves,CHI,202501150CHI
Trey Murphy III,Starter,NOP,202501140CHI
Dejounte Murray,Starter,NOP,202501140CHI
CJ McCollum,Starter,NOP,202501140CHI
Zion Williamson,Starter,NOP,202501140CHI
Yves Missi,Starter,NOP,202501140CHI
Javonte Green,Reserves,NOP,202501140CHI
Daniel Theis,Reserves,NOP,202501140CHI
Jordan Hawkins,Reserves,NOP,202501140CHI
Jose Alvarado,Reserves,NOP,202501140CHI
Brandon Boston Jr.,Reserves,NOP,202501140CHI
Karlo Matković,Reserves: Did Not Play,NOP,202501140CHI
Antonio Reeves,Reserves: Did Not Play,NOP,202501140CHI
Jeremiah Robinson-Earl,Reserves: Did Not Play,NOP,202501140CHI
Zach LaVine,Starter,CHI,202501140CHI
Nikola Vučević,Starter,CHI,202501140CHI
Josh Giddey,Starter,CHI,202501140CHI
Coby White,Starter,CHI,202501140CHI
Patrick Williams,Starter,CHI,202501140CHI
Lonzo Ball,Reserves,CHI,202501140CHI
Julian Phillips,Reserves,CHI,202501140CHI
Jalen Smith,Reserves,CHI,202501140CHI
Matas Buzelis,Reserves,CHI,202501140CHI
Talen Horton-Tucker,Reserves,CHI,202501140CHI
Dalen Terry,Reserves,CHI,202501140CHI
Jevon Carter,Reserves: Did Not Play,CHI,202501140CHI
Chris Duarte,Reserves: Did Not Play,CHI,202501140CHI
Karl-Anthony Towns,Starter,NYK,202412190MIN
Mikal Bridges,Starter,NYK,202412190MIN
OG Anunoby,Starter,NYK,202412190MIN
Jalen Brunson,Starter,NYK,202412190MIN
Precious Achiuwa,Starter,NYK,202412190MIN
Miles McBride,Reserves,NYK,202412190MIN
Jericho Sims,Reserves,NYK,202412190MIN
Cameron Payne,Reserves,NYK,202412190MIN
Pacome Dadiet,Reserves,NYK,202412190MIN
Matt Ryan,Reserves,NYK,202412190MIN
Ariel Hukporti,Reserves,NYK,202412190MIN
Tyler Kolek,Reserves,NYK,202412190MIN
Jacob Toppin,Reserves: Did Not Play,NYK,202412190MIN
Anthony Edwards,Starter,MIN,202412190MIN
Julius Randle,Starter,MIN,202412190MIN
Jaden McDaniels,Starter,MIN,202412190MIN
Rudy Gobert,Starter,MIN,202412190MIN
Mike Conley,Starter,MIN,202412190MIN
Donte DiVincenzo,Reserves,MIN,202412190MIN
Nickeil Alexander-Walker,Reserves,MIN,202412190MIN
Rob Dillingham,Reserves,MIN,202412190MIN
Naz Reid,Reserves,MIN,202412190MIN
Josh Minott,Reserves,MIN,202412190MIN
Luka Garza,Reserves,MIN,202412190MIN
Terrence Shannon Jr. ,Reserves,MIN,202412190MIN
PJ Dozier,Reserves: Did Not Play,MIN,202412190MIN
Victor Wembanyama,Starter,SAS,202412270BRK
Jeremy Sochan,Starter,SAS,202412270BRK
Devin Vassell,Starter,SAS,202412270BRK
Chris Paul,Starter,SAS,202412270BRK
Harrison Barnes,Starter,SAS,202412270BRK
Keldon Johnson,Reserves,SAS,202412270BRK
Julian Champagnie,Reserves,SAS,202412270BRK
Stephon Castle,Reserves,SAS,202412270BRK
Tre Jones,Reserves,SAS,202412270BRK
Charles Bassey,Reserves: Did Not Play,SAS,202412270BRK
Malaki Branham,Reserves: Did Not Play,SAS,202412270BRK
Zach Collins,Reserves: Did Not Play,SAS,202412270BRK
Sandro Mamukelashvili,Reserves: Did Not Play,SAS,202412270BRK
Blake Wesley,Reserves: Did Not Play,SAS,202412270BRK
Jalen Wilson,Starter,BRK,202412270BRK
Keon Johnson,Starter,BRK,202412270BRK
Shake Milton,Starter,BRK,202412270BRK
Nic Claxton,Starter,BRK,202412270BRK
Dorian Finney-Smith,Starter,BRK,202412270BRK
Noah Clowney,Reserves,BRK,202412270BRK
Tyrese Martin,Reserves,BRK,202412270BRK
Reece Beekman,Reserves,BRK,202412270BRK
Day'Ron Sharpe,Reserves,BRK,202412270BRK
Cameron Johnson,Reserves: Did Not Dress,BRK,202412270BRK
Jaylen Martin,Reserves: Did Not Play,BRK,202412270BRK
Dariq Whitehead,Reserves: Did Not Play,BRK,202412270BRK
Trey Murphy III,Starter,NOP,202412190HOU
CJ McCollum,Starter,NOP,202412190HOU
Yves Missi,Starter,NOP,202412190HOU
Herbert Jones,Starter,NOP,202412190HOU
Dejounte Murray,Starter,NOP,202412190HOU
Brandon Boston Jr.,Reserves,NOP,202412190HOU
Jordan Hawkins,Reserves,NOP,202412190HOU
Javonte Green,Reserves,NOP,202412190HOU
Trey Jemison,Reserves,NOP,202412190HOU
Antonio Reeves,Reserves,NOP,202412190HOU
Jeremiah Robinson-Earl,Reserves,NOP,202412190HOU
Jose Alvarado,Reserves: Did Not Dress,NOP,202412190HOU
Fred VanVleet,Starter,HOU,202412190HOU
Alperen Şengün,Starter,HOU,202412190HOU
Dillon Brooks,Starter,HOU,202412190HOU
Jalen Green,Starter,HOU,202412190HOU
Jabari Smith Jr.,Starter,HOU,202412190HOU
Amen Thompson,Reserves,HOU,202412190HOU
Aaron Holiday,Reserves,HOU,202412190HOU
Reed Sheppard,Reserves,HOU,202412190HOU
Steven Adams,Reserves,HOU,202412190HOU
Cam Whitmore,Reserves,HOU,202412190HOU
Jock Landale,Reserves,HOU,202412190HOU
Jae'Sean Tate,Reserves,HOU,202412190HOU
Jeff Green,Reserves: Did Not Play,HOU,202412190HOU
Jaylen Brown,Starter,BOS,202501200GSW
Jayson Tatum,Starter,BOS,202501200GSW
Jrue Holiday,Starter,BOS,202501200GSW
Derrick White,Starter,BOS,202501200GSW
Kristaps Porziņģis,Starter,BOS,202501200GSW
Payton Pritchard,Reserves,BOS,202501200GSW
Sam Hauser,Reserves,BOS,202501200GSW
Al Horford,Reserves,BOS,202501200GSW
Luke Kornet,Reserves,BOS,202501200GSW
Jordan Walsh,Reserves,BOS,202501200GSW
Xavier Tillman Sr.,Reserves,BOS,202501200GSW
Neemias Queta,Reserves,BOS,202501200GSW
Jaden Springer,Reserves,BOS,202501200GSW
Baylor Scheierman,Reserves,BOS,202501200GSW
Stephen Curry,Starter,GSW,202501200GSW
Andrew Wiggins,Starter,GSW,202501200GSW
Trayce Jackson-Davis,Starter,GSW,202501200GSW
Dennis Schröder,Starter,GSW,202501200GSW
Gary Payton II,Starter,GSW,202501200GSW
Moses Moody,Reserves,GSW,202501200GSW
Gui Santos,Reserves,GSW,202501200GSW
Buddy Hield,Reserves,GSW,202501200GSW
Lindy Waters III,Reserves,GSW,202501200GSW
Kevon Looney,Reserves,GSW,202501200GSW
Quinten Post,Reserves,GSW,202501200GSW
Pat Spencer,Reserves,GSW,202501200GSW
Cade Cunningham,Starter,DET,202412070NYK
Tobias Harris,Starter,DET,202412070NYK
Tim Hardaway Jr.,Starter,DET,202412070NYK
Jaden Ivey,Starter,DET,202412070NYK
Jalen Duren,Starter,DET,202412070NYK
Malik Beasley,Reserves,DET,202412070NYK
Isaiah Stewart,Reserves,DET,202412070NYK
Simone Fontecchio,Reserves,DET,202412070NYK
Ron Holland,Reserves,DET,202412070NYK
Wendell Moore Jr.,Reserves,DET,202412070NYK
Paul Reed,Reserves: Did Not Play,DET,202412070NYK
Marcus Sasser,Reserves: Did Not Play,DET,202412070NYK
Jalen Brunson,Starter,NYK,202412070NYK
Josh Hart,Starter,NYK,202412070NYK
OG Anunoby,Starter,NYK,202412070NYK
Mikal Bridges,Starter,NYK,202412070NYK
Jericho Sims,Starter,NYK,202412070NYK
Precious Achiuwa,Reserves,NYK,202412070NYK
Miles McBride,Reserves,NYK,202412070NYK
Ariel Hukporti,Reserves,NYK,202412070NYK
Tyler Kolek,Reserves,NYK,202412070NYK
Cameron Payne,Reserves: Did Not Dress,NYK,202412070NYK
Matt Ryan,Reserves: Did Not Play,NYK,202412070NYK
Jacob Toppin,Reserves: Did Not Play,NYK,202412070NYK
Karl-Anthony Towns,Reserves: Did Not Dress,NYK,202412070NYK
Stephen Curry,Starter,GSW,202412190MEM
Dennis Schröder,Starter,GSW,202412190MEM
Andrew Wiggins,Starter,GSW,202412190MEM
Draymond Green,Starter,GSW,202412190MEM
Kevon Looney,Starter,GSW,202412190MEM
Jonathan Kuminga,Reserves,GSW,202412190MEM
Brandin Podziemski,Reserves,GSW,202412190MEM
Trayce Jackson-Davis,Reserves,GSW,202412190MEM
Buddy Hield,Reserves,GSW,202412190MEM
Kyle Anderson,Reserves,GSW,202412190MEM
Lindy Waters III,Reserves,GSW,202412190MEM
Gui Santos,Reserves,GSW,202412190MEM
Gary Payton II,Reserves,GSW,202412190MEM
Desmond Bane,Starter,MEM,202412190MEM
Zach Edey,Starter,MEM,202412190MEM
Jaylen Wells,Starter,MEM,202412190MEM
Jaren Jackson Jr.,Starter,MEM,202412190MEM
Ja Morant,Starter,MEM,202412190MEM
Santi Aldama,Reserves,MEM,202412190MEM
Brandon Clarke,Reserves,MEM,202412190MEM
Jake LaRavia,Reserves,MEM,202412190MEM
Luke Kennard,Reserves,MEM,202412190MEM
Scotty Pippen Jr.,Reserves,MEM,202412190MEM
John Konchar,Reserves,MEM,202412190MEM
Cam Spencer,Reserves,MEM,202412190MEM
Cameron Johnson,Starter,BRK,202412190TOR
Ben Simmons,Starter,BRK,202412190TOR
Dorian Finney-Smith,Starter,BRK,202412190TOR
Nic Claxton,Starter,BRK,202412190TOR
Keon Johnson,Starter,BRK,202412190TOR
Noah Clowney,Reserves,BRK,202412190TOR
Shake Milton,Reserves,BRK,202412190TOR
Jalen Wilson,Reserves,BRK,202412190TOR
Tyrese Martin,Reserves,BRK,202412190TOR
Day'Ron Sharpe,Reserves,BRK,202412190TOR
Reece Beekman,Reserves,BRK,202412190TOR
Ziaire Williams,Reserves: Did Not Dress,BRK,202412190TOR
Scottie Barnes,Starter,TOR,202412190TOR
Ochai Agbaji,Starter,TOR,202412190TOR
Gradey Dick,Starter,TOR,202412190TOR
Jonathan Mogbo,Starter,TOR,202412190TOR
Ja'Kobe Walter,Starter,TOR,202412190TOR
Jamal Shead,Reserves,TOR,202412190TOR
Chris Boucher,Reserves,TOR,202412190TOR
Jamison Battle,Reserves,TOR,202412190TOR
Kelly Olynyk,Reserves,TOR,202412190TOR
RJ Barrett,Reserves,TOR,202412190TOR
Bruno Fernando,Reserves: Did Not Play,TOR,202412190TOR
Garrett Temple,Reserves: Did Not Play,TOR,202412190TOR
Anthony Davis,Starter,LAL,202501190LAC
LeBron James,Starter,LAL,202501190LAC
Austin Reaves,Starter,LAL,202501190LAC
Rui Hachimura,Starter,LAL,202501190LAC
Max Christie,Starter,LAL,202501190LAC
Gabe Vincent,Reserves,LAL,202501190LAC
Dorian Finney-Smith,Reserves,LAL,202501190LAC
Dalton Knecht,Reserves,LAL,202501190LAC
Jaxson Hayes,Reserves,LAL,202501190LAC
Bronny James,Reserves,LAL,202501190LAC
Christian Koloko,Reserves,LAL,202501190LAC
Trey Jemison,Reserves: Did Not Play,LAL,202501190LAC
Shake Milton,Reserves: Did Not Play,LAL,202501190LAC
Cam Reddish,Reserves: Did Not Play,LAL,202501190LAC
James Harden,Starter,LAC,202501190LAC
Norman Powell,Starter,LAC,202501190LAC
Ivica Zubac,Starter,LAC,202501190LAC
Derrick Jones Jr.,Starter,LAC,202501190LAC
Kawhi Leonard,Starter,LAC,202501190LAC
Amir Coffey,Reserves,LAC,202501190LAC
Nicolas Batum,Reserves,LAC,202501190LAC
Kevin Porter Jr.,Reserves,LAC,202501190LAC
Kris Dunn,Reserves,LAC,202501190LAC
Mo Bamba,Reserves,LAC,202501190LAC
Cam Christie,Reserves,LAC,202501190LAC
Kobe Brown,Reserves: Did Not Play,LAC,202501190LAC
Bones Hyland,Reserves: Did Not Play,LAC,202501190LAC
Terance Mann,Reserves: Did Not Play,LAC,202501190LAC
Jordan Miller,Reserves: Did Not Play,LAC,202501190LAC
Ayo Dosunmu,Starter,CHI,202412190BOS
Zach LaVine,Starter,CHI,202412190BOS
Nikola Vučević,Starter,CHI,202412190BOS
Coby White,Starter,CHI,202412190BOS
Patrick Williams,Starter,CHI,202412190BOS
Julian Phillips,Reserves,CHI,202412190BOS
Talen Horton-Tucker,Reserves,CHI,202412190BOS
Lonzo Ball,Reserves,CHI,202412190BOS
Jalen Smith,Reserves,CHI,202412190BOS
Matas Buzelis,Reserves,CHI,202412190BOS
Jevon Carter,Reserves: Did Not Play,CHI,202412190BOS
Torrey Craig,Reserves: Did Not Play,CHI,202412190BOS
Jayson Tatum,Starter,BOS,202412190BOS
Jaylen Brown,Starter,BOS,202412190BOS
Kristaps Porziņģis,Starter,BOS,202412190BOS
Derrick White,Starter,BOS,202412190BOS
Jrue Holiday,Starter,BOS,202412190BOS
Payton Pritchard,Reserves,BOS,202412190BOS
Al Horford,Reserves,BOS,202412190BOS
Jaden Springer,Reserves,BOS,202412190BOS
Luke Kornet,Reserves,BOS,202412190BOS
Neemias Queta,Reserves,BOS,202412190BOS
Jordan Walsh,Reserves,BOS,202412190BOS
Sam Hauser,Reserves: Did Not Dress,BOS,202412190BOS
Xavier Tillman Sr.,Reserves: Did Not Dress,BOS,202412190BOS
Stephen Curry,Starter,GSW,202501150MIN
Andrew Wiggins,Starter,GSW,202501150MIN
Trayce Jackson-Davis,Starter,GSW,202501150MIN
Dennis Schröder,Starter,GSW,202501150MIN
Gui Santos,Starter,GSW,202501150MIN
Buddy Hield,Reserves,GSW,202501150MIN
Moses Moody,Reserves,GSW,202501150MIN
Kevon Looney,Reserves,GSW,202501150MIN
Gary Payton II,Reserves,GSW,202501150MIN
Pat Spencer,Reserves: Did Not Play,GSW,202501150MIN
Lindy Waters III,Reserves: Did Not Play,GSW,202501150MIN
Anthony Edwards,Starter,MIN,202501150MIN
Donte DiVincenzo,Starter,MIN,202501150MIN
Jaden McDaniels,Starter,MIN,202501150MIN
Rudy Gobert,Starter,MIN,202501150MIN
Julius Randle,Starter,MIN,202501150MIN
Naz Reid,Reserves,MIN,202501150MIN
Nickeil Alexander-Walker,Reserves,MIN,202501150MIN
Mike Conley,Reserves,MIN,202501150MIN
Jaylen Clark,Reserves: Did Not Play,MIN,202501150MIN
Luka Garza,Reserves: Did Not Play,MIN,202501150MIN
Joe Ingles,Reserves: Did Not Play,MIN,202501150MIN
Leonard Miller,Reserves: Did Not Play,MIN,202501150MIN
Josh Minott,Reserves: Did Not Play,MIN,202501150MIN
Tristen Newton,Reserves: Did Not Play,MIN,202501150MIN
Paul George,Starter,PHI,202412030CHO
Tyrese Maxey,Starter,PHI,202412030CHO
Guerschon Yabusele,Starter,PHI,202412030CHO
Kelly Oubre Jr.,Starter,PHI,202412030CHO
KJ Martin,Starter,PHI,202412030CHO
Caleb Martin,Reserves,PHI,202412030CHO
Jared McCain,Reserves,PHI,202412030CHO
Adem Bona,Reserves,PHI,202412030CHO
Kyle Lowry,Reserves,PHI,202412030CHO
Ricky Council IV,Reserves,PHI,202412030CHO
Justin Edwards,Reserves: Did Not Play,PHI,202412030CHO
Eric Gordon,Reserves: Did Not Play,PHI,202412030CHO
Reggie Jackson,Reserves: Did Not Play,PHI,202412030CHO
Pete Nance,Reserves: Did Not Play,PHI,202412030CHO
Brandon Miller,Starter,CHO,202412030CHO
Josh Green,Starter,CHO,202412030CHO
Nick Richards,Starter,CHO,202412030CHO
Tidjane Salaün,Starter,CHO,202412030CHO
Vasilije Micić,Starter,CHO,202412030CHO
Cody Martin,Reserves,CHO,202412030CHO
KJ Simpson,Reserves,CHO,202412030CHO
Nick Smith Jr.,Reserves,CHO,202412030CHO
Moussa Diabaté,Reserves,CHO,202412030CHO
Mark Williams,Reserves,CHO,202412030CHO
Seth Curry,Reserves,CHO,202412030CHO
Taj Gibson,Reserves: Did Not Play,CHO,202412030CHO
DaQuan Jeffries,Reserves: Did Not Play,CHO,202412030CHO
Isaiah Wong,Reserves: Did Not Play,CHO,202412030CHO
James Harden,Starter,LAC,202501310CHO
Norman Powell,Starter,LAC,202501310CHO
Derrick Jones Jr.,Starter,LAC,202501310CHO
Ivica Zubac,Starter,LAC,202501310CHO
Kawhi Leonard,Starter,LAC,202501310CHO
Amir Coffey,Reserves,LAC,202501310CHO
Terance Mann,Reserves,LAC,202501310CHO
Kevin Porter Jr.,Reserves,LAC,202501310CHO
Kobe Brown,Reserves,LAC,202501310CHO
Jordan Miller,Reserves,LAC,202501310CHO
Mo Bamba,Reserves: Did Not Play,LAC,202501310CHO
Bones Hyland,Reserves: Did Not Play,LAC,202501310CHO
Miles Bridges,Starter,CHO,202501310CHO
Josh Green,Starter,CHO,202501310CHO
Vasilije Micić,Starter,CHO,202501310CHO
Nick Smith Jr.,Starter,CHO,202501310CHO
Taj Gibson,Starter,CHO,202501310CHO
Moussa Diabaté,Reserves,CHO,202501310CHO
KJ Simpson,Reserves,CHO,202501310CHO
Josh Okogie,Reserves,CHO,202501310CHO
Seth Curry,Reserves,CHO,202501310CHO
DaQuan Jeffries,Reserves,CHO,202501310CHO
Grant Williams,Reserves: Did Not Dress,CHO,202501310CHO
Isaiah Wong,Reserves: Did Not Play,CHO,202501310CHO
Derrick White,Starter,BOS,202412150WAS
Jayson Tatum,Starter,BOS,202412150WAS
Jaylen Brown,Starter,BOS,202412150WAS
Jrue Holiday,Starter,BOS,202412150WAS
Kristaps Porziņģis,Starter,BOS,202412150WAS
Payton Pritchard,Reserves,BOS,202412150WAS
Sam Hauser,Reserves,BOS,202412150WAS
Luke Kornet,Reserves,BOS,202412150WAS
Neemias Queta,Reserves,BOS,202412150WAS
Jaden Springer,Reserves,BOS,202412150WAS
Xavier Tillman Sr.,Reserves,BOS,202412150WAS
Jordan Walsh,Reserves,BOS,202412150WAS
Al Horford,Reserves: Did Not Dress,BOS,202412150WAS
Carlton Carrington,Starter,WAS,202412150WAS
Justin Champagnie,Starter,WAS,202412150WAS
Bilal Coulibaly,Starter,WAS,202412150WAS
Jordan Poole,Starter,WAS,202412150WAS
Alex Sarr,Starter,WAS,202412150WAS
Jared Butler,Reserves,WAS,202412150WAS
Johnny Davis,Reserves,WAS,202412150WAS
Marvin Bagley III,Reserves,WAS,202412150WAS
Anthony Gill,Reserves,WAS,202412150WAS
Jonas Valančiūnas,Reserves,WAS,202412150WAS
Patrick Baldwin Jr.,Reserves,WAS,202412150WAS
Richaun Holmes,Reserves: Did Not Play,WAS,202412150WAS
Julius Randle,Starter,MIN,202412270HOU
Anthony Edwards,Starter,MIN,202412270HOU
Rudy Gobert,Starter,MIN,202412270HOU
Mike Conley,Starter,MIN,202412270HOU
Jaden McDaniels,Starter,MIN,202412270HOU
Donte DiVincenzo,Reserves,MIN,202412270HOU
Nickeil Alexander-Walker,Reserves,MIN,202412270HOU
Naz Reid,Reserves,MIN,202412270HOU
Josh Minott,Reserves,MIN,202412270HOU
Rob Dillingham,Reserves: Did Not Play,MIN,202412270HOU
PJ Dozier,Reserves: Did Not Play,MIN,202412270HOU
Joe Ingles,Reserves: Did Not Play,MIN,202412270HOU
Leonard Miller,Reserves: Did Not Play,MIN,202412270HOU
Terrence Shannon Jr. ,Reserves: Did Not Play,MIN,202412270HOU
Jabari Smith Jr.,Starter,HOU,202412270HOU
Alperen Şengün,Starter,HOU,202412270HOU
Amen Thompson,Starter,HOU,202412270HOU
Jalen Green,Starter,HOU,202412270HOU
Fred VanVleet,Starter,HOU,202412270HOU
Jae'Sean Tate,Reserves,HOU,202412270HOU
Cam Whitmore,Reserves,HOU,202412270HOU
Aaron Holiday,Reserves,HOU,202412270HOU
Reed Sheppard,Reserves,HOU,202412270HOU
Steven Adams,Reserves,HOU,202412270HOU
Dillon Brooks,Reserves: Did Not Dress,HOU,202412270HOU
Tari Eason,Reserves: Did Not Dress,HOU,202412270HOU
Jeff Green,Reserves: Did Not Play,HOU,202412270HOU
Jock Landale,Reserves: Did Not Play,HOU,202412270HOU
Shai Gilgeous-Alexander,Starter,OKC,202501260POR
Jalen Williams,Starter,OKC,202501260POR
Isaiah Hartenstein,Starter,OKC,202501260POR
Cason Wallace,Starter,OKC,202501260POR
Aaron Wiggins,Starter,OKC,202501260POR
Isaiah Joe,Reserves,OKC,202501260POR
Alex Caruso,Reserves,OKC,202501260POR
Jaylin Williams,Reserves,OKC,202501260POR
Kenrich Williams,Reserves,OKC,202501260POR
Ousmane Dieng,Reserves,OKC,202501260POR
Branden Carlson,Reserves: Did Not Play,OKC,202501260POR
Alex Ducas,Reserves: Did Not Play,OKC,202501260POR
Adam Flagler,Reserves: Did Not Play,OKC,202501260POR
Deni Avdija,Starter,POR,202501260POR
Anfernee Simons,Starter,POR,202501260POR
Toumani Camara,Starter,POR,202501260POR
Jerami Grant,Starter,POR,202501260POR
Donovan Clingan,Starter,POR,202501260POR
Scoot Henderson,Reserves,POR,202501260POR
Robert Williams,Reserves,POR,202501260POR
Shaedon Sharpe,Reserves,POR,202501260POR
Dalano Banton,Reserves,POR,202501260POR
Kris Murray,Reserves,POR,202501260POR
Bryce McGowens,Reserves: Did Not Play,POR,202501260POR
Justin Minaya,Reserves: Did Not Play,POR,202501260POR
Duop Reath,Reserves: Did Not Play,POR,202501260POR
Rayan Rupert,Reserves: Did Not Play,POR,202501260POR
Jabari Walker,Reserves: Did Not Play,POR,202501260POR
Shai Gilgeous-Alexander,Starter,OKC,202501120WAS
Cason Wallace,Starter,OKC,202501120WAS
Luguentz Dort,Starter,OKC,202501120WAS
Isaiah Hartenstein,Starter,OKC,202501120WAS
Jalen Williams,Starter,OKC,202501120WAS
Aaron Wiggins,Reserves,OKC,202501120WAS
Jaylin Williams,Reserves,OKC,202501120WAS
Kenrich Williams,Reserves,OKC,202501120WAS
Isaiah Joe,Reserves,OKC,202501120WAS
Branden Carlson,Reserves,OKC,202501120WAS
Alex Ducas,Reserves,OKC,202501120WAS
Alex Caruso,Reserves: Did Not Dress,OKC,202501120WAS
Carlton Carrington,Starter,WAS,202501120WAS
Kyle Kuzma,Starter,WAS,202501120WAS
Bilal Coulibaly,Starter,WAS,202501120WAS
Alex Sarr,Starter,WAS,202501120WAS
Jordan Poole,Starter,WAS,202501120WAS
Corey Kispert,Reserves,WAS,202501120WAS
Kyshawn George,Reserves,WAS,202501120WAS
Jonas Valančiūnas,Reserves,WAS,202501120WAS
Justin Champagnie,Reserves,WAS,202501120WAS
Jared Butler,Reserves,WAS,202501120WAS
Anthony Gill,Reserves,WAS,202501120WAS
Patrick Baldwin Jr.,Reserves,WAS,202501120WAS
Johnny Davis,Reserves,WAS,202501120WAS
Richaun Holmes,Reserves: Did Not Play,WAS,202501120WAS
Anthony Edwards,Starter,MIN,202501130WAS
Julius Randle,Starter,MIN,202501130WAS
Rudy Gobert,Starter,MIN,202501130WAS
Jaden McDaniels,Starter,MIN,202501130WAS
Donte DiVincenzo,Starter,MIN,202501130WAS
Naz Reid,Reserves,MIN,202501130WAS
Nickeil Alexander-Walker,Reserves,MIN,202501130WAS
Mike Conley,Reserves,MIN,202501130WAS
Josh Minott,Reserves,MIN,202501130WAS
Jaylen Clark,Reserves,MIN,202501130WAS
Luka Garza,Reserves,MIN,202501130WAS
Leonard Miller,Reserves,MIN,202501130WAS
Tristen Newton,Reserves,MIN,202501130WAS
Joe Ingles,Reserves: Did Not Play,MIN,202501130WAS
Kyle Kuzma,Starter,WAS,202501130WAS
Bilal Coulibaly,Starter,WAS,202501130WAS
Carlton Carrington,Starter,WAS,202501130WAS
Jordan Poole,Starter,WAS,202501130WAS
Alex Sarr,Starter,WAS,202501130WAS
Jonas Valančiūnas,Reserves,WAS,202501130WAS
Corey Kispert,Reserves,WAS,202501130WAS
Kyshawn George,Reserves,WAS,202501130WAS
Justin Champagnie,Reserves,WAS,202501130WAS
Jared Butler,Reserves,WAS,202501130WAS
Anthony Gill,Reserves,WAS,202501130WAS
Patrick Baldwin Jr.,Reserves,WAS,202501130WAS
Johnny Davis,Reserves,WAS,202501130WAS
Richaun Holmes,Reserves: Did Not Play,WAS,202501130WAS
Cade Cunningham,Starter,DET,202501200HOU
Tobias Harris,Starter,DET,202501200HOU
Jalen Duren,Starter,DET,202501200HOU
Tim Hardaway Jr.,Starter,DET,202501200HOU
Ausar Thompson,Starter,DET,202501200HOU
Malik Beasley,Reserves,DET,202501200HOU
Isaiah Stewart,Reserves,DET,202501200HOU
Ron Holland,Reserves,DET,202501200HOU
Marcus Sasser,Reserves,DET,202501200HOU
Simone Fontecchio,Reserves,DET,202501200HOU
Wendell Moore Jr.,Reserves: Did Not Play,DET,202501200HOU
Paul Reed,Reserves: Did Not Play,DET,202501200HOU
Amen Thompson,Starter,HOU,202501200HOU
Fred VanVleet,Starter,HOU,202501200HOU
Jalen Green,Starter,HOU,202501200HOU
Dillon Brooks,Starter,HOU,202501200HOU
Alperen Şengün,Starter,HOU,202501200HOU
Tari Eason,Reserves,HOU,202501200HOU
Cam Whitmore,Reserves,HOU,202501200HOU
Aaron Holiday,Reserves,HOU,202501200HOU
Jock Landale,Reserves,HOU,202501200HOU
Steven Adams,Reserves: Did Not Play,HOU,202501200HOU
Jeff Green,Reserves: Did Not Play,HOU,202501200HOU
Reed Sheppard,Reserves: Did Not Play,HOU,202501200HOU
Jabari Smith Jr.,Reserves: Did Not Dress,HOU,202501200HOU
Jae'Sean Tate,Reserves: Did Not Play,HOU,202501200HOU
Jeenathan Williams,Reserves: Did Not Play,HOU,202501200HOU
Rui Hachimura,Starter,LAL,202412130MIN
Max Christie,Starter,LAL,202412130MIN
Anthony Davis,Starter,LAL,202412130MIN
Austin Reaves,Starter,LAL,202412130MIN
Gabe Vincent,Starter,LAL,202412130MIN
Cam Reddish,Reserves,LAL,202412130MIN
D'Angelo Russell,Reserves,LAL,202412130MIN
Dalton Knecht,Reserves,LAL,202412130MIN
Christian Koloko,Reserves,LAL,202412130MIN
Armel Traoré,Reserves: Did Not Play,LAL,202412130MIN
Maxwell Lewis,Reserves: Did Not Play,LAL,202412130MIN
Quincy Olivari,Reserves: Did Not Play,LAL,202412130MIN
Rudy Gobert,Starter,MIN,202412130MIN
Jaden McDaniels,Starter,MIN,202412130MIN
Julius Randle,Starter,MIN,202412130MIN
Anthony Edwards,Starter,MIN,202412130MIN
Mike Conley,Starter,MIN,202412130MIN
Naz Reid,Reserves,MIN,202412130MIN
Donte DiVincenzo,Reserves,MIN,202412130MIN
Nickeil Alexander-Walker,Reserves,MIN,202412130MIN
Rob Dillingham,Reserves,MIN,202412130MIN
PJ Dozier,Reserves: Did Not Play,MIN,202412130MIN
Luka Garza,Reserves: Did Not Play,MIN,202412130MIN
Josh Minott,Reserves: Did Not Play,MIN,202412130MIN
Terrence Shannon Jr. ,Reserves: Did Not Play,MIN,202412130MIN
Kevin Durant,Starter,PHO,202501040IND
Devin Booker,Starter,PHO,202501040IND
Bradley Beal,Starter,PHO,202501040IND
Ryan Dunn,Starter,PHO,202501040IND
Mason Plumlee,Starter,PHO,202501040IND
Grayson Allen,Reserves,PHO,202501040IND
Monte Morris,Reserves,PHO,202501040IND
Josh Okogie,Reserves,PHO,202501040IND
Bol Bol,Reserves,PHO,202501040IND
Damion Lee,Reserves,PHO,202501040IND
TyTy Washington Jr.,Reserves,PHO,202501040IND
Jusuf Nurkić,Reserves,PHO,202501040IND
Bennedict Mathurin,Starter,IND,202501040IND
Pascal Siakam,Starter,IND,202501040IND
Tyrese Haliburton,Starter,IND,202501040IND
Andrew Nembhard,Starter,IND,202501040IND
Myles Turner,Starter,IND,202501040IND
Ben Sheppard,Reserves,IND,202501040IND
T.J. McConnell,Reserves,IND,202501040IND
Obi Toppin,Reserves,IND,202501040IND
Jarace Walker,Reserves,IND,202501040IND
Thomas Bryant,Reserves,IND,202501040IND
Johnny Furphy,Reserves,IND,202501040IND
James Johnson,Reserves: Did Not Play,IND,202501040IND
Aaron Nesmith,Reserves: Did Not Dress,IND,202501040IND
Jamal Murray,Starter,DEN,202412050CLE
Christian Braun,Starter,DEN,202412050CLE
Nikola Jokić,Starter,DEN,202412050CLE
Michael Porter Jr.,Starter,DEN,202412050CLE
Aaron Gordon,Starter,DEN,202412050CLE
Peyton Watson,Reserves,DEN,202412050CLE
Russell Westbrook,Reserves,DEN,202412050CLE
Julian Strawther,Reserves,DEN,202412050CLE
Zeke Nnaji,Reserves,DEN,202412050CLE
PJ Hall,Reserves: Did Not Play,DEN,202412050CLE
DeAndre Jordan,Reserves: Did Not Play,DEN,202412050CLE
Jalen Pickett,Reserves: Did Not Play,DEN,202412050CLE
Dario Šarić,Reserves: Did Not Play,DEN,202412050CLE
Hunter Tyson,Reserves: Did Not Play,DEN,202412050CLE
Jarrett Allen,Starter,CLE,202412050CLE
Darius Garland,Starter,CLE,202412050CLE
Donovan Mitchell,Starter,CLE,202412050CLE
Evan Mobley,Starter,CLE,202412050CLE
Isaac Okoro,Starter,CLE,202412050CLE
Caris LeVert,Reserves,CLE,202412050CLE
Sam Merrill,Reserves,CLE,202412050CLE
Dean Wade,Reserves,CLE,202412050CLE
Georges Niang,Reserves,CLE,202412050CLE
Ty Jerome,Reserves,CLE,202412050CLE
Tristan Thompson,Reserves: Did Not Play,CLE,202412050CLE
JT Thor,Reserves: Did Not Play,CLE,202412050CLE
Jaylon Tyson,Reserves: Did Not Play,CLE,202412050CLE
Jalen Johnson,Starter,ATL,202412190SAS
Trae Young,Starter,ATL,202412190SAS
Dyson Daniels,Starter,ATL,202412190SAS
Zaccharie Risacher,Starter,ATL,202412190SAS
Clint Capela,Starter,ATL,202412190SAS
De'Andre Hunter,Reserves,ATL,202412190SAS
Larry Nance Jr.,Reserves,ATL,202412190SAS
Bogdan Bogdanović,Reserves,ATL,202412190SAS
Vit Krejci,Reserves,ATL,202412190SAS
Dominick Barlow,Reserves: Did Not Play,ATL,202412190SAS
Garrison Mathews,Reserves: Did Not Play,ATL,202412190SAS
David Roddy,Reserves: Did Not Play,ATL,202412190SAS
Jeremy Sochan,Starter,SAS,202412190SAS
Devin Vassell,Starter,SAS,202412190SAS
Victor Wembanyama,Starter,SAS,202412190SAS
Chris Paul,Starter,SAS,202412190SAS
Harrison Barnes,Starter,SAS,202412190SAS
Keldon Johnson,Reserves,SAS,202412190SAS
Julian Champagnie,Reserves,SAS,202412190SAS
Stephon Castle,Reserves,SAS,202412190SAS
Tre Jones,Reserves,SAS,202412190SAS
Charles Bassey,Reserves,SAS,202412190SAS
Malaki Branham,Reserves: Did Not Play,SAS,202412190SAS
Sidy Cissoko,Reserves: Did Not Play,SAS,202412190SAS
Zach Collins,Reserves: Did Not Play,SAS,202412190SAS
Sandro Mamukelashvili,Reserves: Did Not Play,SAS,202412190SAS
Blake Wesley,Reserves: Did Not Play,SAS,202412190SAS
Dillon Brooks,Starter,HOU,202501180POR
Fred VanVleet,Starter,HOU,202501180POR
Alperen Şengün,Starter,HOU,202501180POR
Jalen Green,Starter,HOU,202501180POR
Jae'Sean Tate,Starter,HOU,202501180POR
Cam Whitmore,Reserves,HOU,202501180POR
Tari Eason,Reserves,HOU,202501180POR
Steven Adams,Reserves,HOU,202501180POR
Aaron Holiday,Reserves,HOU,202501180POR
Reed Sheppard,Reserves,HOU,202501180POR
Jeenathan Williams,Reserves,HOU,202501180POR
Jeff Green,Reserves: Did Not Play,HOU,202501180POR
Jabari Smith Jr.,Reserves: Did Not Dress,HOU,202501180POR
Amen Thompson,Reserves: Did Not Dress,HOU,202501180POR
Anfernee Simons,Starter,POR,202501180POR
Toumani Camara,Starter,POR,202501180POR
Shaedon Sharpe,Starter,POR,202501180POR
Jerami Grant,Starter,POR,202501180POR
Robert Williams,Starter,POR,202501180POR
Scoot Henderson,Reserves,POR,202501180POR
Kris Murray,Reserves,POR,202501180POR
Dalano Banton,Reserves,POR,202501180POR
Jabari Walker,Reserves,POR,202501180POR
Duop Reath,Reserves,POR,202501180POR
Rayan Rupert,Reserves,POR,202501180POR
Bryce McGowens,Reserves,POR,202501180POR
Justin Minaya,Reserves,POR,202501180POR
Donovan Clingan,Reserves: Did Not Dress,POR,202501180POR
Matisse Thybulle,Reserves: Did Not Dress,POR,202501180POR
Zach LaVine,Starter,CHI,202501190POR
Nikola Vučević,Starter,CHI,202501190POR
Josh Giddey,Starter,CHI,202501190POR
Coby White,Starter,CHI,202501190POR
Patrick Williams,Starter,CHI,202501190POR
Ayo Dosunmu,Reserves,CHI,202501190POR
Dalen Terry,Reserves,CHI,202501190POR
Matas Buzelis,Reserves,CHI,202501190POR
Jalen Smith,Reserves,CHI,202501190POR
Julian Phillips,Reserves,CHI,202501190POR
Talen Horton-Tucker,Reserves,CHI,202501190POR
Lonzo Ball,Reserves: Did Not Dress,CHI,202501190POR
Scoot Henderson,Starter,POR,202501190POR
Deandre Ayton,Starter,POR,202501190POR
Deni Avdija,Starter,POR,202501190POR
Jerami Grant,Starter,POR,202501190POR
Toumani Camara,Starter,POR,202501190POR
Shaedon Sharpe,Reserves,POR,202501190POR
Kris Murray,Reserves,POR,202501190POR
Jabari Walker,Reserves,POR,202501190POR
Dalano Banton,Reserves,POR,202501190POR
Donovan Clingan,Reserves: Did Not Dress,POR,202501190POR
Bryce McGowens,Reserves: Did Not Play,POR,202501190POR
Justin Minaya,Reserves: Did Not Play,POR,202501190POR
Duop Reath,Reserves: Did Not Play,POR,202501190POR
Rayan Rupert,Reserves: Did Not Play,POR,202501190POR
Matisse Thybulle,Reserves: Did Not Dress,POR,202501190POR
Keyonte George,Starter,UTA,202501010NYK
Lauri Markkanen,Starter,UTA,202501010NYK
Collin Sexton,Starter,UTA,202501010NYK
Walker Kessler,Starter,UTA,202501010NYK
Johnny Juzang,Starter,UTA,202501010NYK
Jordan Clarkson,Reserves,UTA,202501010NYK
Svi Mykhailiuk,Reserves,UTA,202501010NYK
Brice Sensabaugh,Reserves,UTA,202501010NYK
Isaiah Collier,Reserves,UTA,202501010NYK
Kyle Filipowski,Reserves,UTA,202501010NYK
Drew Eubanks,Reserves: Did Not Play,UTA,202501010NYK
Patty Mills,Reserves: Did Not Play,UTA,202501010NYK
Micah Potter,Reserves: Did Not Play,UTA,202501010NYK
Josh Hart,Starter,NYK,202501010NYK
Mikal Bridges,Starter,NYK,202501010NYK
OG Anunoby,Starter,NYK,202501010NYK
Karl-Anthony Towns,Starter,NYK,202501010NYK
Cameron Payne,Starter,NYK,202501010NYK
Precious Achiuwa,Reserves,NYK,202501010NYK
Tyler Kolek,Reserves,NYK,202501010NYK
Landry Shamet,Reserves,NYK,202501010NYK
Jalen Brunson,Reserves: Did Not Dress,NYK,202501010NYK
Pacome Dadiet,Reserves: Did Not Play,NYK,202501010NYK
Ariel Hukporti,Reserves: Did Not Play,NYK,202501010NYK
Miles McBride,Reserves: Did Not Play,NYK,202501010NYK
Matt Ryan,Reserves: Did Not Play,NYK,202501010NYK
Jericho Sims,Reserves: Did Not Play,NYK,202501010NYK
Jacob Toppin,Reserves: Did Not Play,NYK,202501010NYK
Shaedon Sharpe,Starter,POR,202501060DET
Toumani Camara,Starter,POR,202501060DET
Anfernee Simons,Starter,POR,202501060DET
Deandre Ayton,Starter,POR,202501060DET
Deni Avdija,Starter,POR,202501060DET
Kris Murray,Reserves,POR,202501060DET
Scoot Henderson,Reserves,POR,202501060DET
Donovan Clingan,Reserves,POR,202501060DET
Dalano Banton,Reserves: Did Not Play,POR,202501060DET
Jerami Grant,Reserves: Did Not Dress,POR,202501060DET
Duop Reath,Reserves: Did Not Play,POR,202501060DET
Rayan Rupert,Reserves: Did Not Play,POR,202501060DET
Matisse Thybulle,Reserves: Did Not Dress,POR,202501060DET
Jabari Walker,Reserves: Did Not Play,POR,202501060DET
Robert Williams,Reserves: Did Not Play,POR,202501060DET
Cade Cunningham,Starter,DET,202501060DET
Tobias Harris,Starter,DET,202501060DET
Tim Hardaway Jr.,Starter,DET,202501060DET
Malik Beasley,Starter,DET,202501060DET
Jalen Duren,Starter,DET,202501060DET
Simone Fontecchio,Reserves,DET,202501060DET
Marcus Sasser,Reserves,DET,202501060DET
Ron Holland,Reserves,DET,202501060DET
Isaiah Stewart,Reserves,DET,202501060DET
Paul Reed,Reserves,DET,202501060DET
Wendell Moore Jr.,Reserves,DET,202501060DET
Daniss Jenkins,Reserves: Did Not Play,DET,202501060DET
Bobi Klintman,Reserves: Did Not Play,DET,202501060DET
Brandon Miller,Starter,CHO,202412130CHI
Josh Green,Starter,CHO,202412130CHI
Vasilije Micić,Starter,CHO,202412130CHI
Miles Bridges,Starter,CHO,202412130CHI
Mark Williams,Starter,CHO,202412130CHI
Cody Martin,Reserves,CHO,202412130CHI
Tidjane Salaün,Reserves,CHO,202412130CHI
Isaiah Wong,Reserves,CHO,202412130CHI
Nick Richards,Reserves,CHO,202412130CHI
Moussa Diabaté,Reserves,CHO,202412130CHI
Seth Curry,Reserves,CHO,202412130CHI
KJ Simpson,Reserves,CHO,202412130CHI
Taj Gibson,Reserves,CHO,202412130CHI
DaQuan Jeffries,Reserves: Did Not Play,CHO,202412130CHI
Nick Smith Jr.,Reserves: Did Not Play,CHO,202412130CHI
Zach LaVine,Starter,CHI,202412130CHI
Coby White,Starter,CHI,202412130CHI
Ayo Dosunmu,Starter,CHI,202412130CHI
Josh Giddey,Starter,CHI,202412130CHI
Jalen Smith,Starter,CHI,202412130CHI
Matas Buzelis,Reserves,CHI,202412130CHI
Lonzo Ball,Reserves,CHI,202412130CHI
Patrick Williams,Reserves,CHI,202412130CHI
Talen Horton-Tucker,Reserves,CHI,202412130CHI
Julian Phillips,Reserves,CHI,202412130CHI
Adama Sanogo,Reserves,CHI,202412130CHI
Jevon Carter,Reserves: Did Not Play,CHI,202412130CHI
Chris Duarte,Reserves: Did Not Play,CHI,202412130CHI
Karl-Anthony Towns,Starter,NYK,202501210BRK
Josh Hart,Starter,NYK,202501210BRK
Jalen Brunson,Starter,NYK,202501210BRK
OG Anunoby,Starter,NYK,202501210BRK
Mikal Bridges,Starter,NYK,202501210BRK
Miles McBride,Reserves,NYK,202501210BRK
Precious Achiuwa,Reserves,NYK,202501210BRK
Cameron Payne,Reserves,NYK,202501210BRK
Landry Shamet,Reserves,NYK,202501210BRK
Pacome Dadiet,Reserves: Did Not Play,NYK,202501210BRK
Ariel Hukporti,Reserves: Did Not Play,NYK,202501210BRK
Tyler Kolek,Reserves: Did Not Play,NYK,202501210BRK
Matt Ryan,Reserves: Did Not Play,NYK,202501210BRK
Jericho Sims,Reserves: Did Not Play,NYK,202501210BRK
Jacob Toppin,Reserves: Did Not Play,NYK,202501210BRK
Cameron Johnson,Starter,BRK,202501210BRK
Nic Claxton,Starter,BRK,202501210BRK
D'Angelo Russell,Starter,BRK,202501210BRK
Keon Johnson,Starter,BRK,202501210BRK
Noah Clowney,Starter,BRK,202501210BRK
Jalen Wilson,Reserves,BRK,202501210BRK
Tyrese Martin,Reserves,BRK,202501210BRK
Tosan Evbuomwan,Reserves,BRK,202501210BRK
Day'Ron Sharpe,Reserves,BRK,202501210BRK
Reece Beekman,Reserves: Did Not Play,BRK,202501210BRK
Trendon Watford,Reserves: Did Not Dress,BRK,202501210BRK
Ziaire Williams,Reserves: Did Not Dress,BRK,202501210BRK
Cade Cunningham,Starter,DET,202412120BOS
Isaiah Stewart,Starter,DET,202412120BOS
Jaden Ivey,Starter,DET,202412120BOS
Tobias Harris,Starter,DET,202412120BOS
Tim Hardaway Jr.,Starter,DET,202412120BOS
Ron Holland,Reserves,DET,202412120BOS
Marcus Sasser,Reserves,DET,202412120BOS
Simone Fontecchio,Reserves,DET,202412120BOS
Malik Beasley,Reserves,DET,202412120BOS
Paul Reed,Reserves,DET,202412120BOS
Ausar Thompson,Reserves,DET,202412120BOS
Wendell Moore Jr.,Reserves,DET,202412120BOS
Derrick White,Starter,BOS,202412120BOS
Kristaps Porziņģis,Starter,BOS,202412120BOS
Jaylen Brown,Starter,BOS,202412120BOS
Jrue Holiday,Starter,BOS,202412120BOS
Al Horford,Starter,BOS,202412120BOS
Payton Pritchard,Reserves,BOS,202412120BOS
Drew Peterson,Reserves,BOS,202412120BOS
Neemias Queta,Reserves,BOS,202412120BOS
Jordan Walsh,Reserves,BOS,202412120BOS
Luke Kornet,Reserves,BOS,202412120BOS
JD Davison,Reserves,BOS,202412120BOS
Xavier Tillman Sr.,Reserves,BOS,202412120BOS
Jayson Tatum,Reserves: Did Not Dress,BOS,202412120BOS
CJ McCollum,Starter,NOP,202501100PHI
Dejounte Murray,Starter,NOP,202501100PHI
Jordan Hawkins,Starter,NOP,202501100PHI
Yves Missi,Starter,NOP,202501100PHI
Javonte Green,Starter,NOP,202501100PHI
Jose Alvarado,Reserves,NOP,202501100PHI
Brandon Boston Jr.,Reserves,NOP,202501100PHI
Jeremiah Robinson-Earl,Reserves,NOP,202501100PHI
Daniel Theis,Reserves,NOP,202501100PHI
Jamal Cain,Reserves: Did Not Play,NOP,202501100PHI
Karlo Matković,Reserves: Did Not Play,NOP,202501100PHI
Antonio Reeves,Reserves: Did Not Play,NOP,202501100PHI
Tyrese Maxey,Starter,PHI,202501100PHI
Kelly Oubre Jr.,Starter,PHI,202501100PHI
Caleb Martin,Starter,PHI,202501100PHI
Paul George,Starter,PHI,202501100PHI
Guerschon Yabusele,Starter,PHI,202501100PHI
Ricky Council IV,Reserves,PHI,202501100PHI
Eric Gordon,Reserves,PHI,202501100PHI
Adem Bona,Reserves,PHI,202501100PHI
Reggie Jackson,Reserves,PHI,202501100PHI
Jeff Dowtin,Reserves,PHI,202501100PHI
Andre Drummond,Reserves: Did Not Dress,PHI,202501100PHI
Justin Edwards,Reserves: Did Not Play,PHI,202501100PHI
Brandon Miller,Starter,CHO,202412080IND
Vasilije Micić,Starter,CHO,202412080IND
Cody Martin,Starter,CHO,202412080IND
Josh Green,Starter,CHO,202412080IND
Nick Richards,Starter,CHO,202412080IND
DaQuan Jeffries,Reserves,CHO,202412080IND
Isaiah Wong,Reserves,CHO,202412080IND
KJ Simpson,Reserves,CHO,202412080IND
Seth Curry,Reserves,CHO,202412080IND
Taj Gibson,Reserves,CHO,202412080IND
Nick Smith Jr.,Reserves,CHO,202412080IND
Mark Williams,Reserves: Did Not Dress,CHO,202412080IND
Tyrese Haliburton,Starter,IND,202412080IND
Pascal Siakam,Starter,IND,202412080IND
Bennedict Mathurin,Starter,IND,202412080IND
Andrew Nembhard,Starter,IND,202412080IND
Myles Turner,Starter,IND,202412080IND
T.J. McConnell,Reserves,IND,202412080IND
Obi Toppin,Reserves,IND,202412080IND
Jarace Walker,Reserves,IND,202412080IND
Johnny Furphy,Reserves,IND,202412080IND
Enrique Freeman,Reserves,IND,202412080IND
Moses Brown,Reserves: Did Not Play,IND,202412080IND
Quenton Jackson,Reserves: Did Not Play,IND,202412080IND
James Johnson,Reserves: Did Not Play,IND,202412080IND
Tristen Newton,Reserves: Did Not Play,IND,202412080IND
Victor Wembanyama,Starter,SAS,202412230PHI
Chris Paul,Starter,SAS,202412230PHI
Jeremy Sochan,Starter,SAS,202412230PHI
Devin Vassell,Starter,SAS,202412230PHI
Harrison Barnes,Starter,SAS,202412230PHI
Julian Champagnie,Reserves,SAS,202412230PHI
Keldon Johnson,Reserves,SAS,202412230PHI
Tre Jones,Reserves,SAS,202412230PHI
Stephon Castle,Reserves,SAS,202412230PHI
Charles Bassey,Reserves,SAS,202412230PHI
Malaki Branham,Reserves: Did Not Play,SAS,202412230PHI
Sidy Cissoko,Reserves: Did Not Play,SAS,202412230PHI
Zach Collins,Reserves: Did Not Play,SAS,202412230PHI
Sandro Mamukelashvili,Reserves: Did Not Play,SAS,202412230PHI
Blake Wesley,Reserves: Did Not Play,SAS,202412230PHI
Tyrese Maxey,Starter,PHI,202412230PHI
Paul George,Starter,PHI,202412230PHI
Kelly Oubre Jr.,Starter,PHI,202412230PHI
KJ Martin,Starter,PHI,202412230PHI
Joel Embiid,Starter,PHI,202412230PHI
Guerschon Yabusele,Reserves,PHI,202412230PHI
Caleb Martin,Reserves,PHI,202412230PHI
Kyle Lowry,Reserves,PHI,202412230PHI
Andre Drummond,Reserves,PHI,202412230PHI
Reggie Jackson,Reserves,PHI,202412230PHI
Adem Bona,Reserves: Did Not Play,PHI,202412230PHI
Ricky Council IV,Reserves: Did Not Play,PHI,202412230PHI
Jeff Dowtin,Reserves: Did Not Play,PHI,202412230PHI
Jared McCain,Reserves,PHI,202412230PHI
Tyler Herro,Starter,MIA,202501130LAC
Haywood Highsmith,Starter,MIA,202501130LAC
Jaime Jaquez Jr.,Starter,MIA,202501130LAC
Terry Rozier,Starter,MIA,202501130LAC
Kevin Love,Starter,MIA,202501130LAC
Kel'el Ware,Reserves,MIA,202501130LAC
Nikola Jović,Reserves,MIA,202501130LAC
Duncan Robinson,Reserves,MIA,202501130LAC
Alec Burks,Reserves,MIA,202501130LAC
Bam Adebayo,Reserves: Did Not Dress,MIA,202501130LAC
Jimmy Butler,Reserves,MIA,202501130LAC
Josh Christopher,Reserves: Did Not Play,MIA,202501130LAC
Keshad Johnson,Reserves: Did Not Play,MIA,202501130LAC
Pelle Larsson,Reserves: Did Not Play,MIA,202501130LAC
Isaiah Stevens,Reserves: Did Not Play,MIA,202501130LAC
James Harden,Starter,LAC,202501130LAC
Norman Powell,Starter,LAC,202501130LAC
Ivica Zubac,Starter,LAC,202501130LAC
Kris Dunn,Starter,LAC,202501130LAC
Kawhi Leonard,Starter,LAC,202501130LAC
Amir Coffey,Reserves,LAC,202501130LAC
Nicolas Batum,Reserves,LAC,202501130LAC
Kevin Porter Jr.,Reserves,LAC,202501130LAC
Derrick Jones Jr.,Reserves,LAC,202501130LAC
Mo Bamba,Reserves,LAC,202501130LAC
Bones Hyland,Reserves: Did Not Play,LAC,202501130LAC
Kai Jones,Reserves: Did Not Play,LAC,202501130LAC
Terance Mann,Reserves: Did Not Play,LAC,202501130LAC
Andrew Wiggins,Starter,GSW,202501220SAC
Stephen Curry,Starter,GSW,202501220SAC
Buddy Hield,Starter,GSW,202501220SAC
Gary Payton II,Starter,GSW,202501220SAC
Kevon Looney,Starter,GSW,202501220SAC
Moses Moody,Reserves,GSW,202501220SAC
Trayce Jackson-Davis,Reserves,GSW,202501220SAC
Gui Santos,Reserves,GSW,202501220SAC
Dennis Schröder,Reserves,GSW,202501220SAC
Quinten Post,Reserves,GSW,202501220SAC
Lindy Waters III,Reserves,GSW,202501220SAC
Pat Spencer,Reserves: Did Not Play,GSW,202501220SAC
DeMar DeRozan,Starter,SAC,202501220SAC
Domantas Sabonis,Starter,SAC,202501220SAC
Malik Monk,Starter,SAC,202501220SAC
De'Aaron Fox,Starter,SAC,202501220SAC
Keegan Murray,Starter,SAC,202501220SAC
Keon Ellis,Reserves,SAC,202501220SAC
Trey Lyles,Reserves,SAC,202501220SAC
Alex Len,Reserves,SAC,202501220SAC
Kevin Huerter,Reserves,SAC,202501220SAC
Devin Carter,Reserves,SAC,202501220SAC
Jae Crowder,Reserves: Did Not Play,SAC,202501220SAC
Mason Jones,Reserves: Did Not Play,SAC,202501220SAC
Doug McDermott,Reserves: Did Not Play,SAC,202501220SAC
Jordan McLaughlin,Reserves: Did Not Play,SAC,202501220SAC
Desmond Bane,Starter,MEM,202501150SAS
Ja Morant,Starter,MEM,202501150SAS
Jaren Jackson Jr.,Starter,MEM,202501150SAS
Jaylen Wells,Starter,MEM,202501150SAS
Zach Edey,Starter,MEM,202501150SAS
Luke Kennard,Reserves,MEM,202501150SAS
Santi Aldama,Reserves,MEM,202501150SAS
Scotty Pippen Jr.,Reserves,MEM,202501150SAS
Jay Huff,Reserves,MEM,202501150SAS
Brandon Clarke,Reserves,MEM,202501150SAS
Jake LaRavia,Reserves,MEM,202501150SAS
Yuki Kawamura,Reserves: Did Not Play,MEM,202501150SAS
John Konchar,Reserves: Did Not Play,MEM,202501150SAS
Victor Wembanyama,Starter,SAS,202501150SAS
Chris Paul,Starter,SAS,202501150SAS
Devin Vassell,Starter,SAS,202501150SAS
Stephon Castle,Starter,SAS,202501150SAS
Harrison Barnes,Starter,SAS,202501150SAS
Keldon Johnson,Reserves,SAS,202501150SAS
Julian Champagnie,Reserves,SAS,202501150SAS
Tre Jones,Reserves,SAS,202501150SAS
Charles Bassey,Reserves,SAS,202501150SAS
Malaki Branham,Reserves: Did Not Play,SAS,202501150SAS
Sidy Cissoko,Reserves: Did Not Play,SAS,202501150SAS
Zach Collins,Reserves: Did Not Play,SAS,202501150SAS
David Duke Jr.,Reserves: Did Not Play,SAS,202501150SAS
Sandro Mamukelashvili,Reserves: Did Not Play,SAS,202501150SAS
Blake Wesley,Reserves: Did Not Play,SAS,202501150SAS
Tristan Da Silva,Starter,ORL,202501210TOR
Kentavious Caldwell-Pope,Starter,ORL,202501210TOR
Anthony Black,Starter,ORL,202501210TOR
Paolo Banchero,Starter,ORL,202501210TOR
Wendell Carter Jr.,Starter,ORL,202501210TOR
Caleb Houstan,Reserves,ORL,202501210TOR
Trevelin Queen,Reserves,ORL,202501210TOR
Cory Joseph,Reserves,ORL,202501210TOR
Jonathan Isaac,Reserves,ORL,202501210TOR
Cole Anthony,Reserves: Did Not Dress,ORL,202501210TOR
Gary Harris,Reserves: Did Not Dress,ORL,202501210TOR
Jett Howard,Reserves: Did Not Dress,ORL,202501210TOR
Scottie Barnes,Starter,TOR,202501210TOR
RJ Barrett,Starter,TOR,202501210TOR
Gradey Dick,Starter,TOR,202501210TOR
Davion Mitchell,Starter,TOR,202501210TOR
Jakob Poeltl,Starter,TOR,202501210TOR
Bruce Brown,Reserves,TOR,202501210TOR
Kelly Olynyk,Reserves,TOR,202501210TOR
Jamal Shead,Reserves,TOR,202501210TOR
Ja'Kobe Walter,Reserves,TOR,202501210TOR
Chris Boucher,Reserves,TOR,202501210TOR
A.J. Lawson,Reserves,TOR,202501210TOR
Ulrich Chomche,Reserves,TOR,202501210TOR
Jamison Battle,Reserves,TOR,202501210TOR
Orlando Robinson,Reserves,TOR,202501210TOR
Garrett Temple,Reserves,TOR,202501210TOR
RJ Barrett,Starter,TOR,202501090CLE
Scottie Barnes,Starter,TOR,202501090CLE
Jakob Poeltl,Starter,TOR,202501090CLE
Immanuel Quickley,Starter,TOR,202501090CLE
Gradey Dick,Starter,TOR,202501090CLE
Chris Boucher,Reserves,TOR,202501090CLE
Davion Mitchell,Reserves,TOR,202501090CLE
Ja'Kobe Walter,Reserves,TOR,202501090CLE
Jamal Shead,Reserves,TOR,202501090CLE
Kelly Olynyk,Reserves,TOR,202501090CLE
Bruce Brown,Reserves: Did Not Dress,TOR,202501090CLE
Garrett Temple,Reserves: Did Not Play,TOR,202501090CLE
Caris LeVert,Starter,CLE,202501090CLE
Darius Garland,Starter,CLE,202501090CLE
Evan Mobley,Starter,CLE,202501090CLE
Dean Wade,Starter,CLE,202501090CLE
Jarrett Allen,Starter,CLE,202501090CLE
Max Strus,Reserves,CLE,202501090CLE
Ty Jerome,Reserves,CLE,202501090CLE
Georges Niang,Reserves,CLE,202501090CLE
Sam Merrill,Reserves,CLE,202501090CLE
Isaac Okoro,Reserves,CLE,202501090CLE
Emoni Bates,Reserves: Did Not Play,CLE,202501090CLE
Craig Porter Jr.,Reserves: Did Not Play,CLE,202501090CLE
Tristan Thompson,Reserves: Did Not Play,CLE,202501090CLE
JT Thor,Reserves: Did Not Play,CLE,202501090CLE
Jaylon Tyson,Reserves: Did Not Play,CLE,202501090CLE
Shai Gilgeous-Alexander,Starter,OKC,202501080CLE
Jalen Williams,Starter,OKC,202501080CLE
Luguentz Dort,Starter,OKC,202501080CLE
Cason Wallace,Starter,OKC,202501080CLE
Isaiah Hartenstein,Starter,OKC,202501080CLE
Isaiah Joe,Reserves,OKC,202501080CLE
Aaron Wiggins,Reserves,OKC,202501080CLE
Kenrich Williams,Reserves,OKC,202501080CLE
Jaylin Williams,Reserves,OKC,202501080CLE
Alex Caruso,Reserves: Did Not Dress,OKC,202501080CLE
Alex Ducas,Reserves: Did Not Play,OKC,202501080CLE
Evan Mobley,Starter,CLE,202501080CLE
Donovan Mitchell,Starter,CLE,202501080CLE
Darius Garland,Starter,CLE,202501080CLE
Jarrett Allen,Starter,CLE,202501080CLE
Dean Wade,Starter,CLE,202501080CLE
Max Strus,Reserves,CLE,202501080CLE
Caris LeVert,Reserves,CLE,202501080CLE
Georges Niang,Reserves,CLE,202501080CLE
Isaac Okoro,Reserves,CLE,202501080CLE
Ty Jerome,Reserves,CLE,202501080CLE
Craig Porter Jr.,Reserves: Did Not Play,CLE,202501080CLE
Tristan Thompson,Reserves: Did Not Play,CLE,202501080CLE
JT Thor,Reserves: Did Not Play,CLE,202501080CLE
Jaylon Tyson,Reserves: Did Not Play,CLE,202501080CLE
Jaden McDaniels,Starter,MIN,202501200MEM
Anthony Edwards,Starter,MIN,202501200MEM
Julius Randle,Starter,MIN,202501200MEM
Mike Conley,Starter,MIN,202501200MEM
Rudy Gobert,Starter,MIN,202501200MEM
Naz Reid,Reserves,MIN,202501200MEM
Nickeil Alexander-Walker,Reserves,MIN,202501200MEM
Rob Dillingham,Reserves,MIN,202501200MEM
Luka Garza,Reserves,MIN,202501200MEM
Jaylen Clark,Reserves: Did Not Play,MIN,202501200MEM
Joe Ingles,Reserves: Did Not Play,MIN,202501200MEM
Leonard Miller,Reserves: Did Not Play,MIN,202501200MEM
Josh Minott,Reserves: Did Not Play,MIN,202501200MEM
Desmond Bane,Starter,MEM,202501200MEM
Jaren Jackson Jr.,Starter,MEM,202501200MEM
Ja Morant,Starter,MEM,202501200MEM
Jaylen Wells,Starter,MEM,202501200MEM
Zach Edey,Starter,MEM,202501200MEM
Luke Kennard,Reserves,MEM,202501200MEM
Brandon Clarke,Reserves,MEM,202501200MEM
Jake LaRavia,Reserves,MEM,202501200MEM
Santi Aldama,Reserves,MEM,202501200MEM
Scotty Pippen Jr.,Reserves,MEM,202501200MEM
GG Jackson II,Reserves,MEM,202501200MEM
Jay Huff,Reserves,MEM,202501200MEM
John Konchar,Reserves: Did Not Play,MEM,202501200MEM
Tyrese Maxey,Starter,PHI,202501210DEN
Paul George,Starter,PHI,202501210DEN
Kelly Oubre Jr.,Starter,PHI,202501210DEN
Andre Drummond,Starter,PHI,202501210DEN
Eric Gordon,Starter,PHI,202501210DEN
Justin Edwards,Reserves,PHI,202501210DEN
Guerschon Yabusele,Reserves,PHI,202501210DEN
Ricky Council IV,Reserves,PHI,202501210DEN
Adem Bona,Reserves,PHI,202501210DEN
Reggie Jackson,Reserves,PHI,202501210DEN
Pete Nance,Reserves,PHI,202501210DEN
Jeff Dowtin,Reserves,PHI,202501210DEN
Jamal Murray,Starter,DEN,202501210DEN
Nikola Jokić,Starter,DEN,202501210DEN
Christian Braun,Starter,DEN,202501210DEN
Russell Westbrook,Starter,DEN,202501210DEN
Michael Porter Jr.,Starter,DEN,202501210DEN
Julian Strawther,Reserves,DEN,202501210DEN
Aaron Gordon,Reserves,DEN,202501210DEN
Peyton Watson,Reserves,DEN,202501210DEN
DeAndre Jordan,Reserves,DEN,202501210DEN
Hunter Tyson,Reserves,DEN,202501210DEN
Jalen Pickett,Reserves,DEN,202501210DEN
Zeke Nnaji,Reserves,DEN,202501210DEN
PJ Hall,Reserves,DEN,202501210DEN
Dario Šarić,Reserves: Did Not Play,DEN,202501210DEN
Ivica Zubac,Starter,LAC,202412130DEN
James Harden,Starter,LAC,202412130DEN
Norman Powell,Starter,LAC,202412130DEN
Nicolas Batum,Starter,LAC,202412130DEN
Kris Dunn,Starter,LAC,202412130DEN
Amir Coffey,Reserves,LAC,202412130DEN
Kevin Porter Jr.,Reserves,LAC,202412130DEN
Bones Hyland,Reserves,LAC,202412130DEN
Jordan Miller,Reserves,LAC,202412130DEN
Mo Bamba,Reserves,LAC,202412130DEN
Kai Jones,Reserves,LAC,202412130DEN
Jamal Murray,Starter,DEN,202412130DEN
Nikola Jokić,Starter,DEN,202412130DEN
Michael Porter Jr.,Starter,DEN,202412130DEN
Christian Braun,Starter,DEN,202412130DEN
Aaron Gordon,Starter,DEN,202412130DEN
Peyton Watson,Reserves,DEN,202412130DEN
Julian Strawther,Reserves,DEN,202412130DEN
Russell Westbrook,Reserves,DEN,202412130DEN
DeAndre Jordan,Reserves,DEN,202412130DEN
Hunter Tyson,Reserves,DEN,202412130DEN
Jalen Pickett,Reserves,DEN,202412130DEN
Zeke Nnaji,Reserves,DEN,202412130DEN
Cameron Johnson,Starter,BRK,202412130MEM
Dorian Finney-Smith,Starter,BRK,202412130MEM
Nic Claxton,Starter,BRK,202412130MEM
Dennis Schröder,Starter,BRK,202412130MEM
Keon Johnson,Starter,BRK,202412130MEM
Jalen Wilson,Reserves,BRK,202412130MEM
Ben Simmons,Reserves,BRK,202412130MEM
Noah Clowney,Reserves,BRK,202412130MEM
Day'Ron Sharpe,Reserves,BRK,202412130MEM
Shake Milton,Reserves,BRK,202412130MEM
Trendon Watford,Reserves,BRK,202412130MEM
Ziaire Williams,Reserves,BRK,202412130MEM
Jaren Jackson Jr.,Starter,MEM,202412130MEM
Ja Morant,Starter,MEM,202412130MEM
Desmond Bane,Starter,MEM,202412130MEM
Jaylen Wells,Starter,MEM,202412130MEM
Brandon Clarke,Starter,MEM,202412130MEM
Santi Aldama,Reserves,MEM,202412130MEM
Marcus Smart,Reserves,MEM,202412130MEM
Jake LaRavia,Reserves,MEM,202412130MEM
Scotty Pippen Jr.,Reserves,MEM,202412130MEM
Jay Huff,Reserves,MEM,202412130MEM
Colin Castleton,Reserves,MEM,202412130MEM
Yuki Kawamura,Reserves,MEM,202412130MEM
John Konchar,Reserves,MEM,202412130MEM
Luke Kennard,Reserves: Did Not Play,MEM,202412130MEM
Trey Murphy III,Starter,NOP,202501120BOS
CJ McCollum,Starter,NOP,202501120BOS
Dejounte Murray,Starter,NOP,202501120BOS
Zion Williamson,Starter,NOP,202501120BOS
Yves Missi,Starter,NOP,202501120BOS
Daniel Theis,Reserves,NOP,202501120BOS
Javonte Green,Reserves,NOP,202501120BOS
Jordan Hawkins,Reserves,NOP,202501120BOS
Jose Alvarado,Reserves,NOP,202501120BOS
Brandon Boston Jr.,Reserves,NOP,202501120BOS
Karlo Matković,Reserves: Did Not Play,NOP,202501120BOS
Antonio Reeves,Reserves,NOP,202501120BOS
Jeremiah Robinson-Earl,Reserves: Did Not Play,NOP,202501120BOS
Jaylen Brown,Starter,BOS,202501120BOS
Jayson Tatum,Starter,BOS,202501120BOS
Kristaps Porziņģis,Starter,BOS,202501120BOS
Jrue Holiday,Starter,BOS,202501120BOS
Derrick White,Starter,BOS,202501120BOS
Payton Pritchard,Reserves,BOS,202501120BOS
Al Horford,Reserves,BOS,202501120BOS
Luke Kornet,Reserves,BOS,202501120BOS
Sam Hauser,Reserves,BOS,202501120BOS
Neemias Queta,Reserves: Did Not Play,BOS,202501120BOS
Jaden Springer,Reserves: Did Not Play,BOS,202501120BOS
Xavier Tillman Sr.,Reserves: Did Not Play,BOS,202501120BOS
Jordan Walsh,Reserves: Did Not Play,BOS,202501120BOS
Zach LaVine,Starter,CHI,202501080IND
Coby White,Starter,CHI,202501080IND
Nikola Vučević,Starter,CHI,202501080IND
Josh Giddey,Starter,CHI,202501080IND
Patrick Williams,Starter,CHI,202501080IND
Lonzo Ball,Reserves,CHI,202501080IND
Jalen Smith,Reserves,CHI,202501080IND
Julian Phillips,Reserves,CHI,202501080IND
Chris Duarte,Reserves,CHI,202501080IND
Matas Buzelis,Reserves,CHI,202501080IND
Talen Horton-Tucker,Reserves,CHI,202501080IND
Dalen Terry,Reserves,CHI,202501080IND
Jevon Carter,Reserves,CHI,202501080IND
Andrew Nembhard,Starter,IND,202501080IND
Tyrese Haliburton,Starter,IND,202501080IND
Pascal Siakam,Starter,IND,202501080IND
Thomas Bryant,Starter,IND,202501080IND
Bennedict Mathurin,Starter,IND,202501080IND
Obi Toppin,Reserves,IND,202501080IND
Ben Sheppard,Reserves,IND,202501080IND
Jarace Walker,Reserves,IND,202501080IND
T.J. McConnell,Reserves,IND,202501080IND
Enrique Freeman,Reserves,IND,202501080IND
Quenton Jackson,Reserves,IND,202501080IND
Johnny Furphy,Reserves,IND,202501080IND
James Johnson,Reserves: Did Not Play,IND,202501080IND
Myles Turner,Reserves: Did Not Dress,IND,202501080IND
Tyrese Haliburton,Starter,IND,202412220SAC
Bennedict Mathurin,Starter,IND,202412220SAC
Pascal Siakam,Starter,IND,202412220SAC
Myles Turner,Starter,IND,202412220SAC
Andrew Nembhard,Starter,IND,202412220SAC
T.J. McConnell,Reserves,IND,202412220SAC
Obi Toppin,Reserves,IND,202412220SAC
Jarace Walker,Reserves,IND,202412220SAC
Ben Sheppard,Reserves,IND,202412220SAC
Thomas Bryant,Reserves,IND,202412220SAC
Johnny Furphy,Reserves,IND,202412220SAC
James Johnson,Reserves,IND,202412220SAC
Aaron Nesmith,Reserves: Did Not Dress,IND,202412220SAC
De'Aaron Fox,Starter,SAC,202412220SAC
Malik Monk,Starter,SAC,202412220SAC
Domantas Sabonis,Starter,SAC,202412220SAC
Keegan Murray,Starter,SAC,202412220SAC
DeMar DeRozan,Starter,SAC,202412220SAC
Kevin Huerter,Reserves,SAC,202412220SAC
Trey Lyles,Reserves,SAC,202412220SAC
Doug McDermott,Reserves,SAC,202412220SAC
Keon Ellis,Reserves,SAC,202412220SAC
Jordan McLaughlin,Reserves,SAC,202412220SAC
Colby Jones,Reserves,SAC,202412220SAC
Isaac Jones,Reserves,SAC,202412220SAC
Orlando Robinson,Reserves,SAC,202412220SAC
Jae Crowder,Reserves: Did Not Play,SAC,202412220SAC
Alex Len,Reserves: Did Not Play,SAC,202412220SAC
Josh Giddey,Starter,CHI,202501200LAC
Zach LaVine,Starter,CHI,202501200LAC
Nikola Vučević,Starter,CHI,202501200LAC
Lonzo Ball,Starter,CHI,202501200LAC
Patrick Williams,Starter,CHI,202501200LAC
Talen Horton-Tucker,Reserves,CHI,202501200LAC
Dalen Terry,Reserves,CHI,202501200LAC
Jalen Smith,Reserves,CHI,202501200LAC
Julian Phillips,Reserves,CHI,202501200LAC
Matas Buzelis,Reserves,CHI,202501200LAC
Ayo Dosunmu,Reserves: Did Not Dress,CHI,202501200LAC
Coby White,Reserves: Did Not Dress,CHI,202501200LAC
Norman Powell,Starter,LAC,202501200LAC
James Harden,Starter,LAC,202501200LAC
Derrick Jones Jr.,Starter,LAC,202501200LAC
Mo Bamba,Starter,LAC,202501200LAC
Kris Dunn,Starter,LAC,202501200LAC
Amir Coffey,Reserves,LAC,202501200LAC
Kevin Porter Jr.,Reserves,LAC,202501200LAC
Terance Mann,Reserves,LAC,202501200LAC
Nicolas Batum,Reserves,LAC,202501200LAC
Kobe Brown,Reserves,LAC,202501200LAC
Kai Jones,Reserves,LAC,202501200LAC
Jordan Miller,Reserves,LAC,202501200LAC
Cam Christie,Reserves,LAC,202501200LAC
Trentyn Flowers,Reserves,LAC,202501200LAC
Bones Hyland,Reserves: Did Not Play,LAC,202501200LAC
Rudy Gobert,Starter,MIN,202412150SAS
Julius Randle,Starter,MIN,202412150SAS
Anthony Edwards,Starter,MIN,202412150SAS
Mike Conley,Starter,MIN,202412150SAS
Jaden McDaniels,Starter,MIN,202412150SAS
Naz Reid,Reserves,MIN,202412150SAS
Nickeil Alexander-Walker,Reserves,MIN,202412150SAS
Donte DiVincenzo,Reserves,MIN,202412150SAS
Rob Dillingham,Reserves,MIN,202412150SAS
Luka Garza,Reserves,MIN,202412150SAS
Josh Minott,Reserves,MIN,202412150SAS
Terrence Shannon Jr. ,Reserves,MIN,202412150SAS
PJ Dozier,Reserves,MIN,202412150SAS
Victor Wembanyama,Starter,SAS,202412150SAS
Harrison Barnes,Starter,SAS,202412150SAS
Jeremy Sochan,Starter,SAS,202412150SAS
Chris Paul,Starter,SAS,202412150SAS
Julian Champagnie,Starter,SAS,202412150SAS
Devin Vassell,Reserves,SAS,202412150SAS
Stephon Castle,Reserves,SAS,202412150SAS
Charles Bassey,Reserves,SAS,202412150SAS
Blake Wesley,Reserves,SAS,202412150SAS
Sandro Mamukelashvili,Reserves,SAS,202412150SAS
Sidy Cissoko,Reserves,SAS,202412150SAS
Malaki Branham,Reserves,SAS,202412150SAS
Andrew Wiggins,Starter,GSW,202501130TOR
Stephen Curry,Starter,GSW,202501130TOR
Buddy Hield,Starter,GSW,202501130TOR
Trayce Jackson-Davis,Starter,GSW,202501130TOR
Dennis Schröder,Starter,GSW,202501130TOR
Lindy Waters III,Reserves,GSW,202501130TOR
Kevon Looney,Reserves,GSW,202501130TOR
Kyle Anderson,Reserves,GSW,202501130TOR
Moses Moody,Reserves,GSW,202501130TOR
Gui Santos,Reserves,GSW,202501130TOR
Draymond Green,Reserves,GSW,202501130TOR
Pat Spencer,Reserves: Did Not Play,GSW,202501130TOR
Scottie Barnes,Starter,TOR,202501130TOR
Jakob Poeltl,Starter,TOR,202501130TOR
Davion Mitchell,Starter,TOR,202501130TOR
RJ Barrett,Starter,TOR,202501130TOR
Gradey Dick,Starter,TOR,202501130TOR
Ochai Agbaji,Reserves,TOR,202501130TOR
Chris Boucher,Reserves,TOR,202501130TOR
Jamal Shead,Reserves,TOR,202501130TOR
Bruce Brown,Reserves,TOR,202501130TOR
Kelly Olynyk,Reserves,TOR,202501130TOR
Jamison Battle,Reserves: Did Not Play,TOR,202501130TOR
Jonathan Mogbo,Reserves: Did Not Play,TOR,202501130TOR
Eugene Omoruyi,Reserves: Did Not Play,TOR,202501130TOR
Garrett Temple,Reserves: Did Not Play,TOR,202501130TOR
Ja'Kobe Walter,Reserves: Did Not Play,TOR,202501130TOR
Dejounte Murray,Starter,NOP,202412010NYK
Trey Murphy III,Starter,NOP,202412010NYK
CJ McCollum,Starter,NOP,202412010NYK
Javonte Green,Starter,NOP,202412010NYK
Yves Missi,Starter,NOP,202412010NYK
Jeremiah Robinson-Earl,Reserves,NOP,202412010NYK
Antonio Reeves,Reserves,NOP,202412010NYK
Brandon Boston Jr.,Reserves,NOP,202412010NYK
Elfrid Payton,Reserves,NOP,202412010NYK
Trey Jemison,Reserves,NOP,202412010NYK
Karlo Matković,Reserves,NOP,202412010NYK
Jamal Cain,Reserves,NOP,202412010NYK
Daniel Theis,Reserves,NOP,202412010NYK
Mikal Bridges,Starter,NYK,202412010NYK
OG Anunoby,Starter,NYK,202412010NYK
Josh Hart,Starter,NYK,202412010NYK
Jalen Brunson,Starter,NYK,202412010NYK
Karl-Anthony Towns,Starter,NYK,202412010NYK
Jericho Sims,Reserves,NYK,202412010NYK
Miles McBride,Reserves,NYK,202412010NYK
Cameron Payne,Reserves,NYK,202412010NYK
Matt Ryan,Reserves,NYK,202412010NYK
Ariel Hukporti,Reserves,NYK,202412010NYK
Tyler Kolek,Reserves,NYK,202412010NYK
Jacob Toppin,Reserves,NYK,202412010NYK
Luka Dončić,Starter,DAL,202412150GSW
Kyrie Irving,Starter,DAL,202412150GSW
P.J. Washington,Starter,DAL,202412150GSW
Dereck Lively II,Starter,DAL,202412150GSW
Klay Thompson,Starter,DAL,202412150GSW
Spencer Dinwiddie,Reserves,DAL,202412150GSW
Quentin Grimes,Reserves,DAL,202412150GSW
Daniel Gafford,Reserves,DAL,202412150GSW
Olivier-Maxence Prosper,Reserves,DAL,202412150GSW
Kessler Edwards,Reserves,DAL,202412150GSW
Jazian Gortman,Reserves,DAL,202412150GSW
Dwight Powell,Reserves,DAL,202412150GSW
Markieff Morris,Reserves: Did Not Play,DAL,202412150GSW
Stephen Curry,Starter,GSW,202412150GSW
Andrew Wiggins,Starter,GSW,202412150GSW
Jonathan Kuminga,Starter,GSW,202412150GSW
Buddy Hield,Starter,GSW,202412150GSW
Kevon Looney,Starter,GSW,202412150GSW
Draymond Green,Reserves,GSW,202412150GSW
Lindy Waters III,Reserves,GSW,202412150GSW
Brandin Podziemski,Reserves,GSW,202412150GSW
Trayce Jackson-Davis,Reserves,GSW,202412150GSW
Gary Payton II,Reserves,GSW,202412150GSW
Pat Spencer,Reserves,GSW,202412150GSW
Kyle Anderson,Reserves: Did Not Play,GSW,202412150GSW
Jamal Murray,Starter,DEN,202412190POR
Nikola Jokić,Starter,DEN,202412190POR
Michael Porter Jr.,Starter,DEN,202412190POR
Aaron Gordon,Starter,DEN,202412190POR
Christian Braun,Starter,DEN,202412190POR
Russell Westbrook,Reserves,DEN,202412190POR
Peyton Watson,Reserves,DEN,202412190POR
DeAndre Jordan,Reserves,DEN,202412190POR
Julian Strawther,Reserves,DEN,202412190POR
Hunter Tyson,Reserves,DEN,202412190POR
Spencer Jones,Reserves: Did Not Play,DEN,202412190POR
Zeke Nnaji,Reserves: Did Not Play,DEN,202412190POR
Jalen Pickett,Reserves: Did Not Play,DEN,202412190POR
Toumani Camara,Starter,POR,202412190POR
Jerami Grant,Starter,POR,202412190POR
Anfernee Simons,Starter,POR,202412190POR
Deandre Ayton,Starter,POR,202412190POR
Shaedon Sharpe,Starter,POR,202412190POR
Scoot Henderson,Reserves,POR,202412190POR
Deni Avdija,Reserves,POR,202412190POR
Donovan Clingan,Reserves,POR,202412190POR
Robert Williams,Reserves,POR,202412190POR
Dalano Banton,Reserves: Did Not Dress,POR,202412190POR
Kris Murray,Reserves: Did Not Play,POR,202412190POR
Duop Reath,Reserves: Did Not Play,POR,202412190POR
Rayan Rupert,Reserves: Did Not Play,POR,202412190POR
Matisse Thybulle,Reserves: Did Not Dress,POR,202412190POR
Jabari Walker,Reserves: Did Not Play,POR,202412190POR
Devin Booker,Starter,PHO,202412070MIA
Bradley Beal,Starter,PHO,202412070MIA
Royce O'Neale,Starter,PHO,202412070MIA
Tyus Jones,Starter,PHO,202412070MIA
Mason Plumlee,Starter,PHO,202412070MIA
Grayson Allen,Reserves,PHO,202412070MIA
Oso Ighodaro,Reserves,PHO,202412070MIA
Monte Morris,Reserves,PHO,202412070MIA
Josh Okogie,Reserves,PHO,202412070MIA
Bol Bol,Reserves: Did Not Play,PHO,202412070MIA
Damion Lee,Reserves: Did Not Play,PHO,202412070MIA
TyTy Washington Jr.,Reserves: Did Not Play,PHO,202412070MIA
Jimmy Butler,Starter,MIA,202412070MIA
Tyler Herro,Starter,MIA,202412070MIA
Bam Adebayo,Starter,MIA,202412070MIA
Duncan Robinson,Starter,MIA,202412070MIA
Haywood Highsmith,Starter,MIA,202412070MIA
Dru Smith,Reserves,MIA,202412070MIA
Jaime Jaquez Jr.,Reserves,MIA,202412070MIA
Terry Rozier,Reserves,MIA,202412070MIA
Kevin Love,Reserves,MIA,202412070MIA
Thomas Bryant,Reserves: Did Not Play,MIA,202412070MIA
Alec Burks,Reserves: Did Not Play,MIA,202412070MIA
Keshad Johnson,Reserves: Did Not Play,MIA,202412070MIA
Nikola Jović,Reserves: Did Not Play,MIA,202412070MIA
Pelle Larsson,Reserves: Did Not Play,MIA,202412070MIA
Josh Richardson,Reserves: Did Not Play,MIA,202412070MIA
Jayson Tatum,Starter,BOS,202412210CHI
Jaylen Brown,Starter,BOS,202412210CHI
Kristaps Porziņģis,Starter,BOS,202412210CHI
Jrue Holiday,Starter,BOS,202412210CHI
Derrick White,Starter,BOS,202412210CHI
Payton Pritchard,Reserves,BOS,202412210CHI
Al Horford,Reserves,BOS,202412210CHI
Luke Kornet,Reserves,BOS,202412210CHI
Xavier Tillman Sr.,Reserves,BOS,202412210CHI
Jaden Springer,Reserves,BOS,202412210CHI
Jordan Walsh,Reserves,BOS,202412210CHI
Sam Hauser,Reserves: Did Not Dress,BOS,202412210CHI
Neemias Queta,Reserves: Did Not Play,BOS,202412210CHI
Ayo Dosunmu,Starter,CHI,202412210CHI
Nikola Vučević,Starter,CHI,202412210CHI
Zach LaVine,Starter,CHI,202412210CHI
Coby White,Starter,CHI,202412210CHI
Patrick Williams,Starter,CHI,202412210CHI
Matas Buzelis,Reserves,CHI,202412210CHI
Julian Phillips,Reserves,CHI,202412210CHI
Jalen Smith,Reserves,CHI,202412210CHI
Lonzo Ball,Reserves,CHI,202412210CHI
Talen Horton-Tucker,Reserves,CHI,202412210CHI
Dalen Terry,Reserves,CHI,202412210CHI
Jevon Carter,Reserves,CHI,202412210CHI
Domantas Sabonis,Starter,SAC,202501120CHI
Malik Monk,Starter,SAC,202501120CHI
DeMar DeRozan,Starter,SAC,202501120CHI
Keegan Murray,Starter,SAC,202501120CHI
De'Aaron Fox,Starter,SAC,202501120CHI
Keon Ellis,Reserves,SAC,202501120CHI
Trey Lyles,Reserves,SAC,202501120CHI
Devin Carter,Reserves,SAC,202501120CHI
Kevin Huerter,Reserves,SAC,202501120CHI
Jae Crowder,Reserves: Did Not Play,SAC,202501120CHI
Colby Jones,Reserves: Did Not Play,SAC,202501120CHI
Isaac Jones,Reserves: Did Not Play,SAC,202501120CHI
Alex Len,Reserves: Did Not Play,SAC,202501120CHI
Doug McDermott,Reserves: Did Not Play,SAC,202501120CHI
Jordan McLaughlin,Reserves: Did Not Play,SAC,202501120CHI
Zach LaVine,Starter,CHI,202501120CHI
Josh Giddey,Starter,CHI,202501120CHI
Patrick Williams,Starter,CHI,202501120CHI
Nikola Vučević,Starter,CHI,202501120CHI
Lonzo Ball,Starter,CHI,202501120CHI
Talen Horton-Tucker,Reserves,CHI,202501120CHI
Jalen Smith,Reserves,CHI,202501120CHI
Dalen Terry,Reserves,CHI,202501120CHI
Julian Phillips,Reserves,CHI,202501120CHI
Matas Buzelis,Reserves,CHI,202501120CHI
Jevon Carter,Reserves: Did Not Play,CHI,202501120CHI
Chris Duarte,Reserves: Did Not Play,CHI,202501120CHI
Lauri Markkanen,Starter,UTA,202412210BRK
John Collins,Starter,UTA,202412210BRK
Collin Sexton,Starter,UTA,202412210BRK
Walker Kessler,Starter,UTA,202412210BRK
Svi Mykhailiuk,Starter,UTA,202412210BRK
Jordan Clarkson,Reserves,UTA,202412210BRK
Brice Sensabaugh,Reserves,UTA,202412210BRK
Isaiah Collier,Reserves,UTA,202412210BRK
Johnny Juzang,Reserves,UTA,202412210BRK
Drew Eubanks,Reserves,UTA,202412210BRK
Micah Potter,Reserves,UTA,202412210BRK
Patty Mills,Reserves: Did Not Play,UTA,202412210BRK
Cameron Johnson,Starter,BRK,202412210BRK
Ben Simmons,Starter,BRK,202412210BRK
Keon Johnson,Starter,BRK,202412210BRK
Noah Clowney,Starter,BRK,202412210BRK
Nic Claxton,Starter,BRK,202412210BRK
Shake Milton,Reserves,BRK,202412210BRK
Jalen Wilson,Reserves,BRK,202412210BRK
Tyrese Martin,Reserves,BRK,202412210BRK
Day'Ron Sharpe,Reserves,BRK,202412210BRK
Reece Beekman,Reserves: Did Not Play,BRK,202412210BRK
Dorian Finney-Smith,Reserves: Did Not Dress,BRK,202412210BRK
Ziaire Williams,Reserves: Did Not Dress,BRK,202412210BRK
LeBron James,Starter,LAL,202412060ATL
Anthony Davis,Starter,LAL,202412060ATL
Rui Hachimura,Starter,LAL,202412060ATL
Gabe Vincent,Starter,LAL,202412060ATL
Dalton Knecht,Starter,LAL,202412060ATL
Max Christie,Reserves,LAL,202412060ATL
Cam Reddish,Reserves,LAL,202412060ATL
D'Angelo Russell,Reserves,LAL,202412060ATL
Armel Traoré,Reserves,LAL,202412060ATL
Bronny James,Reserves: Did Not Dress,LAL,202412060ATL
Christian Koloko,Reserves: Did Not Play,LAL,202412060ATL
Maxwell Lewis,Reserves: Did Not Play,LAL,202412060ATL
Trae Young,Starter,ATL,202412060ATL
Dyson Daniels,Starter,ATL,202412060ATL
Jalen Johnson,Starter,ATL,202412060ATL
Clint Capela,Starter,ATL,202412060ATL
Zaccharie Risacher,Starter,ATL,202412060ATL
De'Andre Hunter,Reserves,ATL,202412060ATL
Bogdan Bogdanović,Reserves,ATL,202412060ATL
Onyeka Okongwu,Reserves,ATL,202412060ATL
Vit Krejci,Reserves,ATL,202412060ATL
Kobe Bufkin,Reserves: Did Not Play,ATL,202412060ATL
Garrison Mathews,Reserves: Did Not Play,ATL,202412060ATL
Larry Nance Jr.,Reserves: Did Not Play,ATL,202412060ATL
David Roddy,Reserves: Did Not Play,ATL,202412060ATL
LaMelo Ball,Starter,CHO,202501050CLE
Brandon Miller,Starter,CHO,202501050CLE
Mark Williams,Starter,CHO,202501050CLE
Miles Bridges,Starter,CHO,202501050CLE
Josh Green,Starter,CHO,202501050CLE
Tidjane Salaün,Reserves,CHO,202501050CLE
Cody Martin,Reserves,CHO,202501050CLE
Nick Smith Jr.,Reserves,CHO,202501050CLE
KJ Simpson,Reserves,CHO,202501050CLE
Nick Richards,Reserves,CHO,202501050CLE
Taj Gibson,Reserves,CHO,202501050CLE
Vasilije Micić,Reserves,CHO,202501050CLE
Seth Curry,Reserves: Did Not Play,CHO,202501050CLE
DaQuan Jeffries,Reserves: Did Not Play,CHO,202501050CLE
Evan Mobley,Starter,CLE,202501050CLE
Darius Garland,Starter,CLE,202501050CLE
Donovan Mitchell,Starter,CLE,202501050CLE
Jarrett Allen,Starter,CLE,202501050CLE
Dean Wade,Starter,CLE,202501050CLE
Max Strus,Reserves,CLE,202501050CLE
Caris LeVert,Reserves,CLE,202501050CLE
Ty Jerome,Reserves,CLE,202501050CLE
Georges Niang,Reserves,CLE,202501050CLE
Craig Porter Jr.,Reserves,CLE,202501050CLE
Tristan Thompson,Reserves,CLE,202501050CLE
JT Thor,Reserves,CLE,202501050CLE
Jaylon Tyson,Reserves,CLE,202501050CLE
Ja Morant,Starter,MEM,202501130HOU
Desmond Bane,Starter,MEM,202501130HOU
Jaren Jackson Jr.,Starter,MEM,202501130HOU
Jaylen Wells,Starter,MEM,202501130HOU
Zach Edey,Starter,MEM,202501130HOU
Brandon Clarke,Reserves,MEM,202501130HOU
Jake LaRavia,Reserves,MEM,202501130HOU
Santi Aldama,Reserves,MEM,202501130HOU
Scotty Pippen Jr.,Reserves,MEM,202501130HOU
Luke Kennard,Reserves,MEM,202501130HOU
Jay Huff,Reserves: Did Not Play,MEM,202501130HOU
Yuki Kawamura,Reserves: Did Not Play,MEM,202501130HOU
John Konchar,Reserves: Did Not Play,MEM,202501130HOU
Amen Thompson,Starter,HOU,202501130HOU
Jalen Green,Starter,HOU,202501130HOU
Dillon Brooks,Starter,HOU,202501130HOU
Fred VanVleet,Starter,HOU,202501130HOU
Alperen Şengün,Starter,HOU,202501130HOU
Cam Whitmore,Reserves,HOU,202501130HOU
Steven Adams,Reserves,HOU,202501130HOU
Aaron Holiday,Reserves,HOU,202501130HOU
Jae'Sean Tate,Reserves,HOU,202501130HOU
Tari Eason,Reserves: Did Not Dress,HOU,202501130HOU
Jeff Green,Reserves: Did Not Play,HOU,202501130HOU
Jock Landale,Reserves: Did Not Play,HOU,202501130HOU
Reed Sheppard,Reserves: Did Not Play,HOU,202501130HOU
Jabari Smith Jr.,Reserves: Did Not Dress,HOU,202501130HOU
Jeenathan Williams,Reserves: Did Not Play,HOU,202501130HOU
Isaiah Collier,Starter,UTA,202412260POR
Lauri Markkanen,Starter,UTA,202412260POR
Walker Kessler,Starter,UTA,202412260POR
Collin Sexton,Starter,UTA,202412260POR
Svi Mykhailiuk,Starter,UTA,202412260POR
Cody Williams,Reserves,UTA,202412260POR
Drew Eubanks,Reserves,UTA,202412260POR
Kyle Filipowski,Reserves,UTA,202412260POR
Brice Sensabaugh,Reserves,UTA,202412260POR
Johnny Juzang,Reserves,UTA,202412260POR
Patty Mills,Reserves: Did Not Play,UTA,202412260POR
Micah Potter,Reserves: Did Not Play,UTA,202412260POR
Deandre Ayton,Starter,POR,202412260POR
Toumani Camara,Starter,POR,202412260POR
Jerami Grant,Starter,POR,202412260POR
Shaedon Sharpe,Starter,POR,202412260POR
Anfernee Simons,Starter,POR,202412260POR
Deni Avdija,Reserves,POR,202412260POR
Scoot Henderson,Reserves,POR,202412260POR
Donovan Clingan,Reserves,POR,202412260POR
Kris Murray,Reserves,POR,202412260POR
Dalano Banton,Reserves: Did Not Dress,POR,202412260POR
Duop Reath,Reserves: Did Not Play,POR,202412260POR
Rayan Rupert,Reserves: Did Not Play,POR,202412260POR
Matisse Thybulle,Reserves: Did Not Dress,POR,202412260POR
Jabari Walker,Reserves: Did Not Play,POR,202412260POR
Robert Williams,Reserves: Did Not Dress,POR,202412260POR
Goga Bitadze,Starter,ORL,202412100MIL
Jalen Suggs,Starter,ORL,202412100MIL
Wendell Carter Jr.,Starter,ORL,202412100MIL
Kentavious Caldwell-Pope,Starter,ORL,202412100MIL
Tristan Da Silva,Starter,ORL,202412100MIL
Anthony Black,Reserves,ORL,202412100MIL
Moritz Wagner,Reserves,ORL,202412100MIL
Cole Anthony,Reserves,ORL,202412100MIL
Jett Howard,Reserves,ORL,202412100MIL
Caleb Houstan,Reserves,ORL,202412100MIL
Jonathan Isaac,Reserves: Did Not Play,ORL,202412100MIL
Cory Joseph,Reserves: Did Not Play,ORL,202412100MIL
Mac McClung,Reserves: Did Not Play,ORL,202412100MIL
Trevelin Queen,Reserves: Did Not Play,ORL,202412100MIL
Damian Lillard,Starter,MIL,202412100MIL
Giannis Antetokounmpo,Starter,MIL,202412100MIL
Brook Lopez,Starter,MIL,202412100MIL
Taurean Prince,Starter,MIL,202412100MIL
Andre Jackson Jr.,Starter,MIL,202412100MIL
A.J. Green,Reserves,MIL,202412100MIL
Bobby Portis,Reserves,MIL,202412100MIL
Gary Trent Jr.,Reserves,MIL,202412100MIL
Khris Middleton,Reserves,MIL,202412100MIL
MarJon Beauchamp,Reserves: Did Not Play,MIL,202412100MIL
Pat Connaughton,Reserves: Did Not Play,MIL,202412100MIL
AJ Johnson,Reserves: Did Not Play,MIL,202412100MIL
Tyler Smith,Reserves: Did Not Play,MIL,202412100MIL
Delon Wright,Reserves: Did Not Play,MIL,202412100MIL
Kel'el Ware,Starter,MIA,202501230MIL
Tyler Herro,Starter,MIA,202501230MIL
Bam Adebayo,Starter,MIA,202501230MIL
Duncan Robinson,Starter,MIA,202501230MIL
Pelle Larsson,Starter,MIA,202501230MIL
Terry Rozier,Reserves,MIA,202501230MIL
Jaime Jaquez Jr.,Reserves,MIA,202501230MIL
Nikola Jović,Reserves,MIA,202501230MIL
Haywood Highsmith,Reserves,MIA,202501230MIL
Keshad Johnson,Reserves,MIA,202501230MIL
Josh Christopher,Reserves,MIA,202501230MIL
Alec Burks,Reserves: Did Not Play,MIA,202501230MIL
Kevin Love,Reserves: Did Not Play,MIA,202501230MIL
Josh Richardson,Reserves,MIA,202501230MIL
Damian Lillard,Starter,MIL,202501230MIL
Brook Lopez,Starter,MIL,202501230MIL
Giannis Antetokounmpo,Starter,MIL,202501230MIL
Taurean Prince,Starter,MIL,202501230MIL
Andre Jackson Jr.,Starter,MIL,202501230MIL
Gary Trent Jr.,Reserves,MIL,202501230MIL
Bobby Portis,Reserves,MIL,202501230MIL
Pat Connaughton,Reserves,MIL,202501230MIL
Ryan Rollins,Reserves,MIL,202501230MIL
Tyler Smith,Reserves,MIL,202501230MIL
Stanley Umude,Reserves,MIL,202501230MIL
MarJon Beauchamp,Reserves,MIL,202501230MIL
AJ Johnson,Reserves,MIL,202501230MIL
Chris Livingston,Reserves,MIL,202501230MIL
Delon Wright,Reserves: Did Not Play,MIL,202501230MIL
Noah Clowney,Starter,BRK,202501140POR
Keon Johnson,Starter,BRK,202501140POR
Ziaire Williams,Starter,BRK,202501140POR
Cameron Johnson,Starter,BRK,202501140POR
Ben Simmons,Starter,BRK,202501140POR
Jalen Wilson,Reserves,BRK,202501140POR
D'Angelo Russell,Reserves,BRK,202501140POR
Tyrese Martin,Reserves,BRK,202501140POR
Tosan Evbuomwan,Reserves,BRK,202501140POR
Day'Ron Sharpe,Reserves,BRK,202501140POR
Reece Beekman,Reserves,BRK,202501140POR
Dariq Whitehead,Reserves,BRK,202501140POR
Scoot Henderson,Starter,POR,202501140POR
Toumani Camara,Starter,POR,202501140POR
Shaedon Sharpe,Starter,POR,202501140POR
Anfernee Simons,Starter,POR,202501140POR
Deandre Ayton,Starter,POR,202501140POR
Kris Murray,Reserves,POR,202501140POR
Donovan Clingan,Reserves,POR,202501140POR
Dalano Banton,Reserves,POR,202501140POR
Jabari Walker,Reserves,POR,202501140POR
Justin Minaya,Reserves,POR,202501140POR
Duop Reath,Reserves,POR,202501140POR
Rayan Rupert,Reserves,POR,202501140POR
Deni Avdija,Reserves: Did Not Dress,POR,202501140POR
Jerami Grant,Reserves: Did Not Dress,POR,202501140POR
Matisse Thybulle,Reserves: Did Not Dress,POR,202501140POR
Jordan Poole,Starter,WAS,202501180GSW
Bilal Coulibaly,Starter,WAS,202501180GSW
Kyle Kuzma,Starter,WAS,202501180GSW
Alex Sarr,Starter,WAS,202501180GSW
Carlton Carrington,Starter,WAS,202501180GSW
Corey Kispert,Reserves,WAS,202501180GSW
Kyshawn George,Reserves,WAS,202501180GSW
Jonas Valančiūnas,Reserves,WAS,202501180GSW
Jared Butler,Reserves: Did Not Play,WAS,202501180GSW
Justin Champagnie,Reserves: Did Not Play,WAS,202501180GSW
Johnny Davis,Reserves: Did Not Play,WAS,202501180GSW
Anthony Gill,Reserves: Did Not Play,WAS,202501180GSW
Richaun Holmes,Reserves: Did Not Play,WAS,202501180GSW
Tristan Vukcevic,Reserves: Did Not Play,WAS,202501180GSW
Andrew Wiggins,Starter,GSW,202501180GSW
Stephen Curry,Starter,GSW,202501180GSW
Dennis Schröder,Starter,GSW,202501180GSW
Trayce Jackson-Davis,Starter,GSW,202501180GSW
Draymond Green,Starter,GSW,202501180GSW
Moses Moody,Reserves,GSW,202501180GSW
Kevon Looney,Reserves,GSW,202501180GSW
Buddy Hield,Reserves,GSW,202501180GSW
Gary Payton II,Reserves,GSW,202501180GSW
Lindy Waters III,Reserves,GSW,202501180GSW
Gui Santos,Reserves,GSW,202501180GSW
Quinten Post,Reserves: Did Not Play,GSW,202501180GSW
Pat Spencer,Reserves: Did Not Play,GSW,202501180GSW
Stephen Curry,Starter,GSW,202412210MIN
Andrew Wiggins,Starter,GSW,202412210MIN
Dennis Schröder,Starter,GSW,202412210MIN
Trayce Jackson-Davis,Starter,GSW,202412210MIN
Kyle Anderson,Starter,GSW,202412210MIN
Jonathan Kuminga,Reserves,GSW,202412210MIN
Kevon Looney,Reserves,GSW,202412210MIN
Gary Payton II,Reserves,GSW,202412210MIN
Buddy Hield,Reserves,GSW,202412210MIN
Brandin Podziemski,Reserves,GSW,202412210MIN
Draymond Green,Reserves: Did Not Dress,GSW,202412210MIN
Moses Moody,Reserves: Did Not Play,GSW,202412210MIN
Gui Santos,Reserves: Did Not Play,GSW,202412210MIN
Lindy Waters III,Reserves: Did Not Play,GSW,202412210MIN
Anthony Edwards,Starter,MIN,202412210MIN
Rudy Gobert,Starter,MIN,202412210MIN
Jaden McDaniels,Starter,MIN,202412210MIN
Julius Randle,Starter,MIN,202412210MIN
Mike Conley,Starter,MIN,202412210MIN
Donte DiVincenzo,Reserves,MIN,202412210MIN
Naz Reid,Reserves,MIN,202412210MIN
Nickeil Alexander-Walker,Reserves,MIN,202412210MIN
Josh Minott,Reserves,MIN,202412210MIN
Rob Dillingham,Reserves: Did Not Play,MIN,202412210MIN
PJ Dozier,Reserves: Did Not Play,MIN,202412210MIN
Terrence Shannon Jr. ,Reserves: Did Not Play,MIN,202412210MIN
Keaton Wallace,Starter,ATL,202501270MIN
Vit Krejci,Starter,ATL,202501270MIN
Onyeka Okongwu,Starter,ATL,202501270MIN
Zaccharie Risacher,Starter,ATL,202501270MIN
David Roddy,Starter,ATL,202501270MIN
De'Andre Hunter,Reserves,ATL,202501270MIN
Garrison Mathews,Reserves,ATL,202501270MIN
Clint Capela,Reserves,ATL,202501270MIN
Mouhamed Gueye,Reserves,ATL,202501270MIN
Dominick Barlow,Reserves,ATL,202501270MIN
Bogdan Bogdanović,Reserves: Did Not Dress,ATL,202501270MIN
Dyson Daniels,Reserves: Did Not Play,ATL,202501270MIN
Rudy Gobert,Starter,MIN,202501270MIN
Anthony Edwards,Starter,MIN,202501270MIN
Jaden McDaniels,Starter,MIN,202501270MIN
Julius Randle,Starter,MIN,202501270MIN
Mike Conley,Starter,MIN,202501270MIN
Naz Reid,Reserves,MIN,202501270MIN
Nickeil Alexander-Walker,Reserves,MIN,202501270MIN
Rob Dillingham,Reserves,MIN,202501270MIN
Josh Minott,Reserves,MIN,202501270MIN
Jaylen Clark,Reserves: Did Not Play,MIN,202501270MIN
Luka Garza,Reserves: Did Not Play,MIN,202501270MIN
Joe Ingles,Reserves: Did Not Play,MIN,202501270MIN
Leonard Miller,Reserves: Did Not Play,MIN,202501270MIN
Coby White,Starter,CHI,202412300CHO
Nikola Vučević,Starter,CHI,202412300CHO
Patrick Williams,Starter,CHI,202412300CHO
Josh Giddey,Starter,CHI,202412300CHO
Julian Phillips,Starter,CHI,202412300CHO
Lonzo Ball,Reserves,CHI,202412300CHO
Torrey Craig,Reserves,CHI,202412300CHO
Talen Horton-Tucker,Reserves,CHI,202412300CHO
Dalen Terry,Reserves,CHI,202412300CHO
Jalen Smith,Reserves,CHI,202412300CHO
Matas Buzelis,Reserves,CHI,202412300CHO
Jevon Carter,Reserves: Did Not Play,CHI,202412300CHO
Chris Duarte,Reserves: Did Not Play,CHI,202412300CHO
Josh Green,Starter,CHO,202412300CHO
Miles Bridges,Starter,CHO,202412300CHO
Vasilije Micić,Starter,CHO,202412300CHO
Seth Curry,Starter,CHO,202412300CHO
Mark Williams,Starter,CHO,202412300CHO
DaQuan Jeffries,Reserves,CHO,202412300CHO
Isaiah Wong,Reserves,CHO,202412300CHO
Tidjane Salaün,Reserves,CHO,202412300CHO
KJ Simpson,Reserves,CHO,202412300CHO
Nick Richards,Reserves,CHO,202412300CHO
Moussa Diabaté,Reserves,CHO,202412300CHO
Taj Gibson,Reserves: Did Not Play,CHO,202412300CHO
Scottie Barnes,Starter,TOR,202501170MIL
Davion Mitchell,Starter,TOR,202501170MIL
RJ Barrett,Starter,TOR,202501170MIL
Gradey Dick,Starter,TOR,202501170MIL
Jakob Poeltl,Starter,TOR,202501170MIL
Bruce Brown,Reserves,TOR,202501170MIL
Kelly Olynyk,Reserves,TOR,202501170MIL
Jamal Shead,Reserves,TOR,202501170MIL
Jonathan Mogbo,Reserves,TOR,202501170MIL
Chris Boucher,Reserves,TOR,202501170MIL
Garrett Temple,Reserves,TOR,202501170MIL
Jamison Battle,Reserves,TOR,202501170MIL
Damian Lillard,Starter,MIL,202501170MIL
Giannis Antetokounmpo,Starter,MIL,202501170MIL
Brook Lopez,Starter,MIL,202501170MIL
Taurean Prince,Starter,MIL,202501170MIL
Ryan Rollins,Starter,MIL,202501170MIL
Gary Trent Jr.,Reserves,MIL,202501170MIL
Khris Middleton,Reserves,MIL,202501170MIL
Bobby Portis,Reserves,MIL,202501170MIL
A.J. Green,Reserves,MIL,202501170MIL
Chris Livingston,Reserves,MIL,202501170MIL
Liam Robbins,Reserves,MIL,202501170MIL
Stanley Umude,Reserves,MIL,202501170MIL
Pat Connaughton,Reserves: Did Not Play,MIL,202501170MIL
Delon Wright,Reserves: Did Not Play,MIL,202501170MIL
LaMelo Ball,Starter,CHO,202412260WAS
Brandon Miller,Starter,CHO,202412260WAS
Miles Bridges,Starter,CHO,202412260WAS
Josh Green,Starter,CHO,202412260WAS
Mark Williams,Starter,CHO,202412260WAS
Cody Martin,Reserves,CHO,202412260WAS
Nick Richards,Reserves,CHO,202412260WAS
Tidjane Salaün,Reserves,CHO,202412260WAS
Vasilije Micić,Reserves,CHO,202412260WAS
DaQuan Jeffries,Reserves,CHO,202412260WAS
Moussa Diabaté,Reserves,CHO,202412260WAS
Isaiah Wong,Reserves,CHO,202412260WAS
Seth Curry,Reserves: Did Not Play,CHO,202412260WAS
Taj Gibson,Reserves: Did Not Play,CHO,202412260WAS
Jordan Poole,Starter,WAS,202412260WAS
Bilal Coulibaly,Starter,WAS,202412260WAS
Carlton Carrington,Starter,WAS,202412260WAS
Alex Sarr,Starter,WAS,202412260WAS
Justin Champagnie,Starter,WAS,202412260WAS
Corey Kispert,Reserves,WAS,202412260WAS
Malcolm Brogdon,Reserves,WAS,202412260WAS
Kyshawn George,Reserves,WAS,202412260WAS
Jonas Valančiūnas,Reserves,WAS,202412260WAS
Patrick Baldwin Jr.,Reserves: Did Not Play,WAS,202412260WAS
Jared Butler,Reserves: Did Not Play,WAS,202412260WAS
Johnny Davis,Reserves: Did Not Play,WAS,202412260WAS
Anthony Gill,Reserves: Did Not Play,WAS,202412260WAS
Richaun Holmes,Reserves: Did Not Play,WAS,202412260WAS
Tristan Vukcevic,Reserves: Did Not Play,WAS,202412260WAS
Harrison Barnes,Starter,SAS,202412130POR
Victor Wembanyama,Starter,SAS,202412130POR
Jeremy Sochan,Starter,SAS,202412130POR
Julian Champagnie,Starter,SAS,202412130POR
Chris Paul,Starter,SAS,202412130POR
Devin Vassell,Reserves,SAS,202412130POR
Blake Wesley,Reserves,SAS,202412130POR
Malaki Branham,Reserves,SAS,202412130POR
Charles Bassey,Reserves,SAS,202412130POR
Sandro Mamukelashvili,Reserves,SAS,202412130POR
Sidy Cissoko,Reserves: Did Not Play,SAS,202412130POR
Jerami Grant,Starter,POR,202412130POR
Toumani Camara,Starter,POR,202412130POR
Anfernee Simons,Starter,POR,202412130POR
Shaedon Sharpe,Starter,POR,202412130POR
Jabari Walker,Starter,POR,202412130POR
Deni Avdija,Reserves,POR,202412130POR
Scoot Henderson,Reserves,POR,202412130POR
Donovan Clingan,Reserves,POR,202412130POR
Dalano Banton,Reserves,POR,202412130POR
Deandre Ayton,Reserves,POR,202412130POR
Kris Murray,Reserves: Did Not Play,POR,202412130POR
Duop Reath,Reserves: Did Not Play,POR,202412130POR
Rayan Rupert,Reserves: Did Not Play,POR,202412130POR
Matisse Thybulle,Reserves: Did Not Dress,POR,202412130POR
Robert Williams,Reserves: Did Not Play,POR,202412130POR
Bilal Coulibaly,Starter,WAS,202412030CLE
Alex Sarr,Starter,WAS,202412030CLE
Jordan Poole,Starter,WAS,202412030CLE
Malcolm Brogdon,Starter,WAS,202412030CLE
Jonas Valančiūnas,Starter,WAS,202412030CLE
Carlton Carrington,Reserves,WAS,202412030CLE
Anthony Gill,Reserves,WAS,202412030CLE
Jared Butler,Reserves,WAS,202412030CLE
Richaun Holmes,Reserves,WAS,202412030CLE
Kyshawn George,Reserves,WAS,202412030CLE
Johnny Davis,Reserves,WAS,202412030CLE
Corey Kispert,Reserves,WAS,202412030CLE
Marvin Bagley III,Reserves,WAS,202412030CLE
Evan Mobley,Starter,CLE,202412030CLE
Isaac Okoro,Starter,CLE,202412030CLE
Donovan Mitchell,Starter,CLE,202412030CLE
Jarrett Allen,Starter,CLE,202412030CLE
Darius Garland,Starter,CLE,202412030CLE
Georges Niang,Reserves,CLE,202412030CLE
Caris LeVert,Reserves,CLE,202412030CLE
Sam Merrill,Reserves,CLE,202412030CLE
Dean Wade,Reserves,CLE,202412030CLE
Tristan Thompson,Reserves,CLE,202412030CLE
Craig Porter Jr.,Reserves,CLE,202412030CLE
Jaylon Tyson,Reserves,CLE,202412030CLE
Trae Young,Starter,ATL,202501300CLE
Dyson Daniels,Starter,ATL,202501300CLE
Onyeka Okongwu,Starter,ATL,202501300CLE
Zaccharie Risacher,Starter,ATL,202501300CLE
Mouhamed Gueye,Starter,ATL,202501300CLE
De'Andre Hunter,Reserves,ATL,202501300CLE
Vit Krejci,Reserves,ATL,202501300CLE
Garrison Mathews,Reserves,ATL,202501300CLE
Keaton Wallace,Reserves,ATL,202501300CLE
Larry Nance Jr.,Reserves,ATL,202501300CLE
Dominick Barlow,Reserves,ATL,202501300CLE
David Roddy,Reserves,ATL,202501300CLE
Jarrett Allen,Starter,CLE,202501300CLE
Darius Garland,Starter,CLE,202501300CLE
Donovan Mitchell,Starter,CLE,202501300CLE
Evan Mobley,Starter,CLE,202501300CLE
Max Strus,Starter,CLE,202501300CLE
Ty Jerome,Reserves,CLE,202501300CLE
Sam Merrill,Reserves,CLE,202501300CLE
Georges Niang,Reserves,CLE,202501300CLE
Jaylon Tyson,Reserves,CLE,202501300CLE
Craig Porter Jr.,Reserves,CLE,202501300CLE
Emoni Bates,Reserves,CLE,202501300CLE
Tristan Thompson,Reserves,CLE,202501300CLE
JT Thor,Reserves,CLE,202501300CLE
Fred VanVleet,Starter,HOU,202412140OKC
Jabari Smith Jr.,Starter,HOU,202412140OKC
Jalen Green,Starter,HOU,202412140OKC
Dillon Brooks,Starter,HOU,202412140OKC
Alperen Şengün,Starter,HOU,202412140OKC
Amen Thompson,Reserves,HOU,202412140OKC
Tari Eason,Reserves,HOU,202412140OKC
Steven Adams,Reserves,HOU,202412140OKC
Aaron Holiday,Reserves,HOU,202412140OKC
Jeff Green,Reserves: Did Not Play,HOU,202412140OKC
Jock Landale,Reserves: Did Not Play,HOU,202412140OKC
Reed Sheppard,Reserves: Did Not Play,HOU,202412140OKC
Jae'Sean Tate,Reserves: Did Not Play,HOU,202412140OKC
Cam Whitmore,Reserves: Did Not Play,HOU,202412140OKC
Jeenathan Williams,Reserves: Did Not Play,HOU,202412140OKC
Jalen Williams,Starter,OKC,202412140OKC
Shai Gilgeous-Alexander,Starter,OKC,202412140OKC
Isaiah Hartenstein,Starter,OKC,202412140OKC
Cason Wallace,Starter,OKC,202412140OKC
Luguentz Dort,Starter,OKC,202412140OKC
Alex Caruso,Reserves,OKC,202412140OKC
Isaiah Joe,Reserves,OKC,202412140OKC
Kenrich Williams,Reserves,OKC,202412140OKC
Aaron Wiggins,Reserves,OKC,202412140OKC
Ajay Mitchell,Reserves,OKC,202412140OKC
Branden Carlson,Reserves: Did Not Play,OKC,202412140OKC
Dillon Jones,Reserves: Did Not Play,OKC,202412140OKC
Damian Lillard,Starter,MIL,202412310IND
Giannis Antetokounmpo,Starter,MIL,202412310IND
Khris Middleton,Starter,MIL,202412310IND
Brook Lopez,Starter,MIL,202412310IND
Andre Jackson Jr.,Starter,MIL,202412310IND
Bobby Portis,Reserves,MIL,202412310IND
Gary Trent Jr.,Reserves,MIL,202412310IND
Taurean Prince,Reserves,MIL,202412310IND
A.J. Green,Reserves,MIL,202412310IND
Ryan Rollins,Reserves,MIL,202412310IND
MarJon Beauchamp,Reserves: Did Not Play,MIL,202412310IND
Pat Connaughton,Reserves: Did Not Play,MIL,202412310IND
Liam Robbins,Reserves: Did Not Play,MIL,202412310IND
Stanley Umude,Reserves: Did Not Play,MIL,202412310IND
Delon Wright,Reserves: Did Not Play,MIL,202412310IND
Tyrese Haliburton,Starter,IND,202412310IND
Bennedict Mathurin,Starter,IND,202412310IND
Myles Turner,Starter,IND,202412310IND
Andrew Nembhard,Starter,IND,202412310IND
Pascal Siakam,Starter,IND,202412310IND
Ben Sheppard,Reserves,IND,202412310IND
T.J. McConnell,Reserves,IND,202412310IND
Jarace Walker,Reserves,IND,202412310IND
Obi Toppin,Reserves,IND,202412310IND
Thomas Bryant,Reserves,IND,202412310IND
Johnny Furphy,Reserves: Did Not Play,IND,202412310IND
James Johnson,Reserves: Did Not Play,IND,202412310IND
Aaron Nesmith,Reserves: Did Not Dress,IND,202412310IND
Dyson Daniels,Starter,ATL,202501180BOS
Trae Young,Starter,ATL,202501180BOS
Jalen Johnson,Starter,ATL,202501180BOS
Vit Krejci,Starter,ATL,202501180BOS
Clint Capela,Starter,ATL,202501180BOS
De'Andre Hunter,Reserves,ATL,202501180BOS
Onyeka Okongwu,Reserves,ATL,202501180BOS
Bogdan Bogdanović,Reserves,ATL,202501180BOS
Garrison Mathews,Reserves,ATL,202501180BOS
Dominick Barlow,Reserves: Did Not Play,ATL,202501180BOS
Daeqwon Plowden,Reserves: Did Not Play,ATL,202501180BOS
David Roddy,Reserves: Did Not Play,ATL,202501180BOS
Derrick White,Starter,BOS,202501180BOS
Jayson Tatum,Starter,BOS,202501180BOS
Jaylen Brown,Starter,BOS,202501180BOS
Luke Kornet,Starter,BOS,202501180BOS
Jrue Holiday,Starter,BOS,202501180BOS
Payton Pritchard,Reserves,BOS,202501180BOS
Neemias Queta,Reserves,BOS,202501180BOS
Sam Hauser,Reserves,BOS,202501180BOS
Al Horford,Reserves: Did Not Dress,BOS,202501180BOS
Kristaps Porziņģis,Reserves: Did Not Dress,BOS,202501180BOS
Baylor Scheierman,Reserves: Did Not Play,BOS,202501180BOS
Jaden Springer,Reserves: Did Not Play,BOS,202501180BOS
Xavier Tillman Sr.,Reserves: Did Not Play,BOS,202501180BOS
Jordan Walsh,Reserves: Did Not Play,BOS,202501180BOS
Austin Reaves,Starter,LAL,202501280PHI
LeBron James,Starter,LAL,202501280PHI
Rui Hachimura,Starter,LAL,202501280PHI
Max Christie,Starter,LAL,202501280PHI
Anthony Davis,Starter,LAL,202501280PHI
Dalton Knecht,Reserves,LAL,202501280PHI
Dorian Finney-Smith,Reserves,LAL,202501280PHI
Jaxson Hayes,Reserves,LAL,202501280PHI
Cam Reddish,Reserves,LAL,202501280PHI
Christian Koloko,Reserves,LAL,202501280PHI
Bronny James,Reserves,LAL,202501280PHI
Shake Milton,Reserves,LAL,202501280PHI
Kelly Oubre Jr.,Starter,PHI,202501280PHI
Tyrese Maxey,Starter,PHI,202501280PHI
Eric Gordon,Starter,PHI,202501280PHI
Justin Edwards,Starter,PHI,202501280PHI
Guerschon Yabusele,Starter,PHI,202501280PHI
Adem Bona,Reserves,PHI,202501280PHI
Ricky Council IV,Reserves,PHI,202501280PHI
Kyle Lowry,Reserves,PHI,202501280PHI
Reggie Jackson,Reserves,PHI,202501280PHI
Pete Nance,Reserves,PHI,202501280PHI
Jeff Dowtin,Reserves,PHI,202501280PHI
Andre Drummond,Reserves: Did Not Dress,PHI,202501280PHI
Malik Monk,Starter,SAC,202501290PHI
Domantas Sabonis,Starter,SAC,202501290PHI
DeMar DeRozan,Starter,SAC,202501290PHI
Keegan Murray,Starter,SAC,202501290PHI
De'Aaron Fox,Starter,SAC,202501290PHI
Keon Ellis,Reserves,SAC,202501290PHI
Trey Lyles,Reserves,SAC,202501290PHI
Kevin Huerter,Reserves,SAC,202501290PHI
Alex Len,Reserves,SAC,202501290PHI
Devin Carter,Reserves,SAC,202501290PHI
Jae Crowder,Reserves: Did Not Play,SAC,202501290PHI
Mason Jones,Reserves: Did Not Play,SAC,202501290PHI
Jordan McLaughlin,Reserves: Did Not Play,SAC,202501290PHI
Tyrese Maxey,Starter,PHI,202501290PHI
Kelly Oubre Jr.,Starter,PHI,202501290PHI
Guerschon Yabusele,Starter,PHI,202501290PHI
Justin Edwards,Starter,PHI,202501290PHI
Eric Gordon,Starter,PHI,202501290PHI
Ricky Council IV,Reserves,PHI,202501290PHI
Kyle Lowry,Reserves,PHI,202501290PHI
Adem Bona,Reserves,PHI,202501290PHI
Reggie Jackson,Reserves,PHI,202501290PHI
Pete Nance,Reserves,PHI,202501290PHI
Andre Drummond,Reserves: Did Not Dress,PHI,202501290PHI
Caleb Martin,Reserves: Did Not Dress,PHI,202501290PHI
Jamal Murray,Starter,DEN,202501270CHI
Nikola Jokić,Starter,DEN,202501270CHI
Russell Westbrook,Starter,DEN,202501270CHI
Christian Braun,Starter,DEN,202501270CHI
Michael Porter Jr.,Starter,DEN,202501270CHI
Peyton Watson,Reserves,DEN,202501270CHI
Aaron Gordon,Reserves,DEN,202501270CHI
Julian Strawther,Reserves,DEN,202501270CHI
PJ Hall,Reserves: Did Not Play,DEN,202501270CHI
DeAndre Jordan,Reserves: Did Not Play,DEN,202501270CHI
Zeke Nnaji,Reserves: Did Not Play,DEN,202501270CHI
Jalen Pickett,Reserves: Did Not Play,DEN,202501270CHI
Dario Šarić,Reserves: Did Not Play,DEN,202501270CHI
Hunter Tyson,Reserves: Did Not Play,DEN,202501270CHI
Zach LaVine,Starter,CHI,202501270CHI
Ayo Dosunmu,Starter,CHI,202501270CHI
Nikola Vučević,Starter,CHI,202501270CHI
Josh Giddey,Starter,CHI,202501270CHI
Lonzo Ball,Starter,CHI,202501270CHI
Patrick Williams,Reserves,CHI,202501270CHI
Matas Buzelis,Reserves,CHI,202501270CHI
Jalen Smith,Reserves,CHI,202501270CHI
Dalen Terry,Reserves,CHI,202501270CHI
Julian Phillips,Reserves,CHI,202501270CHI
Talen Horton-Tucker,Reserves,CHI,202501270CHI
Jevon Carter,Reserves: Did Not Play,CHI,202501270CHI
Chris Duarte,Reserves: Did Not Play,CHI,202501270CHI
Jarrett Allen,Starter,CLE,202501180MIN
Donovan Mitchell,Starter,CLE,202501180MIN
Darius Garland,Starter,CLE,202501180MIN
Dean Wade,Starter,CLE,202501180MIN
Caris LeVert,Starter,CLE,202501180MIN
Georges Niang,Reserves,CLE,202501180MIN
Max Strus,Reserves,CLE,202501180MIN
Ty Jerome,Reserves,CLE,202501180MIN
Sam Merrill,Reserves,CLE,202501180MIN
Craig Porter Jr.,Reserves: Did Not Play,CLE,202501180MIN
Tristan Thompson,Reserves: Did Not Play,CLE,202501180MIN
JT Thor,Reserves: Did Not Play,CLE,202501180MIN
Jaylon Tyson,Reserves: Did Not Play,CLE,202501180MIN
Anthony Edwards,Starter,MIN,202501180MIN
Julius Randle,Starter,MIN,202501180MIN
Jaden McDaniels,Starter,MIN,202501180MIN
Rudy Gobert,Starter,MIN,202501180MIN
Mike Conley,Starter,MIN,202501180MIN
Naz Reid,Reserves,MIN,202501180MIN
Rob Dillingham,Reserves,MIN,202501180MIN
Nickeil Alexander-Walker,Reserves,MIN,202501180MIN
Joe Ingles,Reserves,MIN,202501180MIN
Jaylen Clark,Reserves: Did Not Play,MIN,202501180MIN
Luka Garza,Reserves: Did Not Play,MIN,202501180MIN
Leonard Miller,Reserves: Did Not Play,MIN,202501180MIN
Josh Minott,Reserves: Did Not Play,MIN,202501180MIN
Domantas Sabonis,Starter,SAC,202501270BRK
DeMar DeRozan,Starter,SAC,202501270BRK
De'Aaron Fox,Starter,SAC,202501270BRK
Malik Monk,Starter,SAC,202501270BRK
Keegan Murray,Starter,SAC,202501270BRK
Keon Ellis,Reserves,SAC,202501270BRK
Trey Lyles,Reserves,SAC,202501270BRK
Devin Carter,Reserves,SAC,202501270BRK
Doug McDermott,Reserves,SAC,202501270BRK
Alex Len,Reserves,SAC,202501270BRK
Jae Crowder,Reserves: Did Not Play,SAC,202501270BRK
Kevin Huerter,Reserves: Did Not Play,SAC,202501270BRK
Mason Jones,Reserves: Did Not Play,SAC,202501270BRK
Jordan McLaughlin,Reserves: Did Not Play,SAC,202501270BRK
Jalen Wilson,Starter,BRK,202501270BRK
D'Angelo Russell,Starter,BRK,202501270BRK
Nic Claxton,Starter,BRK,202501270BRK
Keon Johnson,Starter,BRK,202501270BRK
Noah Clowney,Starter,BRK,202501270BRK
Tosan Evbuomwan,Reserves,BRK,202501270BRK
Tyrese Martin,Reserves,BRK,202501270BRK
Day'Ron Sharpe,Reserves,BRK,202501270BRK
Ziaire Williams,Reserves,BRK,202501270BRK
Reece Beekman,Reserves,BRK,202501270BRK
Trendon Watford,Reserves: Did Not Dress,BRK,202501270BRK
Dariq Whitehead,Reserves: Did Not Play,BRK,202501270BRK
LaMelo Ball,Starter,CHO,202412190WAS
Miles Bridges,Starter,CHO,202412190WAS
Seth Curry,Starter,CHO,202412190WAS
Josh Green,Starter,CHO,202412190WAS
Mark Williams,Starter,CHO,202412190WAS
Cody Martin,Reserves,CHO,202412190WAS
Nick Richards,Reserves,CHO,202412190WAS
Tidjane Salaün,Reserves,CHO,202412190WAS
Vasilije Micić,Reserves,CHO,202412190WAS
Isaiah Wong,Reserves,CHO,202412190WAS
Moussa Diabaté,Reserves,CHO,202412190WAS
Taj Gibson,Reserves: Did Not Play,CHO,202412190WAS
DaQuan Jeffries,Reserves: Did Not Play,CHO,202412190WAS
Bilal Coulibaly,Starter,WAS,202412190WAS
Carlton Carrington,Starter,WAS,202412190WAS
Jordan Poole,Starter,WAS,202412190WAS
Alex Sarr,Starter,WAS,202412190WAS
Justin Champagnie,Starter,WAS,202412190WAS
Malcolm Brogdon,Reserves,WAS,202412190WAS
Corey Kispert,Reserves,WAS,202412190WAS
Kyshawn George,Reserves,WAS,202412190WAS
Jonas Valančiūnas,Reserves,WAS,202412190WAS
Marvin Bagley III,Reserves: Did Not Play,WAS,202412190WAS
Patrick Baldwin Jr.,Reserves: Did Not Play,WAS,202412190WAS
Jared Butler,Reserves: Did Not Play,WAS,202412190WAS
Johnny Davis,Reserves: Did Not Play,WAS,202412190WAS
Anthony Gill,Reserves: Did Not Play,WAS,202412190WAS
Richaun Holmes,Reserves: Did Not Play,WAS,202412190WAS
Cole Anthony,Starter,ORL,202501060NYK
Tristan Da Silva,Starter,ORL,202501060NYK
Kentavious Caldwell-Pope,Starter,ORL,202501060NYK
Goga Bitadze,Starter,ORL,202501060NYK
Caleb Houstan,Starter,ORL,202501060NYK
Anthony Black,Reserves,ORL,202501060NYK
Wendell Carter Jr.,Reserves,ORL,202501060NYK
Jonathan Isaac,Reserves,ORL,202501060NYK
Jett Howard,Reserves,ORL,202501060NYK
Trevelin Queen,Reserves,ORL,202501060NYK
Cory Joseph,Reserves: Did Not Play,ORL,202501060NYK
Mikal Bridges,Starter,NYK,202501060NYK
Josh Hart,Starter,NYK,202501060NYK
Jalen Brunson,Starter,NYK,202501060NYK
OG Anunoby,Starter,NYK,202501060NYK
Jericho Sims,Starter,NYK,202501060NYK
Precious Achiuwa,Reserves,NYK,202501060NYK
Landry Shamet,Reserves,NYK,202501060NYK
Cameron Payne,Reserves,NYK,202501060NYK
Ariel Hukporti,Reserves: Did Not Play,NYK,202501060NYK
Tyler Kolek,Reserves: Did Not Play,NYK,202501060NYK
Miles McBride,Reserves: Did Not Dress,NYK,202501060NYK
Matt Ryan,Reserves: Did Not Play,NYK,202501060NYK
Jacob Toppin,Reserves: Did Not Play,NYK,202501060NYK
Karl-Anthony Towns,Reserves: Did Not Dress,NYK,202501060NYK
Kentavious Caldwell-Pope,Starter,ORL,202501010DET
Wendell Carter Jr.,Starter,ORL,202501010DET
Jalen Suggs,Starter,ORL,202501010DET
Tristan Da Silva,Starter,ORL,202501010DET
Goga Bitadze,Starter,ORL,202501010DET
Caleb Houstan,Reserves,ORL,202501010DET
Gary Harris,Reserves,ORL,202501010DET
Jett Howard,Reserves,ORL,202501010DET
Jonathan Isaac,Reserves,ORL,202501010DET
Cole Anthony,Reserves,ORL,202501010DET
Cory Joseph,Reserves,ORL,202501010DET
Tobias Harris,Starter,DET,202501010DET
Cade Cunningham,Starter,DET,202501010DET
Tim Hardaway Jr.,Starter,DET,202501010DET
Jaden Ivey,Starter,DET,202501010DET
Jalen Duren,Starter,DET,202501010DET
Ausar Thompson,Reserves,DET,202501010DET
Malik Beasley,Reserves,DET,202501010DET
Isaiah Stewart,Reserves,DET,202501010DET
Ron Holland,Reserves,DET,202501010DET
Marcus Sasser,Reserves,DET,202501010DET
Wendell Moore Jr.,Reserves: Did Not Play,DET,202501010DET
Paul Reed,Reserves: Did Not Play,DET,202501010DET
Trey Murphy III,Starter,NOP,202501010MIA
Herbert Jones,Starter,NOP,202501010MIA
CJ McCollum,Starter,NOP,202501010MIA
Dejounte Murray,Starter,NOP,202501010MIA
Yves Missi,Starter,NOP,202501010MIA
Brandon Boston Jr.,Reserves,NOP,202501010MIA
Jordan Hawkins,Reserves,NOP,202501010MIA
Daniel Theis,Reserves,NOP,202501010MIA
Javonte Green,Reserves,NOP,202501010MIA
Jamal Cain,Reserves: Did Not Play,NOP,202501010MIA
Antonio Reeves,Reserves: Did Not Play,NOP,202501010MIA
Jeremiah Robinson-Earl,Reserves: Did Not Dress,NOP,202501010MIA
Tyler Herro,Starter,MIA,202501010MIA
Bam Adebayo,Starter,MIA,202501010MIA
Haywood Highsmith,Starter,MIA,202501010MIA
Duncan Robinson,Starter,MIA,202501010MIA
Jimmy Butler,Starter,MIA,202501010MIA
Nikola Jović,Reserves,MIA,202501010MIA
Jaime Jaquez Jr.,Reserves,MIA,202501010MIA
Alec Burks,Reserves,MIA,202501010MIA
Kel'el Ware,Reserves,MIA,202501010MIA
Josh Christopher,Reserves: Did Not Play,MIA,202501010MIA
Keshad Johnson,Reserves: Did Not Play,MIA,202501010MIA
Pelle Larsson,Reserves: Did Not Play,MIA,202501010MIA
Kevin Love,Reserves: Did Not Play,MIA,202501010MIA
Terry Rozier,Reserves,MIA,202501010MIA
Isaiah Stevens,Reserves: Did Not Play,MIA,202501010MIA
Trey Murphy III,Starter,NOP,202501270TOR
CJ McCollum,Starter,NOP,202501270TOR
Dejounte Murray,Starter,NOP,202501270TOR
Zion Williamson,Starter,NOP,202501270TOR
Yves Missi,Starter,NOP,202501270TOR
Javonte Green,Reserves,NOP,202501270TOR
Jordan Hawkins,Reserves,NOP,202501270TOR
Jose Alvarado,Reserves,NOP,202501270TOR
Daniel Theis,Reserves,NOP,202501270TOR
Karlo Matković,Reserves: Did Not Play,NOP,202501270TOR
Antonio Reeves,Reserves: Did Not Play,NOP,202501270TOR
Jeremiah Robinson-Earl,Reserves: Did Not Play,NOP,202501270TOR
Scottie Barnes,Starter,TOR,202501270TOR
RJ Barrett,Starter,TOR,202501270TOR
Jakob Poeltl,Starter,TOR,202501270TOR
Davion Mitchell,Starter,TOR,202501270TOR
Gradey Dick,Starter,TOR,202501270TOR
Bruce Brown,Reserves,TOR,202501270TOR
Jamal Shead,Reserves,TOR,202501270TOR
Chris Boucher,Reserves,TOR,202501270TOR
Ochai Agbaji,Reserves,TOR,202501270TOR
Orlando Robinson,Reserves,TOR,202501270TOR
Jamison Battle,Reserves: Did Not Play,TOR,202501270TOR
Ulrich Chomche,Reserves: Did Not Play,TOR,202501270TOR
Jonathan Mogbo,Reserves: Did Not Play,TOR,202501270TOR
Garrett Temple,Reserves: Did Not Play,TOR,202501270TOR
Ja'Kobe Walter,Reserves: Did Not Play,TOR,202501270TOR
Anfernee Simons,Starter,POR,202412210SAS
Shaedon Sharpe,Starter,POR,202412210SAS
Jerami Grant,Starter,POR,202412210SAS
Deandre Ayton,Starter,POR,202412210SAS
Toumani Camara,Starter,POR,202412210SAS
Deni Avdija,Reserves,POR,202412210SAS
Scoot Henderson,Reserves,POR,202412210SAS
Donovan Clingan,Reserves,POR,202412210SAS
Robert Williams,Reserves,POR,202412210SAS
Duop Reath,Reserves,POR,202412210SAS
Jabari Walker,Reserves,POR,202412210SAS
Kris Murray,Reserves,POR,202412210SAS
Rayan Rupert,Reserves,POR,202412210SAS
Dalano Banton,Reserves: Did Not Dress,POR,202412210SAS
Matisse Thybulle,Reserves: Did Not Dress,POR,202412210SAS
Victor Wembanyama,Starter,SAS,202412210SAS
Chris Paul,Starter,SAS,202412210SAS
Jeremy Sochan,Starter,SAS,202412210SAS
Devin Vassell,Starter,SAS,202412210SAS
Harrison Barnes,Starter,SAS,202412210SAS
Julian Champagnie,Reserves,SAS,202412210SAS
Keldon Johnson,Reserves,SAS,202412210SAS
Stephon Castle,Reserves,SAS,202412210SAS
Charles Bassey,Reserves,SAS,202412210SAS
Tre Jones,Reserves,SAS,202412210SAS
Sidy Cissoko,Reserves,SAS,202412210SAS
Malaki Branham,Reserves,SAS,202412210SAS
Sandro Mamukelashvili,Reserves,SAS,202412210SAS
Blake Wesley,Reserves,SAS,202412210SAS
Zach Collins,Reserves: Did Not Play,SAS,202412210SAS
Noah Clowney,Starter,BRK,202501190OKC
Nic Claxton,Starter,BRK,202501190OKC
Cameron Johnson,Starter,BRK,202501190OKC
D'Angelo Russell,Starter,BRK,202501190OKC
Ziaire Williams,Starter,BRK,202501190OKC
Tyrese Martin,Reserves,BRK,202501190OKC
Jalen Wilson,Reserves,BRK,202501190OKC
Keon Johnson,Reserves,BRK,202501190OKC
Tosan Evbuomwan,Reserves,BRK,202501190OKC
Day'Ron Sharpe,Reserves,BRK,202501190OKC
Reece Beekman,Reserves,BRK,202501190OKC
Ben Simmons,Reserves: Did Not Dress,BRK,202501190OKC
Shai Gilgeous-Alexander,Starter,OKC,202501190OKC
Jaylin Williams,Starter,OKC,202501190OKC
Cason Wallace,Starter,OKC,202501190OKC
Isaiah Joe,Starter,OKC,202501190OKC
Luguentz Dort,Starter,OKC,202501190OKC
Aaron Wiggins,Reserves,OKC,202501190OKC
Ousmane Dieng,Reserves,OKC,202501190OKC
Alex Caruso,Reserves,OKC,202501190OKC
Dillon Jones,Reserves,OKC,202501190OKC
Branden Carlson,Reserves,OKC,202501190OKC
Adam Flagler,Reserves,OKC,202501190OKC
Alex Ducas,Reserves,OKC,202501190OKC
Kenrich Williams,Reserves: Did Not Play,OKC,202501190OKC
Jalen Williams,Starter,OKC,202412070NOP
Shai Gilgeous-Alexander,Starter,OKC,202412070NOP
Luguentz Dort,Starter,OKC,202412070NOP
Isaiah Hartenstein,Starter,OKC,202412070NOP
Cason Wallace,Starter,OKC,202412070NOP
Alex Caruso,Reserves,OKC,202412070NOP
Ajay Mitchell,Reserves,OKC,202412070NOP
Aaron Wiggins,Reserves,OKC,202412070NOP
Isaiah Joe,Reserves,OKC,202412070NOP
Kenrich Williams,Reserves,OKC,202412070NOP
Branden Carlson,Reserves: Did Not Play,OKC,202412070NOP
Adam Flagler,Reserves: Did Not Play,OKC,202412070NOP
CJ McCollum,Starter,NOP,202412070NOP
Herbert Jones,Starter,NOP,202412070NOP
Dejounte Murray,Starter,NOP,202412070NOP
Yves Missi,Starter,NOP,202412070NOP
Brandon Ingram,Starter,NOP,202412070NOP
Trey Murphy III,Reserves,NOP,202412070NOP
Brandon Boston Jr.,Reserves,NOP,202412070NOP
Jeremiah Robinson-Earl,Reserves,NOP,202412070NOP
Javonte Green,Reserves,NOP,202412070NOP
Jamal Cain,Reserves: Did Not Play,NOP,202412070NOP
Trey Jemison,Reserves: Did Not Play,NOP,202412070NOP
Daniel Theis,Reserves: Did Not Dress,NOP,202412070NOP
Amen Thompson,Starter,HOU,202501270BOS
Dillon Brooks,Starter,HOU,202501270BOS
Fred VanVleet,Starter,HOU,202501270BOS
Alperen Şengün,Starter,HOU,202501270BOS
Jalen Green,Starter,HOU,202501270BOS
Tari Eason,Reserves,HOU,202501270BOS
Aaron Holiday,Reserves,HOU,202501270BOS
Steven Adams,Reserves,HOU,202501270BOS
Jae'Sean Tate,Reserves,HOU,202501270BOS
Jeff Green,Reserves: Did Not Play,HOU,202501270BOS
Jock Landale,Reserves: Did Not Play,HOU,202501270BOS
Reed Sheppard,Reserves: Did Not Play,HOU,202501270BOS
Jabari Smith Jr.,Reserves: Did Not Dress,HOU,202501270BOS
Cam Whitmore,Reserves: Did Not Dress,HOU,202501270BOS
Jeenathan Williams,Reserves: Did Not Play,HOU,202501270BOS
Jayson Tatum,Starter,BOS,202501270BOS
Jaylen Brown,Starter,BOS,202501270BOS
Luke Kornet,Starter,BOS,202501270BOS
Jrue Holiday,Starter,BOS,202501270BOS
Kristaps Porziņģis,Starter,BOS,202501270BOS
Payton Pritchard,Reserves,BOS,202501270BOS
Neemias Queta,Reserves,BOS,202501270BOS
Jaden Springer,Reserves,BOS,202501270BOS
Xavier Tillman Sr.,Reserves,BOS,202501270BOS
Jordan Walsh,Reserves,BOS,202501270BOS
Drew Peterson,Reserves,BOS,202501270BOS
JD Davison,Reserves: Did Not Play,BOS,202501270BOS
Al Horford,Reserves: Did Not Play,BOS,202501270BOS
Baylor Scheierman,Reserves: Did Not Play,BOS,202501270BOS
Anton Watson,Reserves: Did Not Play,BOS,202501270BOS
Nikola Jokić,Starter,DEN,202412160SAC
Jamal Murray,Starter,DEN,202412160SAC
Russell Westbrook,Starter,DEN,202412160SAC
Michael Porter Jr.,Starter,DEN,202412160SAC
Aaron Gordon,Starter,DEN,202412160SAC
Julian Strawther,Reserves,DEN,202412160SAC
Peyton Watson,Reserves,DEN,202412160SAC
Hunter Tyson,Reserves,DEN,202412160SAC
DeAndre Jordan,Reserves,DEN,202412160SAC
Spencer Jones,Reserves: Did Not Play,DEN,202412160SAC
Zeke Nnaji,Reserves: Did Not Play,DEN,202412160SAC
Jalen Pickett,Reserves: Did Not Play,DEN,202412160SAC
Domantas Sabonis,Starter,SAC,202412160SAC
De'Aaron Fox,Starter,SAC,202412160SAC
DeMar DeRozan,Starter,SAC,202412160SAC
Malik Monk,Starter,SAC,202412160SAC
Doug McDermott,Starter,SAC,202412160SAC
Keon Ellis,Reserves,SAC,202412160SAC
Colby Jones,Reserves,SAC,202412160SAC
Isaac Jones,Reserves,SAC,202412160SAC
Jae Crowder,Reserves,SAC,202412160SAC
Alex Len,Reserves,SAC,202412160SAC
Jordan McLaughlin,Reserves: Did Not Play,SAC,202412160SAC
Orlando Robinson,Reserves: Did Not Play,SAC,202412160SAC
Tyrese Martin,Starter,BRK,202501150LAC
Noah Clowney,Starter,BRK,202501150LAC
Keon Johnson,Starter,BRK,202501150LAC
Ziaire Williams,Starter,BRK,202501150LAC
Nic Claxton,Starter,BRK,202501150LAC
Jalen Wilson,Reserves,BRK,202501150LAC
Tosan Evbuomwan,Reserves,BRK,202501150LAC
Day'Ron Sharpe,Reserves,BRK,202501150LAC
Reece Beekman,Reserves,BRK,202501150LAC
Dariq Whitehead,Reserves,BRK,202501150LAC
Cameron Johnson,Reserves: Did Not Dress,BRK,202501150LAC
D'Angelo Russell,Reserves: Did Not Dress,BRK,202501150LAC
Kawhi Leonard,Starter,LAC,202501150LAC
James Harden,Starter,LAC,202501150LAC
Norman Powell,Starter,LAC,202501150LAC
Ivica Zubac,Starter,LAC,202501150LAC
Derrick Jones Jr.,Starter,LAC,202501150LAC
Amir Coffey,Reserves,LAC,202501150LAC
Mo Bamba,Reserves,LAC,202501150LAC
Nicolas Batum,Reserves,LAC,202501150LAC
Bones Hyland,Reserves,LAC,202501150LAC
Kai Jones,Reserves,LAC,202501150LAC
Jordan Miller,Reserves,LAC,202501150LAC
Kris Dunn,Reserves,LAC,202501150LAC
Terance Mann,Reserves,LAC,202501150LAC
Kevin Porter Jr.,Reserves: Did Not Play,LAC,202501150LAC
Trayce Jackson-Davis,Starter,GSW,202412270LAC
Dennis Schröder,Starter,GSW,202412270LAC
Andrew Wiggins,Starter,GSW,202412270LAC
Buddy Hield,Starter,GSW,202412270LAC
Kyle Anderson,Starter,GSW,202412270LAC
Jonathan Kuminga,Reserves,GSW,202412270LAC
Brandin Podziemski,Reserves,GSW,202412270LAC
Moses Moody,Reserves,GSW,202412270LAC
Lindy Waters III,Reserves,GSW,202412270LAC
Kevon Looney,Reserves,GSW,202412270LAC
Gui Santos,Reserves,GSW,202412270LAC
Quinten Post,Reserves,GSW,202412270LAC
Pat Spencer,Reserves: Did Not Play,GSW,202412270LAC
Norman Powell,Starter,LAC,202412270LAC
James Harden,Starter,LAC,202412270LAC
Ivica Zubac,Starter,LAC,202412270LAC
Kris Dunn,Starter,LAC,202412270LAC
Derrick Jones Jr.,Starter,LAC,202412270LAC
Amir Coffey,Reserves,LAC,202412270LAC
Nicolas Batum,Reserves,LAC,202412270LAC
Mo Bamba,Reserves,LAC,202412270LAC
Jordan Miller,Reserves,LAC,202412270LAC
Kobe Brown,Reserves: Did Not Dress,LAC,202412270LAC
Bones Hyland,Reserves: Did Not Play,LAC,202412270LAC
Kai Jones,Reserves: Did Not Play,LAC,202412270LAC
Josh Hart,Starter,NYK,202501040CHI
Karl-Anthony Towns,Starter,NYK,202501040CHI
Mikal Bridges,Starter,NYK,202501040CHI
Jalen Brunson,Starter,NYK,202501040CHI
OG Anunoby,Starter,NYK,202501040CHI
Precious Achiuwa,Reserves,NYK,202501040CHI
Landry Shamet,Reserves,NYK,202501040CHI
Cameron Payne,Reserves,NYK,202501040CHI
Tyler Kolek,Reserves,NYK,202501040CHI
Matt Ryan,Reserves,NYK,202501040CHI
Jericho Sims,Reserves,NYK,202501040CHI
Jacob Toppin,Reserves,NYK,202501040CHI
Miles McBride,Reserves: Did Not Dress,NYK,202501040CHI
Zach LaVine,Starter,CHI,202501040CHI
Patrick Williams,Starter,CHI,202501040CHI
Nikola Vučević,Starter,CHI,202501040CHI
Coby White,Starter,CHI,202501040CHI
Josh Giddey,Starter,CHI,202501040CHI
Lonzo Ball,Reserves,CHI,202501040CHI
Julian Phillips,Reserves,CHI,202501040CHI
Jalen Smith,Reserves,CHI,202501040CHI
Dalen Terry,Reserves,CHI,202501040CHI
Talen Horton-Tucker,Reserves,CHI,202501040CHI
Matas Buzelis,Reserves,CHI,202501040CHI
Jevon Carter,Reserves: Did Not Play,CHI,202501040CHI
Chris Duarte,Reserves: Did Not Play,CHI,202501040CHI
Tyrese Maxey,Starter,PHI,202501040BRK
Joel Embiid,Starter,PHI,202501040BRK
Paul George,Starter,PHI,202501040BRK
Guerschon Yabusele,Starter,PHI,202501040BRK
Caleb Martin,Starter,PHI,202501040BRK
Kyle Lowry,Reserves,PHI,202501040BRK
Justin Edwards,Reserves,PHI,202501040BRK
Reggie Jackson,Reserves,PHI,202501040BRK
Ricky Council IV,Reserves,PHI,202501040BRK
Andre Drummond,Reserves,PHI,202501040BRK
Eric Gordon,Reserves,PHI,202501040BRK
Adem Bona,Reserves,PHI,202501040BRK
Keon Johnson,Starter,BRK,202501040BRK
Jalen Wilson,Starter,BRK,202501040BRK
Nic Claxton,Starter,BRK,202501040BRK
Ziaire Williams,Starter,BRK,202501040BRK
D'Angelo Russell,Starter,BRK,202501040BRK
Tyrese Martin,Reserves,BRK,202501040BRK
Day'Ron Sharpe,Reserves,BRK,202501040BRK
Tosan Evbuomwan,Reserves,BRK,202501040BRK
Noah Clowney,Reserves,BRK,202501040BRK
Reece Beekman,Reserves,BRK,202501040BRK
Ben Simmons,Reserves: Did Not Dress,BRK,202501040BRK
Trendon Watford,Reserves: Did Not Dress,BRK,202501040BRK
Keegan Murray,Starter,SAC,202501250NYK
DeMar DeRozan,Starter,SAC,202501250NYK
Domantas Sabonis,Starter,SAC,202501250NYK
De'Aaron Fox,Starter,SAC,202501250NYK
Malik Monk,Starter,SAC,202501250NYK
Keon Ellis,Reserves,SAC,202501250NYK
Trey Lyles,Reserves,SAC,202501250NYK
Kevin Huerter,Reserves,SAC,202501250NYK
Doug McDermott,Reserves,SAC,202501250NYK
Devin Carter,Reserves,SAC,202501250NYK
Alex Len,Reserves,SAC,202501250NYK
Jordan McLaughlin,Reserves,SAC,202501250NYK
Jae Crowder,Reserves: Did Not Play,SAC,202501250NYK
Mason Jones,Reserves: Did Not Play,SAC,202501250NYK
Josh Hart,Starter,NYK,202501250NYK
Jalen Brunson,Starter,NYK,202501250NYK
OG Anunoby,Starter,NYK,202501250NYK
Mikal Bridges,Starter,NYK,202501250NYK
Karl-Anthony Towns,Starter,NYK,202501250NYK
Precious Achiuwa,Reserves,NYK,202501250NYK
Miles McBride,Reserves,NYK,202501250NYK
Landry Shamet,Reserves,NYK,202501250NYK
Cameron Payne,Reserves,NYK,202501250NYK
Jacob Toppin,Reserves,NYK,202501250NYK
Tyler Kolek,Reserves,NYK,202501250NYK
Jericho Sims,Reserves,NYK,202501250NYK
Matt Ryan,Reserves,NYK,202501250NYK
Devin Booker,Starter,PHO,202501310GSW
Kevin Durant,Starter,PHO,202501310GSW
Tyus Jones,Starter,PHO,202501310GSW
Nick Richards,Starter,PHO,202501310GSW
Ryan Dunn,Starter,PHO,202501310GSW
Bradley Beal,Reserves,PHO,202501310GSW
Royce O'Neale,Reserves,PHO,202501310GSW
Grayson Allen,Reserves,PHO,202501310GSW
Mason Plumlee,Reserves,PHO,202501310GSW
Bol Bol,Reserves,PHO,202501310GSW
Oso Ighodaro,Reserves,PHO,202501310GSW
Damion Lee,Reserves,PHO,202501310GSW
Monte Morris,Reserves,PHO,202501310GSW
Collin Gillespie,Reserves,PHO,202501310GSW
Jusuf Nurkić,Reserves: Did Not Play,PHO,202501310GSW
Andrew Wiggins,Starter,GSW,202501310GSW
Stephen Curry,Starter,GSW,202501310GSW
Buddy Hield,Starter,GSW,202501310GSW
Quinten Post,Starter,GSW,202501310GSW
Gary Payton II,Starter,GSW,202501310GSW
Moses Moody,Reserves,GSW,202501310GSW
Brandin Podziemski,Reserves,GSW,202501310GSW
Dennis Schröder,Reserves,GSW,202501310GSW
Gui Santos,Reserves,GSW,202501310GSW
Kevon Looney,Reserves,GSW,202501310GSW
Kyle Anderson,Reserves,GSW,202501310GSW
Trayce Jackson-Davis,Reserves,GSW,202501310GSW
Lindy Waters III,Reserves,GSW,202501310GSW
Damian Lillard,Starter,MIL,202501310SAS
Giannis Antetokounmpo,Starter,MIL,202501310SAS
Taurean Prince,Starter,MIL,202501310SAS
Brook Lopez,Starter,MIL,202501310SAS
Andre Jackson Jr.,Starter,MIL,202501310SAS
Gary Trent Jr.,Reserves,MIL,202501310SAS
Khris Middleton,Reserves,MIL,202501310SAS
A.J. Green,Reserves,MIL,202501310SAS
Pat Connaughton,Reserves,MIL,202501310SAS
Ryan Rollins,Reserves,MIL,202501310SAS
Chris Livingston,Reserves,MIL,202501310SAS
Stanley Umude,Reserves,MIL,202501310SAS
MarJon Beauchamp,Reserves,MIL,202501310SAS
Delon Wright,Reserves: Did Not Play,MIL,202501310SAS
Victor Wembanyama,Starter,SAS,202501310SAS
Stephon Castle,Starter,SAS,202501310SAS
Devin Vassell,Starter,SAS,202501310SAS
Chris Paul,Starter,SAS,202501310SAS
Harrison Barnes,Starter,SAS,202501310SAS
Keldon Johnson,Reserves,SAS,202501310SAS
Jeremy Sochan,Reserves,SAS,202501310SAS
Julian Champagnie,Reserves,SAS,202501310SAS
Tre Jones,Reserves,SAS,202501310SAS
Sandro Mamukelashvili,Reserves,SAS,202501310SAS
Malaki Branham,Reserves,SAS,202501310SAS
Zach Collins,Reserves,SAS,202501310SAS
Blake Wesley,Reserves,SAS,202501310SAS
Sidy Cissoko,Reserves,SAS,202501310SAS
Charles Bassey,Reserves: Did Not Play,SAS,202501310SAS
Cason Wallace,Starter,OKC,202501170DAL
Jalen Williams,Starter,OKC,202501170DAL
Luguentz Dort,Starter,OKC,202501170DAL
Jaylin Williams,Starter,OKC,202501170DAL
Aaron Wiggins,Starter,OKC,202501170DAL
Isaiah Joe,Reserves,OKC,202501170DAL
Kenrich Williams,Reserves,OKC,202501170DAL
Alex Caruso,Reserves,OKC,202501170DAL
Branden Carlson,Reserves,OKC,202501170DAL
Ousmane Dieng,Reserves,OKC,202501170DAL
Adam Flagler,Reserves,OKC,202501170DAL
Alex Ducas,Reserves: Did Not Play,OKC,202501170DAL
Shai Gilgeous-Alexander,Reserves: Did Not Dress,OKC,202501170DAL
Kyrie Irving,Starter,DAL,202501170DAL
P.J. Washington,Starter,DAL,202501170DAL
Spencer Dinwiddie,Starter,DAL,202501170DAL
Klay Thompson,Starter,DAL,202501170DAL
Daniel Gafford,Starter,DAL,202501170DAL
Naji Marshall,Reserves,DAL,202501170DAL
Quentin Grimes,Reserves,DAL,202501170DAL
Maxi Kleber,Reserves,DAL,202501170DAL
Olivier-Maxence Prosper,Reserves,DAL,202501170DAL
Dwight Powell,Reserves,DAL,202501170DAL
Jaden Hardy,Reserves,DAL,202501170DAL
Markieff Morris,Reserves: Did Not Play,DAL,202501170DAL
Brandon Williams,Reserves: Did Not Play,DAL,202501170DAL
Rudy Gobert,Starter,MIN,202412250DAL
Anthony Edwards,Starter,MIN,202412250DAL
Jaden McDaniels,Starter,MIN,202412250DAL
Julius Randle,Starter,MIN,202412250DAL
Mike Conley,Starter,MIN,202412250DAL
Donte DiVincenzo,Reserves,MIN,202412250DAL
Naz Reid,Reserves,MIN,202412250DAL
Nickeil Alexander-Walker,Reserves,MIN,202412250DAL
Josh Minott,Reserves,MIN,202412250DAL
Jaylen Clark,Reserves: Did Not Play,MIN,202412250DAL
Rob Dillingham,Reserves: Did Not Play,MIN,202412250DAL
PJ Dozier,Reserves: Did Not Play,MIN,202412250DAL
Jesse Edwards,Reserves: Did Not Play,MIN,202412250DAL
Leonard Miller,Reserves: Did Not Play,MIN,202412250DAL
Terrence Shannon Jr. ,Reserves: Did Not Play,MIN,202412250DAL
P.J. Washington,Starter,DAL,202412250DAL
Kyrie Irving,Starter,DAL,202412250DAL
Dereck Lively II,Starter,DAL,202412250DAL
Klay Thompson,Starter,DAL,202412250DAL
Luka Dončić,Starter,DAL,202412250DAL
Quentin Grimes,Reserves,DAL,202412250DAL
Maxi Kleber,Reserves,DAL,202412250DAL
Spencer Dinwiddie,Reserves,DAL,202412250DAL
Naji Marshall,Reserves,DAL,202412250DAL
Daniel Gafford,Reserves,DAL,202412250DAL
Jazian Gortman,Reserves: Did Not Play,DAL,202412250DAL
Jaden Hardy,Reserves: Did Not Play,DAL,202412250DAL
Markieff Morris,Reserves: Did Not Play,DAL,202412250DAL
Dwight Powell,Reserves: Did Not Play,DAL,202412250DAL
Olivier-Maxence Prosper,Reserves: Did Not Play,DAL,202412250DAL
Collin Sexton,Starter,UTA,202501170NOP
Svi Mykhailiuk,Starter,UTA,202501170NOP
Keyonte George,Starter,UTA,202501170NOP
Drew Eubanks,Starter,UTA,202501170NOP
Cody Williams,Starter,UTA,202501170NOP
Isaiah Collier,Reserves,UTA,202501170NOP
Brice Sensabaugh,Reserves,UTA,202501170NOP
Elijah Harkless,Reserves,UTA,202501170NOP
Oscar Tshiebwe,Reserves,UTA,202501170NOP
Kyle Filipowski,Reserves,UTA,202501170NOP
Patty Mills,Reserves,UTA,202501170NOP
Johnny Juzang,Reserves: Did Not Dress,UTA,202501170NOP
Trey Murphy III,Starter,NOP,202501170NOP
CJ McCollum,Starter,NOP,202501170NOP
Daniel Theis,Starter,NOP,202501170NOP
Dejounte Murray,Starter,NOP,202501170NOP
Zion Williamson,Starter,NOP,202501170NOP
Javonte Green,Reserves,NOP,202501170NOP
Jordan Hawkins,Reserves,NOP,202501170NOP
Jose Alvarado,Reserves,NOP,202501170NOP
Jeremiah Robinson-Earl,Reserves,NOP,202501170NOP
Karlo Matković,Reserves,NOP,202501170NOP
Jamal Cain,Reserves,NOP,202501170NOP
Herbert Jones,Reserves: Did Not Dress,NOP,202501170NOP
Franz Wagner,Starter,ORL,202412060PHI
Kentavious Caldwell-Pope,Starter,ORL,202412060PHI
Jalen Suggs,Starter,ORL,202412060PHI
Wendell Carter Jr.,Starter,ORL,202412060PHI
Goga Bitadze,Starter,ORL,202412060PHI
Moritz Wagner,Reserves,ORL,202412060PHI
Anthony Black,Reserves,ORL,202412060PHI
Jett Howard,Reserves,ORL,202412060PHI
Cole Anthony,Reserves,ORL,202412060PHI
Tristan Da Silva,Reserves,ORL,202412060PHI
Caleb Houstan,Reserves,ORL,202412060PHI
Jonathan Isaac,Reserves: Did Not Dress,ORL,202412060PHI
Cory Joseph,Reserves: Did Not Play,ORL,202412060PHI
Paul George,Starter,PHI,202412060PHI
Tyrese Maxey,Starter,PHI,202412060PHI
Kelly Oubre Jr.,Starter,PHI,202412060PHI
Guerschon Yabusele,Starter,PHI,202412060PHI
Andre Drummond,Starter,PHI,202412060PHI
KJ Martin,Reserves,PHI,202412060PHI
Jared McCain,Reserves,PHI,202412060PHI
Kyle Lowry,Reserves,PHI,202412060PHI
Caleb Martin,Reserves,PHI,202412060PHI
Ricky Council IV,Reserves: Did Not Play,PHI,202412060PHI
Eric Gordon,Reserves: Did Not Play,PHI,202412060PHI
Reggie Jackson,Reserves: Did Not Play,PHI,202412060PHI
Pete Nance,Reserves: Did Not Play,PHI,202412060PHI
Tyler Herro,Starter,MIA,202501060SAC
Haywood Highsmith,Starter,MIA,202501060SAC
Jaime Jaquez Jr.,Starter,MIA,202501060SAC
Bam Adebayo,Starter,MIA,202501060SAC
Terry Rozier,Starter,MIA,202501060SAC
Duncan Robinson,Reserves,MIA,202501060SAC
Nikola Jović,Reserves,MIA,202501060SAC
Kel'el Ware,Reserves,MIA,202501060SAC
Pelle Larsson,Reserves,MIA,202501060SAC
Alec Burks,Reserves: Did Not Play,MIA,202501060SAC
Jimmy Butler,Reserves,MIA,202501060SAC
Josh Christopher,Reserves: Did Not Play,MIA,202501060SAC
Keshad Johnson,Reserves: Did Not Play,MIA,202501060SAC
Kevin Love,Reserves: Did Not Play,MIA,202501060SAC
Josh Richardson,Reserves: Did Not Dress,MIA,202501060SAC
Domantas Sabonis,Starter,SAC,202501060SAC
Malik Monk,Starter,SAC,202501060SAC
Keon Ellis,Starter,SAC,202501060SAC
DeMar DeRozan,Starter,SAC,202501060SAC
Keegan Murray,Starter,SAC,202501060SAC
Trey Lyles,Reserves,SAC,202501060SAC
Kevin Huerter,Reserves,SAC,202501060SAC
Devin Carter,Reserves,SAC,202501060SAC
Alex Len,Reserves,SAC,202501060SAC
Doug McDermott,Reserves,SAC,202501060SAC
Jae Crowder,Reserves: Did Not Play,SAC,202501060SAC
Jordan McLaughlin,Reserves: Did Not Play,SAC,202501060SAC
Orlando Robinson,Reserves: Did Not Play,SAC,202501060SAC
Rudy Gobert,Starter,MIN,202412040LAC
Anthony Edwards,Starter,MIN,202412040LAC
Julius Randle,Starter,MIN,202412040LAC
Jaden McDaniels,Starter,MIN,202412040LAC
Mike Conley,Starter,MIN,202412040LAC
Nickeil Alexander-Walker,Reserves,MIN,202412040LAC
Donte DiVincenzo,Reserves,MIN,202412040LAC
Josh Minott,Reserves,MIN,202412040LAC
Naz Reid,Reserves,MIN,202412040LAC
Luka Garza,Reserves,MIN,202412040LAC
PJ Dozier,Reserves,MIN,202412040LAC
Terrence Shannon Jr. ,Reserves,MIN,202412040LAC
Daishen Nix,Reserves,MIN,202412040LAC
Derrick Jones Jr.,Starter,LAC,202412040LAC
Amir Coffey,Starter,LAC,202412040LAC
Ivica Zubac,Starter,LAC,202412040LAC
James Harden,Starter,LAC,202412040LAC
Kris Dunn,Starter,LAC,202412040LAC
Jordan Miller,Reserves,LAC,202412040LAC
Bones Hyland,Reserves,LAC,202412040LAC
Cam Christie,Reserves,LAC,202412040LAC
Kai Jones,Reserves,LAC,202412040LAC
Trentyn Flowers,Reserves,LAC,202412040LAC
Nicolas Batum,Reserves,LAC,202412040LAC
Mo Bamba,Reserves,LAC,202412040LAC
Damian Lillard,Starter,MIL,202412080BRK
Giannis Antetokounmpo,Starter,MIL,202412080BRK
Brook Lopez,Starter,MIL,202412080BRK
Andre Jackson Jr.,Starter,MIL,202412080BRK
Taurean Prince,Starter,MIL,202412080BRK
Bobby Portis,Reserves,MIL,202412080BRK
Gary Trent Jr.,Reserves,MIL,202412080BRK
A.J. Green,Reserves,MIL,202412080BRK
Khris Middleton,Reserves,MIL,202412080BRK
MarJon Beauchamp,Reserves: Did Not Play,MIL,202412080BRK
Pat Connaughton,Reserves: Did Not Play,MIL,202412080BRK
Ryan Rollins,Reserves: Did Not Play,MIL,202412080BRK
Stanley Umude,Reserves: Did Not Play,MIL,202412080BRK
Delon Wright,Reserves: Did Not Play,MIL,202412080BRK
Cameron Johnson,Starter,BRK,202412080BRK
Dennis Schröder,Starter,BRK,202412080BRK
Nic Claxton,Starter,BRK,202412080BRK
Dorian Finney-Smith,Starter,BRK,202412080BRK
Keon Johnson,Starter,BRK,202412080BRK
Jalen Wilson,Reserves,BRK,202412080BRK
Ben Simmons,Reserves,BRK,202412080BRK
Shake Milton,Reserves,BRK,202412080BRK
Trendon Watford,Reserves,BRK,202412080BRK
Day'Ron Sharpe,Reserves,BRK,202412080BRK
Noah Clowney,Reserves: Did Not Play,BRK,202412080BRK
Tyrese Martin,Reserves: Did Not Play,BRK,202412080BRK
Tyrese Maxey,Starter,PHI,202412080CHI
Kelly Oubre Jr.,Starter,PHI,202412080CHI
Paul George,Starter,PHI,202412080CHI
Joel Embiid,Starter,PHI,202412080CHI
Guerschon Yabusele,Starter,PHI,202412080CHI
Jared McCain,Reserves,PHI,202412080CHI
KJ Martin,Reserves,PHI,202412080CHI
Caleb Martin,Reserves,PHI,202412080CHI
Kyle Lowry,Reserves,PHI,202412080CHI
Andre Drummond,Reserves,PHI,202412080CHI
Ricky Council IV,Reserves: Did Not Play,PHI,202412080CHI
Eric Gordon,Reserves: Did Not Play,PHI,202412080CHI
Reggie Jackson,Reserves: Did Not Play,PHI,202412080CHI
Pete Nance,Reserves: Did Not Play,PHI,202412080CHI
Coby White,Starter,CHI,202412080CHI
Ayo Dosunmu,Starter,CHI,202412080CHI
Zach LaVine,Starter,CHI,202412080CHI
Josh Giddey,Starter,CHI,202412080CHI
Nikola Vučević,Starter,CHI,202412080CHI
Matas Buzelis,Reserves,CHI,202412080CHI
Lonzo Ball,Reserves,CHI,202412080CHI
Jalen Smith,Reserves,CHI,202412080CHI
Talen Horton-Tucker,Reserves,CHI,202412080CHI
Dalen Terry,Reserves,CHI,202412080CHI
Julian Phillips,Reserves,CHI,202412080CHI
Jevon Carter,Reserves: Did Not Play,CHI,202412080CHI
Torrey Craig,Reserves: Did Not Play,CHI,202412080CHI
Chris Duarte,Reserves: Did Not Play,CHI,202412080CHI
Kyrie Irving,Starter,DAL,202501200CHO
Daniel Gafford,Starter,DAL,202501200CHO
Spencer Dinwiddie,Starter,DAL,202501200CHO
P.J. Washington,Starter,DAL,202501200CHO
Klay Thompson,Starter,DAL,202501200CHO
Naji Marshall,Reserves,DAL,202501200CHO
Olivier-Maxence Prosper,Reserves,DAL,202501200CHO
Maxi Kleber,Reserves,DAL,202501200CHO
Kessler Edwards,Reserves,DAL,202501200CHO
Jazian Gortman,Reserves: Did Not Play,DAL,202501200CHO
Markieff Morris,Reserves: Did Not Play,DAL,202501200CHO
Brandon Williams,Reserves: Did Not Play,DAL,202501200CHO
LaMelo Ball,Starter,CHO,202501200CHO
Miles Bridges,Starter,CHO,202501200CHO
Nick Smith Jr.,Starter,CHO,202501200CHO
Mark Williams,Starter,CHO,202501200CHO
Josh Green,Starter,CHO,202501200CHO
Cody Martin,Reserves,CHO,202501200CHO
Josh Okogie,Reserves,CHO,202501200CHO
Moussa Diabaté,Reserves,CHO,202501200CHO
Seth Curry,Reserves,CHO,202501200CHO
Vasilije Micić,Reserves,CHO,202501200CHO
Taj Gibson,Reserves: Did Not Play,CHO,202501200CHO
DaQuan Jeffries,Reserves: Did Not Play,CHO,202501200CHO
Isaiah Wong,Reserves: Did Not Play,CHO,202501200CHO
Luka Dončić,Starter,DAL,202412050WAS
Kyrie Irving,Starter,DAL,202412050WAS
P.J. Washington,Starter,DAL,202412050WAS
Klay Thompson,Starter,DAL,202412050WAS
Dereck Lively II,Starter,DAL,202412050WAS
Quentin Grimes,Reserves,DAL,202412050WAS
Spencer Dinwiddie,Reserves,DAL,202412050WAS
Daniel Gafford,Reserves,DAL,202412050WAS
Maxi Kleber,Reserves,DAL,202412050WAS
Dwight Powell,Reserves,DAL,202412050WAS
Olivier-Maxence Prosper,Reserves,DAL,202412050WAS
Markieff Morris,Reserves,DAL,202412050WAS
Jaden Hardy,Reserves,DAL,202412050WAS
Jordan Poole,Starter,WAS,202412050WAS
Bilal Coulibaly,Starter,WAS,202412050WAS
Alex Sarr,Starter,WAS,202412050WAS
Malcolm Brogdon,Starter,WAS,202412050WAS
Marvin Bagley III,Starter,WAS,202412050WAS
Justin Champagnie,Reserves,WAS,202412050WAS
Carlton Carrington,Reserves,WAS,202412050WAS
Jared Butler,Reserves,WAS,202412050WAS
Jonas Valančiūnas,Reserves,WAS,202412050WAS
Anthony Gill,Reserves,WAS,202412050WAS
Johnny Davis,Reserves,WAS,202412050WAS
Richaun Holmes,Reserves: Did Not Play,WAS,202412050WAS
Austin Reaves,Starter,LAL,202501050HOU
Max Christie,Starter,LAL,202501050HOU
Anthony Davis,Starter,LAL,202501050HOU
LeBron James,Starter,LAL,202501050HOU
Rui Hachimura,Starter,LAL,202501050HOU
Dorian Finney-Smith,Reserves,LAL,202501050HOU
Dalton Knecht,Reserves,LAL,202501050HOU
Jaxson Hayes,Reserves,LAL,202501050HOU
Shake Milton,Reserves,LAL,202501050HOU
Cam Reddish,Reserves,LAL,202501050HOU
Bronny James,Reserves: Did Not Play,LAL,202501050HOU
Gabe Vincent,Reserves: Did Not Dress,LAL,202501050HOU
Fred VanVleet,Starter,HOU,202501050HOU
Amen Thompson,Starter,HOU,202501050HOU
Jalen Green,Starter,HOU,202501050HOU
Dillon Brooks,Starter,HOU,202501050HOU
Alperen Şengün,Starter,HOU,202501050HOU
Steven Adams,Reserves,HOU,202501050HOU
Cam Whitmore,Reserves,HOU,202501050HOU
Jae'Sean Tate,Reserves,HOU,202501050HOU
Aaron Holiday,Reserves,HOU,202501050HOU
Tari Eason,Reserves: Did Not Dress,HOU,202501050HOU
Jeff Green,Reserves: Did Not Play,HOU,202501050HOU
Jock Landale,Reserves: Did Not Play,HOU,202501050HOU
Reed Sheppard,Reserves: Did Not Play,HOU,202501050HOU
Jabari Smith Jr.,Reserves: Did Not Dress,HOU,202501050HOU
Caleb Martin,Starter,PHI,202412300POR
Kelly Oubre Jr.,Starter,PHI,202412300POR
Tyrese Maxey,Starter,PHI,202412300POR
Joel Embiid,Starter,PHI,202412300POR
Paul George,Starter,PHI,202412300POR
Guerschon Yabusele,Reserves,PHI,202412300POR
Reggie Jackson,Reserves,PHI,202412300POR
Ricky Council IV,Reserves,PHI,202412300POR
Jeff Dowtin,Reserves,PHI,202412300POR
Adem Bona,Reserves,PHI,202412300POR
Pete Nance,Reserves,PHI,202412300POR
Kyle Lowry,Reserves: Did Not Dress,PHI,202412300POR
Shaedon Sharpe,Starter,POR,202412300POR
Toumani Camara,Starter,POR,202412300POR
Deni Avdija,Starter,POR,202412300POR
Anfernee Simons,Starter,POR,202412300POR
Deandre Ayton,Starter,POR,202412300POR
Scoot Henderson,Reserves,POR,202412300POR
Kris Murray,Reserves,POR,202412300POR
Robert Williams,Reserves,POR,202412300POR
Donovan Clingan,Reserves,POR,202412300POR
Rayan Rupert,Reserves,POR,202412300POR
Duop Reath,Reserves,POR,202412300POR
Jabari Walker,Reserves,POR,202412300POR
Bryce McGowens,Reserves,POR,202412300POR
Dalano Banton,Reserves: Did Not Dress,POR,202412300POR
Matisse Thybulle,Reserves: Did Not Dress,POR,202412300POR
Giannis Antetokounmpo,Starter,MIL,202412200CLE
Taurean Prince,Starter,MIL,202412200CLE
Brook Lopez,Starter,MIL,202412200CLE
A.J. Green,Starter,MIL,202412200CLE
Andre Jackson Jr.,Starter,MIL,202412200CLE
Bobby Portis,Reserves,MIL,202412200CLE
Khris Middleton,Reserves,MIL,202412200CLE
Gary Trent Jr.,Reserves,MIL,202412200CLE
Delon Wright,Reserves,MIL,202412200CLE
Pat Connaughton,Reserves,MIL,202412200CLE
Ryan Rollins,Reserves,MIL,202412200CLE
MarJon Beauchamp,Reserves,MIL,202412200CLE
Liam Robbins,Reserves,MIL,202412200CLE
Stanley Umude,Reserves,MIL,202412200CLE
Donovan Mitchell,Starter,CLE,202412200CLE
Evan Mobley,Starter,CLE,202412200CLE
Darius Garland,Starter,CLE,202412200CLE
Jarrett Allen,Starter,CLE,202412200CLE
Dean Wade,Starter,CLE,202412200CLE
Sam Merrill,Reserves,CLE,202412200CLE
Max Strus,Reserves,CLE,202412200CLE
Caris LeVert,Reserves,CLE,202412200CLE
Georges Niang,Reserves,CLE,202412200CLE
Ty Jerome,Reserves,CLE,202412200CLE
Tristan Thompson,Reserves,CLE,202412200CLE
Jaylon Tyson,Reserves,CLE,202412200CLE
Craig Porter Jr.,Reserves,CLE,202412200CLE
Jaylen Brown,Starter,BOS,202501050OKC
Jayson Tatum,Starter,BOS,202501050OKC
Derrick White,Starter,BOS,202501050OKC
Jrue Holiday,Starter,BOS,202501050OKC
Kristaps Porziņģis,Starter,BOS,202501050OKC
Al Horford,Reserves,BOS,202501050OKC
Luke Kornet,Reserves,BOS,202501050OKC
Sam Hauser,Reserves,BOS,202501050OKC
Payton Pritchard,Reserves,BOS,202501050OKC
Neemias Queta,Reserves: Did Not Play,BOS,202501050OKC
Jaden Springer,Reserves: Did Not Play,BOS,202501050OKC
Xavier Tillman Sr.,Reserves: Did Not Play,BOS,202501050OKC
Jordan Walsh,Reserves: Did Not Play,BOS,202501050OKC
Shai Gilgeous-Alexander,Starter,OKC,202501050OKC
Luguentz Dort,Starter,OKC,202501050OKC
Isaiah Hartenstein,Starter,OKC,202501050OKC
Cason Wallace,Starter,OKC,202501050OKC
Jalen Williams,Starter,OKC,202501050OKC
Aaron Wiggins,Reserves,OKC,202501050OKC
Isaiah Joe,Reserves,OKC,202501050OKC
Kenrich Williams,Reserves,OKC,202501050OKC
Jaylin Williams,Reserves,OKC,202501050OKC
Branden Carlson,Reserves: Did Not Play,OKC,202501050OKC
Ousmane Dieng,Reserves: Did Not Play,OKC,202501050OKC
Dillon Jones,Reserves: Did Not Play,OKC,202501050OKC
Tyrese Maxey,Starter,PHI,202412210CLE
Kelly Oubre Jr.,Starter,PHI,202412210CLE
Paul George,Starter,PHI,202412210CLE
KJ Martin,Starter,PHI,202412210CLE
Andre Drummond,Starter,PHI,202412210CLE
Caleb Martin,Reserves,PHI,202412210CLE
Guerschon Yabusele,Reserves,PHI,202412210CLE
Ricky Council IV,Reserves,PHI,202412210CLE
Jeff Dowtin,Reserves,PHI,202412210CLE
Adem Bona,Reserves,PHI,202412210CLE
Eric Gordon,Reserves,PHI,202412210CLE
Kyle Lowry,Reserves,PHI,202412210CLE
Reggie Jackson,Reserves: Did Not Play,PHI,202412210CLE
Evan Mobley,Starter,CLE,202412210CLE
Donovan Mitchell,Starter,CLE,202412210CLE
Darius Garland,Starter,CLE,202412210CLE
Dean Wade,Starter,CLE,202412210CLE
Jarrett Allen,Starter,CLE,202412210CLE
Georges Niang,Reserves,CLE,202412210CLE
Ty Jerome,Reserves,CLE,202412210CLE
Caris LeVert,Reserves,CLE,202412210CLE
Jaylon Tyson,Reserves,CLE,202412210CLE
Sam Merrill,Reserves,CLE,202412210CLE
Craig Porter Jr.,Reserves,CLE,202412210CLE
Tristan Thompson,Reserves,CLE,202412210CLE
Lauri Markkanen,Starter,UTA,202501110PHO
Walker Kessler,Starter,UTA,202501110PHO
Collin Sexton,Starter,UTA,202501110PHO
Isaiah Collier,Starter,UTA,202501110PHO
Micah Potter,Starter,UTA,202501110PHO
Kyle Filipowski,Reserves,UTA,202501110PHO
Cody Williams,Reserves,UTA,202501110PHO
Svi Mykhailiuk,Reserves,UTA,202501110PHO
Drew Eubanks,Reserves,UTA,202501110PHO
Patty Mills,Reserves,UTA,202501110PHO
Elijah Harkless,Reserves,UTA,202501110PHO
Oscar Tshiebwe,Reserves: Did Not Play,UTA,202501110PHO
Devin Booker,Starter,PHO,202501110PHO
Kevin Durant,Starter,PHO,202501110PHO
Tyus Jones,Starter,PHO,202501110PHO
Ryan Dunn,Starter,PHO,202501110PHO
Mason Plumlee,Starter,PHO,202501110PHO
Bradley Beal,Reserves,PHO,202501110PHO
Grayson Allen,Reserves,PHO,202501110PHO
Oso Ighodaro,Reserves,PHO,202501110PHO
Josh Okogie,Reserves,PHO,202501110PHO
Monte Morris,Reserves,PHO,202501110PHO
Bol Bol,Reserves: Did Not Play,PHO,202501110PHO
Damion Lee,Reserves: Did Not Play,PHO,202501110PHO
Jusuf Nurkić,Reserves: Did Not Play,PHO,202501110PHO
Kyrie Irving,Starter,DAL,202501290NOP
P.J. Washington,Starter,DAL,202501290NOP
Daniel Gafford,Starter,DAL,202501290NOP
Klay Thompson,Starter,DAL,202501290NOP
Spencer Dinwiddie,Starter,DAL,202501290NOP
Quentin Grimes,Reserves,DAL,202501290NOP
Kessler Edwards,Reserves,DAL,202501290NOP
Naji Marshall,Reserves,DAL,202501290NOP
Olivier-Maxence Prosper,Reserves,DAL,202501290NOP
Jaden Hardy,Reserves,DAL,202501290NOP
Kylor Kelley,Reserves: Did Not Play,DAL,202501290NOP
Markieff Morris,Reserves: Did Not Play,DAL,202501290NOP
Brandon Williams,Reserves: Did Not Play,DAL,202501290NOP
Trey Murphy III,Starter,NOP,202501290NOP
CJ McCollum,Starter,NOP,202501290NOP
Dejounte Murray,Starter,NOP,202501290NOP
Yves Missi,Starter,NOP,202501290NOP
Zion Williamson,Starter,NOP,202501290NOP
Brandon Boston Jr.,Reserves,NOP,202501290NOP
Javonte Green,Reserves,NOP,202501290NOP
Daniel Theis,Reserves,NOP,202501290NOP
Jose Alvarado,Reserves,NOP,202501290NOP
Jamal Cain,Reserves: Did Not Play,NOP,202501290NOP
Jordan Hawkins,Reserves,NOP,202501290NOP
Jeremiah Robinson-Earl,Reserves: Did Not Play,NOP,202501290NOP
Bennedict Mathurin,Starter,IND,202501120CLE
Pascal Siakam,Starter,IND,202501120CLE
Myles Turner,Starter,IND,202501120CLE
Andrew Nembhard,Starter,IND,202501120CLE
Tyrese Haliburton,Starter,IND,202501120CLE
Ben Sheppard,Reserves,IND,202501120CLE
Jarace Walker,Reserves,IND,202501120CLE
Thomas Bryant,Reserves,IND,202501120CLE
Obi Toppin,Reserves,IND,202501120CLE
T.J. McConnell,Reserves,IND,202501120CLE
Johnny Furphy,Reserves,IND,202501120CLE
James Johnson,Reserves: Did Not Play,IND,202501120CLE
Aaron Nesmith,Reserves: Did Not Dress,IND,202501120CLE
Donovan Mitchell,Starter,CLE,202501120CLE
Evan Mobley,Starter,CLE,202501120CLE
Darius Garland,Starter,CLE,202501120CLE
Jarrett Allen,Starter,CLE,202501120CLE
Dean Wade,Starter,CLE,202501120CLE
Max Strus,Reserves,CLE,202501120CLE
Caris LeVert,Reserves,CLE,202501120CLE
Georges Niang,Reserves,CLE,202501120CLE
Isaac Okoro,Reserves,CLE,202501120CLE
Sam Merrill,Reserves,CLE,202501120CLE
Tristan Thompson,Reserves,CLE,202501120CLE
Craig Porter Jr.,Reserves,CLE,202501120CLE
Jaylon Tyson,Reserves,CLE,202501120CLE
Cade Cunningham,Starter,DET,202412230LAL
Tobias Harris,Starter,DET,202412230LAL
Jaden Ivey,Starter,DET,202412230LAL
Jalen Duren,Starter,DET,202412230LAL
Tim Hardaway Jr.,Starter,DET,202412230LAL
Malik Beasley,Reserves,DET,202412230LAL
Paul Reed,Reserves,DET,202412230LAL
Simone Fontecchio,Reserves,DET,202412230LAL
Ausar Thompson,Reserves,DET,202412230LAL
Ron Holland,Reserves,DET,202412230LAL
Bobi Klintman,Reserves: Did Not Play,DET,202412230LAL
Wendell Moore Jr.,Reserves: Did Not Play,DET,202412230LAL
Marcus Sasser,Reserves: Did Not Play,DET,202412230LAL
Anthony Davis,Starter,LAL,202412230LAL
Austin Reaves,Starter,LAL,202412230LAL
LeBron James,Starter,LAL,202412230LAL
Max Christie,Starter,LAL,202412230LAL
Rui Hachimura,Starter,LAL,202412230LAL
Gabe Vincent,Reserves,LAL,202412230LAL
Cam Reddish,Reserves,LAL,202412230LAL
Dalton Knecht,Reserves,LAL,202412230LAL
D'Angelo Russell,Reserves,LAL,202412230LAL
Armel Traoré,Reserves: Did Not Play,LAL,202412230LAL
Bronny James,Reserves: Did Not Play,LAL,202412230LAL
Christian Koloko,Reserves: Did Not Play,LAL,202412230LAL
Maxwell Lewis,Reserves: Did Not Play,LAL,202412230LAL
Quincy Olivari,Reserves: Did Not Play,LAL,202412230LAL
Mikal Bridges,Starter,NYK,202412090TOR
OG Anunoby,Starter,NYK,202412090TOR
Karl-Anthony Towns,Starter,NYK,202412090TOR
Jalen Brunson,Starter,NYK,202412090TOR
Josh Hart,Starter,NYK,202412090TOR
Miles McBride,Reserves,NYK,202412090TOR
Precious Achiuwa,Reserves,NYK,202412090TOR
Cameron Payne,Reserves,NYK,202412090TOR
Pacome Dadiet,Reserves: Did Not Play,NYK,202412090TOR
Ariel Hukporti,Reserves: Did Not Play,NYK,202412090TOR
Tyler Kolek,Reserves: Did Not Play,NYK,202412090TOR
Matt Ryan,Reserves: Did Not Play,NYK,202412090TOR
Jericho Sims,Reserves: Did Not Play,NYK,202412090TOR
Jacob Toppin,Reserves: Did Not Play,NYK,202412090TOR
RJ Barrett,Starter,TOR,202412090TOR
Jakob Poeltl,Starter,TOR,202412090TOR
Ochai Agbaji,Starter,TOR,202412090TOR
Gradey Dick,Starter,TOR,202412090TOR
Scottie Barnes,Starter,TOR,202412090TOR
Davion Mitchell,Reserves,TOR,202412090TOR
Jonathan Mogbo,Reserves,TOR,202412090TOR
Ja'Kobe Walter,Reserves,TOR,202412090TOR
Kelly Olynyk,Reserves,TOR,202412090TOR
Chris Boucher,Reserves: Did Not Play,TOR,202412090TOR
Bruno Fernando,Reserves: Did Not Play,TOR,202412090TOR
Jamal Shead,Reserves: Did Not Play,TOR,202412090TOR
Garrett Temple,Reserves: Did Not Play,TOR,202412090TOR
Scottie Barnes,Starter,TOR,202501230ATL
RJ Barrett,Starter,TOR,202501230ATL
Gradey Dick,Starter,TOR,202501230ATL
Davion Mitchell,Starter,TOR,202501230ATL
Jakob Poeltl,Starter,TOR,202501230ATL
Bruce Brown,Reserves,TOR,202501230ATL
Chris Boucher,Reserves,TOR,202501230ATL
Jamal Shead,Reserves,TOR,202501230ATL
Kelly Olynyk,Reserves,TOR,202501230ATL
Ja'Kobe Walter,Reserves,TOR,202501230ATL
Orlando Robinson,Reserves: Did Not Play,TOR,202501230ATL
Garrett Temple,Reserves: Did Not Play,TOR,202501230ATL
Trae Young,Starter,ATL,202501230ATL
Dyson Daniels,Starter,ATL,202501230ATL
Onyeka Okongwu,Starter,ATL,202501230ATL
Vit Krejci,Starter,ATL,202501230ATL
Jalen Johnson,Starter,ATL,202501230ATL
Bogdan Bogdanović,Reserves,ATL,202501230ATL
De'Andre Hunter,Reserves,ATL,202501230ATL
Dominick Barlow,Reserves,ATL,202501230ATL
Garrison Mathews,Reserves,ATL,202501230ATL
David Roddy,Reserves,ATL,202501230ATL
Larry Nance Jr.,Reserves: Did Not Dress,ATL,202501230ATL
Zaccharie Risacher,Reserves: Did Not Dress,ATL,202501230ATL
Tobias Harris,Starter,DET,202501220ATL
Cade Cunningham,Starter,DET,202501220ATL
Tim Hardaway Jr.,Starter,DET,202501220ATL
Jalen Duren,Starter,DET,202501220ATL
Ausar Thompson,Starter,DET,202501220ATL
Malik Beasley,Reserves,DET,202501220ATL
Isaiah Stewart,Reserves,DET,202501220ATL
Simone Fontecchio,Reserves,DET,202501220ATL
Marcus Sasser,Reserves,DET,202501220ATL
Ron Holland,Reserves,DET,202501220ATL
Paul Reed,Reserves,DET,202501220ATL
Wendell Moore Jr.,Reserves: Did Not Play,DET,202501220ATL
Trae Young,Starter,ATL,202501220ATL
Jalen Johnson,Starter,ATL,202501220ATL
Dyson Daniels,Starter,ATL,202501220ATL
Onyeka Okongwu,Starter,ATL,202501220ATL
Vit Krejci,Starter,ATL,202501220ATL
De'Andre Hunter,Reserves,ATL,202501220ATL
Clint Capela,Reserves,ATL,202501220ATL
Bogdan Bogdanović,Reserves,ATL,202501220ATL
Garrison Mathews,Reserves,ATL,202501220ATL
Dominick Barlow,Reserves: Did Not Play,ATL,202501220ATL
Larry Nance Jr.,Reserves: Did Not Dress,ATL,202501220ATL
David Roddy,Reserves: Did Not Play,ATL,202501220ATL
Darius Garland,Starter,CLE,202501140IND
Evan Mobley,Starter,CLE,202501140IND
Jarrett Allen,Starter,CLE,202501140IND
Donovan Mitchell,Starter,CLE,202501140IND
Dean Wade,Starter,CLE,202501140IND
Caris LeVert,Reserves,CLE,202501140IND
Max Strus,Reserves,CLE,202501140IND
Georges Niang,Reserves,CLE,202501140IND
Sam Merrill,Reserves,CLE,202501140IND
Isaac Okoro,Reserves,CLE,202501140IND
Craig Porter Jr.,Reserves,CLE,202501140IND
Jaylon Tyson,Reserves,CLE,202501140IND
Tristan Thompson,Reserves: Did Not Play,CLE,202501140IND
Pascal Siakam,Starter,IND,202501140IND
Andrew Nembhard,Starter,IND,202501140IND
Ben Sheppard,Starter,IND,202501140IND
Bennedict Mathurin,Starter,IND,202501140IND
Myles Turner,Starter,IND,202501140IND
T.J. McConnell,Reserves,IND,202501140IND
Obi Toppin,Reserves,IND,202501140IND
Jarace Walker,Reserves,IND,202501140IND
Thomas Bryant,Reserves,IND,202501140IND
RayJ Dennis,Reserves,IND,202501140IND
Johnny Furphy,Reserves,IND,202501140IND
James Johnson,Reserves,IND,202501140IND
Tyrese Haliburton,Reserves: Did Not Dress,IND,202501140IND
Aaron Nesmith,Reserves: Did Not Dress,IND,202501140IND
Shai Gilgeous-Alexander,Starter,OKC,202412260IND
Jalen Williams,Starter,OKC,202412260IND
Luguentz Dort,Starter,OKC,202412260IND
Isaiah Hartenstein,Starter,OKC,202412260IND
Cason Wallace,Starter,OKC,202412260IND
Isaiah Joe,Reserves,OKC,202412260IND
Kenrich Williams,Reserves,OKC,202412260IND
Ajay Mitchell,Reserves,OKC,202412260IND
Jaylin Williams,Reserves,OKC,202412260IND
Aaron Wiggins,Reserves,OKC,202412260IND
Dillon Jones,Reserves,OKC,202412260IND
Ousmane Dieng,Reserves: Did Not Play,OKC,202412260IND
Bennedict Mathurin,Starter,IND,202412260IND
Tyrese Haliburton,Starter,IND,202412260IND
Myles Turner,Starter,IND,202412260IND
Pascal Siakam,Starter,IND,202412260IND
Andrew Nembhard,Starter,IND,202412260IND
Ben Sheppard,Reserves,IND,202412260IND
T.J. McConnell,Reserves,IND,202412260IND
Jarace Walker,Reserves,IND,202412260IND
Thomas Bryant,Reserves,IND,202412260IND
Obi Toppin,Reserves,IND,202412260IND
Enrique Freeman,Reserves: Did Not Play,IND,202412260IND
Johnny Furphy,Reserves: Did Not Play,IND,202412260IND
Quenton Jackson,Reserves: Did Not Play,IND,202412260IND
James Johnson,Reserves: Did Not Play,IND,202412260IND
Aaron Nesmith,Reserves: Did Not Dress,IND,202412260IND
Cade Cunningham,Starter,DET,202501270CLE
Tim Hardaway Jr.,Starter,DET,202501270CLE
Jalen Duren,Starter,DET,202501270CLE
Tobias Harris,Starter,DET,202501270CLE
Ausar Thompson,Starter,DET,202501270CLE
Malik Beasley,Reserves,DET,202501270CLE
Simone Fontecchio,Reserves,DET,202501270CLE
Marcus Sasser,Reserves,DET,202501270CLE
Isaiah Stewart,Reserves,DET,202501270CLE
Ron Holland,Reserves,DET,202501270CLE
Wendell Moore Jr.,Reserves,DET,202501270CLE
Paul Reed,Reserves,DET,202501270CLE
Bobi Klintman,Reserves: Did Not Play,DET,202501270CLE
Darius Garland,Starter,CLE,202501270CLE
Donovan Mitchell,Starter,CLE,202501270CLE
Jarrett Allen,Starter,CLE,202501270CLE
Evan Mobley,Starter,CLE,202501270CLE
Max Strus,Starter,CLE,202501270CLE
Ty Jerome,Reserves,CLE,202501270CLE
Sam Merrill,Reserves,CLE,202501270CLE
Georges Niang,Reserves,CLE,202501270CLE
Jaylon Tyson,Reserves,CLE,202501270CLE
Craig Porter Jr.,Reserves,CLE,202501270CLE
Emoni Bates,Reserves,CLE,202501270CLE
Tristan Thompson,Reserves,CLE,202501270CLE
Walker Kessler,Starter,UTA,202412030OKC
Lauri Markkanen,Starter,UTA,202412030OKC
Keyonte George,Starter,UTA,202412030OKC
John Collins,Starter,UTA,202412030OKC
Collin Sexton,Starter,UTA,202412030OKC
Johnny Juzang,Reserves,UTA,202412030OKC
Brice Sensabaugh,Reserves,UTA,202412030OKC
Isaiah Collier,Reserves,UTA,202412030OKC
Svi Mykhailiuk,Reserves,UTA,202412030OKC
Drew Eubanks,Reserves,UTA,202412030OKC
Kyle Filipowski,Reserves: Did Not Dress,UTA,202412030OKC
Patty Mills,Reserves: Did Not Play,UTA,202412030OKC
Shai Gilgeous-Alexander,Starter,OKC,202412030OKC
Luguentz Dort,Starter,OKC,202412030OKC
Cason Wallace,Starter,OKC,202412030OKC
Jalen Williams,Starter,OKC,202412030OKC
Isaiah Hartenstein,Starter,OKC,202412030OKC
Aaron Wiggins,Reserves,OKC,202412030OKC
Isaiah Joe,Reserves,OKC,202412030OKC
Ajay Mitchell,Reserves,OKC,202412030OKC
Dillon Jones,Reserves,OKC,202412030OKC
Kenrich Williams,Reserves,OKC,202412030OKC
Branden Carlson,Reserves,OKC,202412030OKC
Adam Flagler,Reserves,OKC,202412030OKC
Jordan Poole,Starter,WAS,202501250PHO
Bilal Coulibaly,Starter,WAS,202501250PHO
Kyle Kuzma,Starter,WAS,202501250PHO
Kyshawn George,Starter,WAS,202501250PHO
Alex Sarr,Starter,WAS,202501250PHO
Carlton Carrington,Reserves,WAS,202501250PHO
Corey Kispert,Reserves,WAS,202501250PHO
Jonas Valančiūnas,Reserves,WAS,202501250PHO
Justin Champagnie,Reserves,WAS,202501250PHO
Johnny Davis,Reserves: Did Not Play,WAS,202501250PHO
Anthony Gill,Reserves: Did Not Play,WAS,202501250PHO
Richaun Holmes,Reserves: Did Not Play,WAS,202501250PHO
Tristan Vukcevic,Reserves: Did Not Play,WAS,202501250PHO
Devin Booker,Starter,PHO,202501250PHO
Kevin Durant,Starter,PHO,202501250PHO
Nick Richards,Starter,PHO,202501250PHO
Tyus Jones,Starter,PHO,202501250PHO
Ryan Dunn,Starter,PHO,202501250PHO
Bradley Beal,Reserves,PHO,202501250PHO
Grayson Allen,Reserves,PHO,202501250PHO
Royce O'Neale,Reserves,PHO,202501250PHO
Mason Plumlee,Reserves,PHO,202501250PHO
Bol Bol,Reserves: Did Not Play,PHO,202501250PHO
Collin Gillespie,Reserves: Did Not Play,PHO,202501250PHO
Oso Ighodaro,Reserves: Did Not Play,PHO,202501250PHO
Damion Lee,Reserves: Did Not Play,PHO,202501250PHO
Monte Morris,Reserves: Did Not Play,PHO,202501250PHO
Jusuf Nurkić,Reserves: Did Not Play,PHO,202501250PHO
Trey Murphy III,Starter,NOP,202412080SAS
Herbert Jones,Starter,NOP,202412080SAS
CJ McCollum,Starter,NOP,202412080SAS
Dejounte Murray,Starter,NOP,202412080SAS
Yves Missi,Starter,NOP,202412080SAS
Brandon Boston Jr.,Reserves,NOP,202412080SAS
Jeremiah Robinson-Earl,Reserves,NOP,202412080SAS
Jamal Cain,Reserves,NOP,202412080SAS
Antonio Reeves,Reserves,NOP,202412080SAS
Trey Jemison,Reserves,NOP,202412080SAS
Javonte Green,Reserves: Did Not Dress,NOP,202412080SAS
Daniel Theis,Reserves,NOP,202412080SAS
Julian Champagnie,Starter,SAS,202412080SAS
Stephon Castle,Starter,SAS,202412080SAS
Harrison Barnes,Starter,SAS,202412080SAS
Chris Paul,Starter,SAS,202412080SAS
Victor Wembanyama,Starter,SAS,202412080SAS
Devin Vassell,Reserves,SAS,202412080SAS
Jeremy Sochan,Reserves,SAS,202412080SAS
Charles Bassey,Reserves,SAS,202412080SAS
Keldon Johnson,Reserves,SAS,202412080SAS
Zach Collins,Reserves,SAS,202412080SAS
Malaki Branham,Reserves: Did Not Play,SAS,202412080SAS
Sidy Cissoko,Reserves: Did Not Play,SAS,202412080SAS
Sandro Mamukelashvili,Reserves: Did Not Play,SAS,202412080SAS
Blake Wesley,Reserves: Did Not Play,SAS,202412080SAS
Max Strus,Starter,CLE,202501290MIA
Evan Mobley,Starter,CLE,202501290MIA
Donovan Mitchell,Starter,CLE,202501290MIA
Jaylon Tyson,Starter,CLE,202501290MIA
Jarrett Allen,Starter,CLE,202501290MIA
Ty Jerome,Reserves,CLE,202501290MIA
Georges Niang,Reserves,CLE,202501290MIA
Craig Porter Jr.,Reserves,CLE,202501290MIA
Tristan Thompson,Reserves,CLE,202501290MIA
Emoni Bates,Reserves,CLE,202501290MIA
Darius Garland,Reserves: Did Not Dress,CLE,202501290MIA
Bam Adebayo,Starter,MIA,202501290MIA
Tyler Herro,Starter,MIA,202501290MIA
Duncan Robinson,Starter,MIA,202501290MIA
Kel'el Ware,Starter,MIA,202501290MIA
Haywood Highsmith,Starter,MIA,202501290MIA
Terry Rozier,Reserves,MIA,202501290MIA
Nikola Jović,Reserves,MIA,202501290MIA
Pelle Larsson,Reserves,MIA,202501290MIA
Jaime Jaquez Jr.,Reserves,MIA,202501290MIA
Josh Christopher,Reserves,MIA,202501290MIA
Alec Burks,Reserves: Did Not Play,MIA,202501290MIA
Keshad Johnson,Reserves: Did Not Play,MIA,202501290MIA
Kevin Love,Reserves: Did Not Play,MIA,202501290MIA
Josh Richardson,Reserves: Did Not Dress,MIA,202501290MIA
Rudy Gobert,Starter,MIN,202412080GSW
Julius Randle,Starter,MIN,202412080GSW
Anthony Edwards,Starter,MIN,202412080GSW
Jaden McDaniels,Starter,MIN,202412080GSW
Mike Conley,Starter,MIN,202412080GSW
Nickeil Alexander-Walker,Reserves,MIN,202412080GSW
Naz Reid,Reserves,MIN,202412080GSW
Donte DiVincenzo,Reserves,MIN,202412080GSW
Josh Minott,Reserves,MIN,202412080GSW
PJ Dozier,Reserves: Did Not Play,MIN,202412080GSW
Luka Garza,Reserves: Did Not Play,MIN,202412080GSW
Daishen Nix,Reserves: Did Not Play,MIN,202412080GSW
Terrence Shannon Jr. ,Reserves: Did Not Play,MIN,202412080GSW
Jonathan Kuminga,Starter,GSW,202412080GSW
Stephen Curry,Starter,GSW,202412080GSW
Buddy Hield,Starter,GSW,202412080GSW
Draymond Green,Starter,GSW,202412080GSW
Gary Payton II,Starter,GSW,202412080GSW
Lindy Waters III,Reserves,GSW,202412080GSW
Kevon Looney,Reserves,GSW,202412080GSW
Brandin Podziemski,Reserves,GSW,202412080GSW
Kyle Anderson,Reserves,GSW,202412080GSW
Moses Moody,Reserves,GSW,202412080GSW
Trayce Jackson-Davis,Reserves: Did Not Play,GSW,202412080GSW
Gui Santos,Reserves: Did Not Play,GSW,202412080GSW
Pat Spencer,Reserves: Did Not Play,GSW,202412080GSW
Josh Hart,Starter,NYK,202412300WAS
Jalen Brunson,Starter,NYK,202412300WAS
Mikal Bridges,Starter,NYK,202412300WAS
OG Anunoby,Starter,NYK,202412300WAS
Karl-Anthony Towns,Starter,NYK,202412300WAS
Precious Achiuwa,Reserves,NYK,202412300WAS
Miles McBride,Reserves,NYK,202412300WAS
Landry Shamet,Reserves,NYK,202412300WAS
Cameron Payne,Reserves,NYK,202412300WAS
Tyler Kolek,Reserves,NYK,202412300WAS
Jericho Sims,Reserves,NYK,202412300WAS
Jacob Toppin,Reserves,NYK,202412300WAS
Matt Ryan,Reserves,NYK,202412300WAS
Pacome Dadiet,Reserves: Did Not Play,NYK,202412300WAS
Ariel Hukporti,Reserves: Did Not Play,NYK,202412300WAS
Bilal Coulibaly,Starter,WAS,202412300WAS
Malcolm Brogdon,Starter,WAS,202412300WAS
Carlton Carrington,Starter,WAS,202412300WAS
Alex Sarr,Starter,WAS,202412300WAS
Justin Champagnie,Starter,WAS,202412300WAS
Kyshawn George,Reserves,WAS,202412300WAS
Corey Kispert,Reserves,WAS,202412300WAS
Jonas Valančiūnas,Reserves,WAS,202412300WAS
Kyle Kuzma,Reserves,WAS,202412300WAS
Jared Butler,Reserves,WAS,202412300WAS
Anthony Gill,Reserves,WAS,202412300WAS
Patrick Baldwin Jr.,Reserves,WAS,202412300WAS
Johnny Davis,Reserves,WAS,202412300WAS
Tristan Vukcevic,Reserves,WAS,202412300WAS
Richaun Holmes,Reserves: Did Not Play,WAS,202412300WAS
D'Angelo Russell,Starter,LAL,202412020MIN
Anthony Davis,Starter,LAL,202412020MIN
LeBron James,Starter,LAL,202412020MIN
Rui Hachimura,Starter,LAL,202412020MIN
Dalton Knecht,Starter,LAL,202412020MIN
Gabe Vincent,Reserves,LAL,202412020MIN
Max Christie,Reserves,LAL,202412020MIN
Armel Traoré,Reserves,LAL,202412020MIN
Cam Reddish,Reserves,LAL,202412020MIN
Maxwell Lewis,Reserves,LAL,202412020MIN
Christian Koloko,Reserves,LAL,202412020MIN
Jalen Hood-Schifino,Reserves: Did Not Dress,LAL,202412020MIN
Rudy Gobert,Starter,MIN,202412020MIN
Anthony Edwards,Starter,MIN,202412020MIN
Julius Randle,Starter,MIN,202412020MIN
Jaden McDaniels,Starter,MIN,202412020MIN
Mike Conley,Starter,MIN,202412020MIN
Donte DiVincenzo,Reserves,MIN,202412020MIN
Naz Reid,Reserves,MIN,202412020MIN
Nickeil Alexander-Walker,Reserves,MIN,202412020MIN
Josh Minott,Reserves,MIN,202412020MIN
Luka Garza,Reserves,MIN,202412020MIN
Terrence Shannon Jr. ,Reserves,MIN,202412020MIN
PJ Dozier,Reserves,MIN,202412020MIN
Daishen Nix,Reserves,MIN,202412020MIN
Toumani Camara,Starter,POR,202501230ORL
Jerami Grant,Starter,POR,202501230ORL
Anfernee Simons,Starter,POR,202501230ORL
Deni Avdija,Starter,POR,202501230ORL
Robert Williams,Starter,POR,202501230ORL
Shaedon Sharpe,Reserves,POR,202501230ORL
Jabari Walker,Reserves,POR,202501230ORL
Scoot Henderson,Reserves,POR,202501230ORL
Dalano Banton,Reserves,POR,202501230ORL
Kris Murray,Reserves,POR,202501230ORL
Duop Reath,Reserves,POR,202501230ORL
Bryce McGowens,Reserves,POR,202501230ORL
Justin Minaya,Reserves,POR,202501230ORL
Rayan Rupert,Reserves,POR,202501230ORL
Donovan Clingan,Reserves: Did Not Dress,POR,202501230ORL
Kentavious Caldwell-Pope,Starter,ORL,202501230ORL
Paolo Banchero,Starter,ORL,202501230ORL
Anthony Black,Starter,ORL,202501230ORL
Franz Wagner,Starter,ORL,202501230ORL
Wendell Carter Jr.,Starter,ORL,202501230ORL
Tristan Da Silva,Reserves,ORL,202501230ORL
Jonathan Isaac,Reserves,ORL,202501230ORL
Jett Howard,Reserves,ORL,202501230ORL
Cory Joseph,Reserves,ORL,202501230ORL
Caleb Houstan,Reserves,ORL,202501230ORL
Trevelin Queen,Reserves,ORL,202501230ORL
Cole Anthony,Reserves: Did Not Dress,ORL,202501230ORL
Jaime Jaquez Jr.,Starter,MIA,202412020BOS
Tyler Herro,Starter,MIA,202412020BOS
Haywood Highsmith,Starter,MIA,202412020BOS
Bam Adebayo,Starter,MIA,202412020BOS
Duncan Robinson,Starter,MIA,202412020BOS
Terry Rozier,Reserves,MIA,202412020BOS
Dru Smith,Reserves,MIA,202412020BOS
Pelle Larsson,Reserves,MIA,202412020BOS
Thomas Bryant,Reserves,MIA,202412020BOS
Alec Burks,Reserves,MIA,202412020BOS
Keshad Johnson,Reserves,MIA,202412020BOS
Jimmy Butler,Reserves: Did Not Dress,MIA,202412020BOS
Nikola Jović,Reserves,MIA,202412020BOS
Kevin Love,Reserves: Did Not Dress,MIA,202412020BOS
Josh Richardson,Reserves,MIA,202412020BOS
Jayson Tatum,Starter,BOS,202412020BOS
Derrick White,Starter,BOS,202412020BOS
Jaylen Brown,Starter,BOS,202412020BOS
Luke Kornet,Starter,BOS,202412020BOS
Jordan Walsh,Starter,BOS,202412020BOS
Payton Pritchard,Reserves,BOS,202412020BOS
Drew Peterson,Reserves,BOS,202412020BOS
Neemias Queta,Reserves,BOS,202412020BOS
Xavier Tillman Sr.,Reserves,BOS,202412020BOS
Baylor Scheierman,Reserves,BOS,202412020BOS
JD Davison,Reserves,BOS,202412020BOS
Jaden Springer,Reserves,BOS,202412020BOS
Kristaps Porziņģis,Reserves: Did Not Dress,BOS,202412020BOS
Fred VanVleet,Starter,HOU,202501280ATL
Jalen Green,Starter,HOU,202501280ATL
Dillon Brooks,Starter,HOU,202501280ATL
Amen Thompson,Starter,HOU,202501280ATL
Alperen Şengün,Starter,HOU,202501280ATL
Jae'Sean Tate,Reserves,HOU,202501280ATL
Cam Whitmore,Reserves,HOU,202501280ATL
Aaron Holiday,Reserves,HOU,202501280ATL
Jock Landale,Reserves,HOU,202501280ATL
Steven Adams,Reserves: Did Not Dress,HOU,202501280ATL
Tari Eason,Reserves: Did Not Dress,HOU,202501280ATL
Jeff Green,Reserves: Did Not Play,HOU,202501280ATL
Reed Sheppard,Reserves: Did Not Play,HOU,202501280ATL
Jabari Smith Jr.,Reserves: Did Not Dress,HOU,202501280ATL
Jeenathan Williams,Reserves: Did Not Play,HOU,202501280ATL
Dyson Daniels,Starter,ATL,202501280ATL
Vit Krejci,Starter,ATL,202501280ATL
Trae Young,Starter,ATL,202501280ATL
Onyeka Okongwu,Starter,ATL,202501280ATL
Mouhamed Gueye,Starter,ATL,202501280ATL
De'Andre Hunter,Reserves,ATL,202501280ATL
Keaton Wallace,Reserves,ATL,202501280ATL
Larry Nance Jr.,Reserves,ATL,202501280ATL
Garrison Mathews,Reserves,ATL,202501280ATL
Dominick Barlow,Reserves: Did Not Play,ATL,202501280ATL
Clint Capela,Reserves: Did Not Dress,ATL,202501280ATL
David Roddy,Reserves: Did Not Play,ATL,202501280ATL
Victor Wembanyama,Starter,SAS,202412010SAC
Chris Paul,Starter,SAS,202412010SAC
Stephon Castle,Starter,SAS,202412010SAC
Julian Champagnie,Starter,SAS,202412010SAC
Harrison Barnes,Starter,SAS,202412010SAC
Keldon Johnson,Reserves,SAS,202412010SAC
Devin Vassell,Reserves,SAS,202412010SAC
Tre Jones,Reserves,SAS,202412010SAC
Zach Collins,Reserves,SAS,202412010SAC
Charles Bassey,Reserves,SAS,202412010SAC
Malaki Branham,Reserves: Did Not Play,SAS,202412010SAC
Sidy Cissoko,Reserves: Did Not Play,SAS,202412010SAC
Sandro Mamukelashvili,Reserves: Did Not Play,SAS,202412010SAC
Blake Wesley,Reserves: Did Not Play,SAS,202412010SAC
Keegan Murray,Starter,SAC,202412010SAC
DeMar DeRozan,Starter,SAC,202412010SAC
Malik Monk,Starter,SAC,202412010SAC
Domantas Sabonis,Starter,SAC,202412010SAC
De'Aaron Fox,Starter,SAC,202412010SAC
Isaac Jones,Reserves,SAC,202412010SAC
Keon Ellis,Reserves,SAC,202412010SAC
Jae Crowder,Reserves,SAC,202412010SAC
Colby Jones,Reserves,SAC,202412010SAC
Alex Len,Reserves: Did Not Play,SAC,202412010SAC
Doug McDermott,Reserves: Did Not Play,SAC,202412010SAC
Jordan McLaughlin,Reserves: Did Not Play,SAC,202412010SAC
Orlando Robinson,Reserves: Did Not Play,SAC,202412010SAC
DeMar DeRozan,Starter,SAC,202412280LAL
De'Aaron Fox,Starter,SAC,202412280LAL
Malik Monk,Starter,SAC,202412280LAL
Keegan Murray,Starter,SAC,202412280LAL
Domantas Sabonis,Starter,SAC,202412280LAL
Kevin Huerter,Reserves,SAC,202412280LAL
Trey Lyles,Reserves,SAC,202412280LAL
Keon Ellis,Reserves,SAC,202412280LAL
Alex Len,Reserves,SAC,202412280LAL
Colby Jones,Reserves,SAC,202412280LAL
Jae Crowder,Reserves: Did Not Play,SAC,202412280LAL
Isaac Jones,Reserves: Did Not Play,SAC,202412280LAL
Doug McDermott,Reserves: Did Not Play,SAC,202412280LAL
Jordan McLaughlin,Reserves: Did Not Play,SAC,202412280LAL
Orlando Robinson,Reserves: Did Not Play,SAC,202412280LAL
Austin Reaves,Starter,LAL,202412280LAL
Anthony Davis,Starter,LAL,202412280LAL
Rui Hachimura,Starter,LAL,202412280LAL
Max Christie,Starter,LAL,202412280LAL
Gabe Vincent,Starter,LAL,202412280LAL
Dalton Knecht,Reserves,LAL,202412280LAL
D'Angelo Russell,Reserves,LAL,202412280LAL
Cam Reddish,Reserves,LAL,202412280LAL
Christian Koloko,Reserves,LAL,202412280LAL
Armel Traoré,Reserves: Did Not Play,LAL,202412280LAL
Jaxson Hayes,Reserves: Did Not Play,LAL,202412280LAL
Quincy Olivari,Reserves: Did Not Play,LAL,202412280LAL
Tyrese Haliburton,Starter,IND,202412030TOR
Myles Turner,Starter,IND,202412030TOR
Bennedict Mathurin,Starter,IND,202412030TOR
Pascal Siakam,Starter,IND,202412030TOR
Andrew Nembhard,Starter,IND,202412030TOR
Jarace Walker,Reserves,IND,202412030TOR
T.J. McConnell,Reserves,IND,202412030TOR
Obi Toppin,Reserves,IND,202412030TOR
Enrique Freeman,Reserves,IND,202412030TOR
Moses Brown,Reserves,IND,202412030TOR
Johnny Furphy,Reserves: Did Not Play,IND,202412030TOR
Quenton Jackson,Reserves: Did Not Play,IND,202412030TOR
James Johnson,Reserves: Did Not Play,IND,202412030TOR
Tristen Newton,Reserves: Did Not Play,IND,202412030TOR
Ben Sheppard,Reserves: Did Not Dress,IND,202412030TOR
RJ Barrett,Starter,TOR,202412030TOR
Scottie Barnes,Starter,TOR,202412030TOR
Ochai Agbaji,Starter,TOR,202412030TOR
Jakob Poeltl,Starter,TOR,202412030TOR
Ja'Kobe Walter,Starter,TOR,202412030TOR
Davion Mitchell,Reserves,TOR,202412030TOR
Jonathan Mogbo,Reserves,TOR,202412030TOR
Chris Boucher,Reserves,TOR,202412030TOR
Jamison Battle,Reserves,TOR,202412030TOR
Jamal Shead,Reserves,TOR,202412030TOR
Bruno Fernando,Reserves: Did Not Play,TOR,202412030TOR
Garrett Temple,Reserves: Did Not Play,TOR,202412030TOR
Ayo Dosunmu,Starter,CHI,202501310TOR
Coby White,Starter,CHI,202501310TOR
Nikola Vučević,Starter,CHI,202501310TOR
Josh Giddey,Starter,CHI,202501310TOR
Lonzo Ball,Starter,CHI,202501310TOR
Patrick Williams,Reserves,CHI,202501310TOR
Matas Buzelis,Reserves,CHI,202501310TOR
Jalen Smith,Reserves,CHI,202501310TOR
Dalen Terry,Reserves,CHI,202501310TOR
Jevon Carter,Reserves: Did Not Play,CHI,202501310TOR
Chris Duarte,Reserves: Did Not Play,CHI,202501310TOR
Talen Horton-Tucker,Reserves: Did Not Play,CHI,202501310TOR
Julian Phillips,Reserves: Did Not Play,CHI,202501310TOR
Jakob Poeltl,Starter,TOR,202501310TOR
Scottie Barnes,Starter,TOR,202501310TOR
RJ Barrett,Starter,TOR,202501310TOR
Gradey Dick,Starter,TOR,202501310TOR
Immanuel Quickley,Starter,TOR,202501310TOR
Davion Mitchell,Reserves,TOR,202501310TOR
Ochai Agbaji,Reserves,TOR,202501310TOR
Ja'Kobe Walter,Reserves,TOR,202501310TOR
Bruce Brown,Reserves,TOR,202501310TOR
Orlando Robinson,Reserves,TOR,202501310TOR
Garrett Temple,Reserves,TOR,202501310TOR
Chris Boucher,Reserves: Did Not Play,TOR,202501310TOR
Kelly Olynyk,Reserves: Did Not Play,TOR,202501310TOR
Jaden McDaniels,Starter,MIN,202501220DAL
Anthony Edwards,Starter,MIN,202501220DAL
Julius Randle,Starter,MIN,202501220DAL
Mike Conley,Starter,MIN,202501220DAL
Rudy Gobert,Starter,MIN,202501220DAL
Nickeil Alexander-Walker,Reserves,MIN,202501220DAL
Naz Reid,Reserves,MIN,202501220DAL
Rob Dillingham,Reserves,MIN,202501220DAL
Jaylen Clark,Reserves: Did Not Play,MIN,202501220DAL
Luka Garza,Reserves: Did Not Play,MIN,202501220DAL
Joe Ingles,Reserves: Did Not Play,MIN,202501220DAL
Leonard Miller,Reserves: Did Not Play,MIN,202501220DAL
Josh Minott,Reserves: Did Not Play,MIN,202501220DAL
Kyrie Irving,Starter,DAL,202501220DAL
Quentin Grimes,Starter,DAL,202501220DAL
P.J. Washington,Starter,DAL,202501220DAL
Daniel Gafford,Starter,DAL,202501220DAL
Olivier-Maxence Prosper,Starter,DAL,202501220DAL
Spencer Dinwiddie,Reserves,DAL,202501220DAL
Maxi Kleber,Reserves,DAL,202501220DAL
Kessler Edwards,Reserves,DAL,202501220DAL
Brandon Williams,Reserves,DAL,202501220DAL
Jazian Gortman,Reserves: Did Not Play,DAL,202501220DAL
Markieff Morris,Reserves: Did Not Play,DAL,202501220DAL
Klay Thompson,Reserves: Did Not Dress,DAL,202501220DAL
Michael Porter Jr.,Starter,DEN,202501040SAS
Nikola Jokić,Starter,DEN,202501040SAS
Jamal Murray,Starter,DEN,202501040SAS
Russell Westbrook,Starter,DEN,202501040SAS
Christian Braun,Starter,DEN,202501040SAS
Peyton Watson,Reserves,DEN,202501040SAS
Julian Strawther,Reserves,DEN,202501040SAS
DeAndre Jordan,Reserves,DEN,202501040SAS
Jalen Pickett,Reserves,DEN,202501040SAS
Hunter Tyson,Reserves,DEN,202501040SAS
Zeke Nnaji,Reserves: Did Not Play,DEN,202501040SAS
Dario Šarić,Reserves: Did Not Play,DEN,202501040SAS
Victor Wembanyama,Starter,SAS,202501040SAS
Devin Vassell,Starter,SAS,202501040SAS
Harrison Barnes,Starter,SAS,202501040SAS
Chris Paul,Starter,SAS,202501040SAS
Jeremy Sochan,Starter,SAS,202501040SAS
Keldon Johnson,Reserves,SAS,202501040SAS
Julian Champagnie,Reserves,SAS,202501040SAS
Tre Jones,Reserves,SAS,202501040SAS
Stephon Castle,Reserves,SAS,202501040SAS
Zach Collins,Reserves,SAS,202501040SAS
Charles Bassey,Reserves,SAS,202501040SAS
Malaki Branham,Reserves: Did Not Play,SAS,202501040SAS
Sidy Cissoko,Reserves: Did Not Play,SAS,202501040SAS
Sandro Mamukelashvili,Reserves: Did Not Play,SAS,202501040SAS
Blake Wesley,Reserves: Did Not Play,SAS,202501040SAS
Stephen Curry,Starter,GSW,202412030DEN
Andrew Wiggins,Starter,GSW,202412030DEN
Jonathan Kuminga,Starter,GSW,202412030DEN
Kevon Looney,Starter,GSW,202412030DEN
Brandin Podziemski,Starter,GSW,202412030DEN
Trayce Jackson-Davis,Reserves,GSW,202412030DEN
Buddy Hield,Reserves,GSW,202412030DEN
Moses Moody,Reserves,GSW,202412030DEN
Kyle Anderson,Reserves,GSW,202412030DEN
Gary Payton II,Reserves,GSW,202412030DEN
Gui Santos,Reserves: Did Not Play,GSW,202412030DEN
Pat Spencer,Reserves: Did Not Play,GSW,202412030DEN
Lindy Waters III,Reserves: Did Not Play,GSW,202412030DEN
Nikola Jokić,Starter,DEN,202412030DEN
Christian Braun,Starter,DEN,202412030DEN
Jamal Murray,Starter,DEN,202412030DEN
Aaron Gordon,Starter,DEN,202412030DEN
Michael Porter Jr.,Starter,DEN,202412030DEN
Russell Westbrook,Reserves,DEN,202412030DEN
Julian Strawther,Reserves,DEN,202412030DEN
Peyton Watson,Reserves,DEN,202412030DEN
Zeke Nnaji,Reserves,DEN,202412030DEN
PJ Hall,Reserves: Did Not Play,DEN,202412030DEN
DeAndre Jordan,Reserves: Did Not Play,DEN,202412030DEN
Jalen Pickett,Reserves: Did Not Play,DEN,202412030DEN
Dario Šarić,Reserves: Did Not Play,DEN,202412030DEN
Hunter Tyson,Reserves: Did Not Play,DEN,202412030DEN
Jalen Green,Starter,HOU,202501300MEM
Amen Thompson,Starter,HOU,202501300MEM
Fred VanVleet,Starter,HOU,202501300MEM
Dillon Brooks,Starter,HOU,202501300MEM
Steven Adams,Starter,HOU,202501300MEM
Tari Eason,Reserves,HOU,202501300MEM
Cam Whitmore,Reserves,HOU,202501300MEM
Jock Landale,Reserves,HOU,202501300MEM
Jae'Sean Tate,Reserves,HOU,202501300MEM
Jeff Green,Reserves: Did Not Play,HOU,202501300MEM
Aaron Holiday,Reserves: Did Not Play,HOU,202501300MEM
Alperen Şengün,Reserves: Did Not Play,HOU,202501300MEM
Reed Sheppard,Reserves: Did Not Play,HOU,202501300MEM
Jabari Smith Jr.,Reserves: Did Not Play,HOU,202501300MEM
Jeenathan Williams,Reserves: Did Not Play,HOU,202501300MEM
Desmond Bane,Starter,MEM,202501300MEM
Luke Kennard,Starter,MEM,202501300MEM
Jaren Jackson Jr.,Starter,MEM,202501300MEM
Jaylen Wells,Starter,MEM,202501300MEM
Zach Edey,Starter,MEM,202501300MEM
Brandon Clarke,Reserves,MEM,202501300MEM
Santi Aldama,Reserves,MEM,202501300MEM
Scotty Pippen Jr.,Reserves,MEM,202501300MEM
Jake LaRavia,Reserves,MEM,202501300MEM
GG Jackson II,Reserves,MEM,202501300MEM
Jay Huff,Reserves: Did Not Play,MEM,202501300MEM
Yuki Kawamura,Reserves: Did Not Play,MEM,202501300MEM
John Konchar,Reserves: Did Not Play,MEM,202501300MEM
Zyon Pullin,Reserves: Did Not Play,MEM,202501300MEM
Jaren Jackson Jr.,Starter,MEM,202501040GSW
Jaylen Wells,Starter,MEM,202501040GSW
Desmond Bane,Starter,MEM,202501040GSW
Scotty Pippen Jr.,Starter,MEM,202501040GSW
Zach Edey,Starter,MEM,202501040GSW
Jake LaRavia,Reserves,MEM,202501040GSW
Brandon Clarke,Reserves,MEM,202501040GSW
Jay Huff,Reserves,MEM,202501040GSW
Cam Spencer,Reserves,MEM,202501040GSW
Colin Castleton,Reserves: Did Not Play,MEM,202501040GSW
Luke Kennard,Reserves: Did Not Play,MEM,202501040GSW
John Konchar,Reserves: Did Not Play,MEM,202501040GSW
Andrew Wiggins,Starter,GSW,202501040GSW
Dennis Schröder,Starter,GSW,202501040GSW
Draymond Green,Starter,GSW,202501040GSW
Trayce Jackson-Davis,Starter,GSW,202501040GSW
Buddy Hield,Starter,GSW,202501040GSW
Lindy Waters III,Reserves,GSW,202501040GSW
Kyle Anderson,Reserves,GSW,202501040GSW
Jonathan Kuminga,Reserves,GSW,202501040GSW
Pat Spencer,Reserves,GSW,202501040GSW
Moses Moody,Reserves,GSW,202501040GSW
Kevon Looney,Reserves: Did Not Play,GSW,202501040GSW
Gui Santos,Reserves: Did Not Play,GSW,202501040GSW
Jalen Williams,Starter,OKC,202501100NYK
Cason Wallace,Starter,OKC,202501100NYK
Isaiah Hartenstein,Starter,OKC,202501100NYK
Shai Gilgeous-Alexander,Starter,OKC,202501100NYK
Luguentz Dort,Starter,OKC,202501100NYK
Isaiah Joe,Reserves,OKC,202501100NYK
Kenrich Williams,Reserves,OKC,202501100NYK
Aaron Wiggins,Reserves,OKC,202501100NYK
Jaylin Williams,Reserves,OKC,202501100NYK
Branden Carlson,Reserves,OKC,202501100NYK
Alex Ducas,Reserves,OKC,202501100NYK
Alex Caruso,Reserves: Did Not Dress,OKC,202501100NYK
OG Anunoby,Starter,NYK,202501100NYK
Jalen Brunson,Starter,NYK,202501100NYK
Mikal Bridges,Starter,NYK,202501100NYK
Josh Hart,Starter,NYK,202501100NYK
Karl-Anthony Towns,Starter,NYK,202501100NYK
Miles McBride,Reserves,NYK,202501100NYK
Landry Shamet,Reserves,NYK,202501100NYK
Cameron Payne,Reserves,NYK,202501100NYK
Ariel Hukporti,Reserves,NYK,202501100NYK
Jacob Toppin,Reserves,NYK,202501100NYK
Precious Achiuwa,Reserves,NYK,202501100NYK
Tyler Kolek,Reserves,NYK,202501100NYK
Matt Ryan,Reserves,NYK,202501100NYK
Jericho Sims,Reserves: Did Not Play,NYK,202501100NYK
DeMar DeRozan,Starter,SAC,202501050GSW
Domantas Sabonis,Starter,SAC,202501050GSW
Malik Monk,Starter,SAC,202501050GSW
Keegan Murray,Starter,SAC,202501050GSW
Keon Ellis,Starter,SAC,202501050GSW
Trey Lyles,Reserves,SAC,202501050GSW
Devin Carter,Reserves,SAC,202501050GSW
Kevin Huerter,Reserves,SAC,202501050GSW
Alex Len,Reserves,SAC,202501050GSW
Jordan McLaughlin,Reserves,SAC,202501050GSW
Doug McDermott,Reserves,SAC,202501050GSW
Orlando Robinson,Reserves,SAC,202501050GSW
Jae Crowder,Reserves: Did Not Play,SAC,202501050GSW
Stephen Curry,Starter,GSW,202501050GSW
Andrew Wiggins,Starter,GSW,202501050GSW
Draymond Green,Starter,GSW,202501050GSW
Dennis Schröder,Starter,GSW,202501050GSW
Trayce Jackson-Davis,Starter,GSW,202501050GSW
Moses Moody,Reserves,GSW,202501050GSW
Lindy Waters III,Reserves,GSW,202501050GSW
Buddy Hield,Reserves,GSW,202501050GSW
Kyle Anderson,Reserves,GSW,202501050GSW
Kevon Looney,Reserves,GSW,202501050GSW
Pat Spencer,Reserves,GSW,202501050GSW
Gui Santos,Reserves,GSW,202501050GSW
Scottie Barnes,Starter,TOR,202412230NYK
RJ Barrett,Starter,TOR,202412230NYK
Gradey Dick,Starter,TOR,202412230NYK
Jonathan Mogbo,Starter,TOR,202412230NYK
Ochai Agbaji,Starter,TOR,202412230NYK
Ja'Kobe Walter,Reserves,TOR,202412230NYK
Chris Boucher,Reserves,TOR,202412230NYK
Kelly Olynyk,Reserves,TOR,202412230NYK
Jamison Battle,Reserves,TOR,202412230NYK
Davion Mitchell,Reserves,TOR,202412230NYK
A.J. Lawson,Reserves,TOR,202412230NYK
Ulrich Chomche,Reserves,TOR,202412230NYK
Bruno Fernando,Reserves: Did Not Play,TOR,202412230NYK
Jamal Shead,Reserves: Did Not Dress,TOR,202412230NYK
Garrett Temple,Reserves: Did Not Play,TOR,202412230NYK
Mikal Bridges,Starter,NYK,202412230NYK
OG Anunoby,Starter,NYK,202412230NYK
Jalen Brunson,Starter,NYK,202412230NYK
Karl-Anthony Towns,Starter,NYK,202412230NYK
Josh Hart,Starter,NYK,202412230NYK
Miles McBride,Reserves,NYK,202412230NYK
Precious Achiuwa,Reserves,NYK,202412230NYK
Cameron Payne,Reserves,NYK,202412230NYK
Jericho Sims,Reserves,NYK,202412230NYK
Landry Shamet,Reserves,NYK,202412230NYK
Tyler Kolek,Reserves,NYK,202412230NYK
Jacob Toppin,Reserves,NYK,202412230NYK
Pacome Dadiet,Reserves: Did Not Play,NYK,202412230NYK
Ariel Hukporti,Reserves: Did Not Play,NYK,202412230NYK
Jamal Murray,Starter,DEN,202501170MIA
Nikola Jokić,Starter,DEN,202501170MIA
Michael Porter Jr.,Starter,DEN,202501170MIA
Christian Braun,Starter,DEN,202501170MIA
Russell Westbrook,Starter,DEN,202501170MIA
Julian Strawther,Reserves,DEN,202501170MIA
Aaron Gordon,Reserves,DEN,202501170MIA
Peyton Watson,Reserves,DEN,202501170MIA
DeAndre Jordan,Reserves,DEN,202501170MIA
Hunter Tyson,Reserves,DEN,202501170MIA
PJ Hall,Reserves,DEN,202501170MIA
Zeke Nnaji,Reserves,DEN,202501170MIA
Jalen Pickett,Reserves,DEN,202501170MIA
Dario Šarić,Reserves: Did Not Play,DEN,202501170MIA
Tyler Herro,Starter,MIA,202501170MIA
Jimmy Butler,Starter,MIA,202501170MIA
Bam Adebayo,Starter,MIA,202501170MIA
Duncan Robinson,Starter,MIA,202501170MIA
Haywood Highsmith,Starter,MIA,202501170MIA
Nikola Jović,Reserves,MIA,202501170MIA
Terry Rozier,Reserves,MIA,202501170MIA
Jaime Jaquez Jr.,Reserves,MIA,202501170MIA
Kel'el Ware,Reserves,MIA,202501170MIA
Keshad Johnson,Reserves,MIA,202501170MIA
Pelle Larsson,Reserves,MIA,202501170MIA
Alec Burks,Reserves: Did Not Play,MIA,202501170MIA
Kevin Love,Reserves: Did Not Play,MIA,202501170MIA
Josh Richardson,Reserves: Did Not Dress,MIA,202501170MIA
Andrew Nembhard,Starter,IND,202501160DET
Pascal Siakam,Starter,IND,202501160DET
Myles Turner,Starter,IND,202501160DET
Tyrese Haliburton,Starter,IND,202501160DET
Aaron Nesmith,Starter,IND,202501160DET
Jarace Walker,Reserves,IND,202501160DET
Obi Toppin,Reserves,IND,202501160DET
Ben Sheppard,Reserves,IND,202501160DET
T.J. McConnell,Reserves,IND,202501160DET
Thomas Bryant,Reserves,IND,202501160DET
RayJ Dennis,Reserves: Did Not Play,IND,202501160DET
Johnny Furphy,Reserves: Did Not Play,IND,202501160DET
Quenton Jackson,Reserves: Did Not Play,IND,202501160DET
James Johnson,Reserves: Did Not Play,IND,202501160DET
Bennedict Mathurin,Reserves,IND,202501160DET
Cade Cunningham,Starter,DET,202501160DET
Tobias Harris,Starter,DET,202501160DET
Tim Hardaway Jr.,Starter,DET,202501160DET
Jalen Duren,Starter,DET,202501160DET
Ausar Thompson,Starter,DET,202501160DET
Malik Beasley,Reserves,DET,202501160DET
Isaiah Stewart,Reserves,DET,202501160DET
Simone Fontecchio,Reserves,DET,202501160DET
Marcus Sasser,Reserves,DET,202501160DET
Ron Holland,Reserves,DET,202501160DET
Wendell Moore Jr.,Reserves: Did Not Play,DET,202501160DET
Paul Reed,Reserves: Did Not Play,DET,202501160DET
Tyrese Martin,Starter,BRK,202412020CHI
Keon Johnson,Starter,BRK,202412020CHI
Dennis Schröder,Starter,BRK,202412020CHI
Jalen Wilson,Starter,BRK,202412020CHI
Nic Claxton,Starter,BRK,202412020CHI
Shake Milton,Reserves,BRK,202412020CHI
Dariq Whitehead,Reserves,BRK,202412020CHI
Trendon Watford,Reserves,BRK,202412020CHI
Day'Ron Sharpe,Reserves,BRK,202412020CHI
Cui Yongxi,Reserves,BRK,202412020CHI
Dorian Finney-Smith,Reserves,BRK,202412020CHI
Cameron Johnson,Reserves: Did Not Play,BRK,202412020CHI
Josh Giddey,Starter,CHI,202412020CHI
Ayo Dosunmu,Starter,CHI,202412020CHI
Nikola Vučević,Starter,CHI,202412020CHI
Julian Phillips,Starter,CHI,202412020CHI
Zach LaVine,Starter,CHI,202412020CHI
Matas Buzelis,Reserves,CHI,202412020CHI
Dalen Terry,Reserves,CHI,202412020CHI
Talen Horton-Tucker,Reserves,CHI,202412020CHI
Jalen Smith,Reserves,CHI,202412020CHI
Lonzo Ball,Reserves,CHI,202412020CHI
E.J. Liddell,Reserves,CHI,202412020CHI
Chris Duarte,Reserves,CHI,202412020CHI
Jevon Carter,Reserves,CHI,202412020CHI
Torrey Craig,Reserves: Did Not Play,CHI,202412020CHI